41526,1
AANAT,1
AARS,1
AASS,4
ABCA1,6
ABCA12,2
ABCA3,1
ABCA4,12
ABCB11,2
ABCB4,1
ABCB7,2
ABCC2,2
ABCC6,1
ABCC8,72
ABCC9,4
ABCD1,2
ABCG5,2
ABCG8,2
ABHD5,1
ABL1,84
ACAD9,1
ACADM,3
ACADS,3
ACADSB,2
ACADVL,2
ACAN,2
ACE,34
ACOX1,1
ACP2,1
ACSL4,3
ACTA1,3
ACTA2,1
ACTB,6
ACTC1,3
ACTN4,2
ACVR1,2
ACVR2B,2
ACVRL1,1
ADA,16
ADAM33,1
ADAM9,1
ADAMTS10,1
ADAMTS13,1
ADAMTS17,1
ADAMTS2,1
ADAMTS9,1
ADAMTSL2,1
ADAMTSL4,1
ADAR,3
ADCK3,2
ADIPOQ,1
ADRB2,48
ADSL,1
AFF1,1
AFF2,1
AFG3L2,1
AGA,1
AGL,1
AGPAT2,1
AGPS,1
AGRN,4
AGT,3
AGTR1,11
AGTR2,1
AGXT,7
AHCY,4
AHI1,1
AICDA,1
AIFM1,1
AIMP1,1
AIPL1,1
AIRE,1
AK1,1
AKAP9,1
AKR1D1,1
AKT1,50
AKT2,64
ALAD,8
ALDH2,12
ALDH3A2,1
ALDH4A1,1
ALDH5A1,3
ALDOB,1
ALG1,1
ALG12,1
ALG2,1
ALG3,1
ALG6,1
ALG8,1
ALG9,1
ALK,1
ALMS1,1
ALOX12B,1
ALOXE3,1
ALPL,1
ALS2,2
ALX1,1
ALX3,2
ALX4,2
AMACR,2
AMELX,1
AMER1,1
AMH,1
AMHR2,1
AMT,3
ANG,3
ANK1,1
ANK2,1
ANKH,1
ANKRD26,1
ANO10,1
ANO5,2
ANTXR2,1
AOX1,1
AP3B1,1
AP4B1,1
AP4E1,1
AP4M1,1
AP4S1,1
APC,10
APC2,1
APOA1,12
APOA2,3
APOA5,1
APOB,4
APOC2,3
APOE,18
APP,4
APRT,4
APTX,2
AQP2,1
AR,164
ARAF,1
ARFGEF2,1
ARG1,12
ARHGEF6,2
ARHGEF9,6
ARL13B,1
ARL6,2
ARMS2,1
ARSA,2
ARSB,3
ARVCF,1
ARX,4
ASAH1,1
ASCL1,1
ASL,3
ASPA,1
ASPM,1
ASPSCR1,1
ASS1,4
ASXL1,1
ATCAY,1
ATF1,3
ATG16L1,1
ATIC,7
ATL1,1
ATM,12
ATN1,1
ATP13A2,1
ATP1A2,2
ATP1A3,1
ATP2A1,2
ATP2A2,4
ATP2C1,7
ATP6,1
ATP6AP2,1
ATP6V0A2,3
ATP6V0A4,3
ATP6V1B1,3
ATP7A,4
ATP7B,1
ATP8B1,1
ATPAF2,1
ATR,6
ATRX,4
ATXN1,1
ATXN10,1
ATXN2,1
ATXN3,1
ATXN7,1
AUH,1
AVP,3
AVPR2,10
AXIN1,2
AXIN2,2
B4GALT1,24
B4GALT7,4
BAAT,1
BACH2,1
BAX,1
BBS1,1
BBS10,1
BBS12,1
BBS2,1
BBS4,1
BBS5,1
BBS7,1
BBS9,1
BCKDHA,1
BCKDHB,1
BCL2,56
BCL6,1
BCOR,1
BCR,4
BCS1L,2
BDNF,1
BEAN1,1
BEST1,3
BIN1,1
BLK,1
BLM,2
BLNK,1
BLOC1S3,1
BMI1,1
BMP15,2
BMP4,1
BMPR1A,2
BMPR1B,2
BPGM,1
BRAF,54
BRCA1,6
BRCA2,8
BRIP1,1
BSCL2,3
BSND,1
BTK,2
C10orf2,1
C12orf65,1
C1QA,1
C1QB,1
C1QC,1
C1QTNF6,1
C1R,1
C1S,11
C2,2
C2orf71,1
C3,4
C4A,2
C4BPA,1
C4BPB,1
C5,4
C6,1
C7,1
C8A,1
C8B,1
C8G,1
C9,1
CA2,190
CA4,16
CABP4,1
CACNA1A,24
CACNA1C,72
CACNA1F,3
CACNA1S,1
CACNA2D4,1
CACNB2,3
CACNB4,4
CADM1,1
CANT1,2
CAPN10,1
CAPN3,2
CARD9,1
CASK,1
CASP10,2
CASP8,2
CASQ2,1
CASR,1
CAT,2
CAV1,2
CAV3,3
CBL,3
CBS,5
CBX2,1
CC2D1A,1
CC2D2A,3
CCDC39,1
CCDC40,1
CCDC6,1
CCM2,1
CCND1,7
CCND2,1
CCNE1,2
CCNE2,2
CD14,1
CD151,2
CD19,3
CD226,1
CD2AP,1
CD3D,1
CD3E,1
CD40,2
CD40LG,1
CD44,3
CD55,2
CD59,1
CD79A,1
CD79B,1
CD8A,1
CD96,1
CDAN1,1
CDC73,1
CDH1,24
CDH15,2
CDH23,2
CDH3,2
CDHR1,1
CDK4,6
CDK5RAP2,1
CDKAL1,1
CDKL5,2
CDKN1A,5
CDKN1B,5
CDKN1C,2
CDKN2A,21
CDKN2B,9
CDSN,1
CDT1,3
CEBPA,1
CEBPE,1
CEL,1
CENPJ,2
CEP152,1
CEP290,5
CERKL,1
CFB,2
CFC1,2
CFD,4
CFH,3
CFI,1
CFL2,1
CFP,1
CFTR,21
CHAT,2
CHD7,2
CHEK2,1
CHM,1
CHMP2B,1
CHN1,1
CHRNA1,2
CHRNA2,20
CHRNA4,20
CHRNB1,1
CHRNB2,2
CHRND,2
CHRNE,1
CHRNG,1
CHST14,2
CHST3,2
CHST6,2
CHUK,4
CIITA,2
CIRH1A,1
CISD2,1
CLCF1,1
CLCN1,1
CLCN2,1
CLCN5,1
CLCN7,1
CLCNKA,1
CLCNKB,1
CLDN1,1
CLDN14,1
CLEC16A,1
CLEC7A,1
CLN3,2
CLN5,2
CLN6,2
CLN8,2
CLRN1,1
CNBP,1
CNGA1,1
CNGA3,1
CNGB1,1
CNGB3,2
CNNM4,1
CNTNAP2,1
COA5,1
COCH,1
COG1,1
COG7,1
COG8,1
COL10A1,1
COL11A1,2
COL11A2,4
COL17A1,2
COL18A1,2
COL1A1,9
COL1A2,6
COL2A1,9
COL3A1,3
COL4A1,9
COL4A3,6
COL4A4,6
COL4A5,3
COL5A1,3
COL5A2,3
COL6A1,6
COL6A2,3
COL6A3,3
COL7A1,2
COL8A2,2
COL9A2,3
COL9A3,3
COLQ,1
COMP,2
COQ2,2
COQ9,1
COX1,1
COX15,1
COX3,1
COX4I2,1
COX6B1,1
CPOX,1
CPS1,1
CPT1A,4
CPT2,2
CRB1,2
CRBN,1
CREBBP,8
CRELD1,1
CRLF1,1
CRP,1
CRTAP,1
CRX,2
CRYAB,2
CRYBA4,1
CSF1R,4
CSRP3,1
CST3,1
CSTB,1
CTH,5
CTLA4,4
CTNNB1,24
CTNND2,1
CTNS,1
CTRC,2
CTSA,2
CTSB,28
CTSC,2
CTSD,48
CTSH,1
CTSK,2
CUL4B,1
CUL7,2
CX3CR1,1
CXCR4,4
CYB5A,2
CYB5R3,3
CYBA,2
CYBB,2
CYCS,14
CYLD,3
CYP11A1,4
CYP11B1,12
CYP11B2,4
CYP17A1,12
CYP19A1,20
CYP1B1,1
CYP21A2,4
CYP27A1,1
CYP27B1,2
CYP4F22,1
CYP4V2,1
CYP7B1,2
CYTB,9
DAG1,1
DAPK1,3
DARS2,1
DBH,3
DBT,1
DCAF17,1
DCC,9
DCLRE1C,1
DCN,2
DCTN1,9
DCX,1
DCXR,2
DDB1,1
DDB2,1
DDIT3,1
DDR2,1
DDX11,1
DDX5,1
DES,4
DFNA5,1
DFNB31,2
DGUOK,1
DHCR24,1
DHCR7,2
DHH,1
DKC1,2
DLAT,3
DLD,6
DLG3,2
DLL3,1
DLX3,2
DMD,3
DMGDH,1
DMP1,1
DMPK,1
DMRT1,1
DNAAF1,1
DNAAF2,1
DNAH11,1
DNAH5,1
DNAI1,1
DNAI2,1
DNAJC19,1
DNM2,10
DNMT3B,1
DOCK8,1
DOK7,2
DOLK,1
DPAGT1,1
DPM1,1
DPP6,1
DPYD,7
DPYS,1
DSC2,1
DSC3,1
DSG1,1
DSG2,1
DSG4,1
DSP,5
DSPP,1
DTNBP1,1
DUOX2,1
DUX4,1
DYM,1
DYNC1H1,2
DYNC2H1,2
DYSF,3
ECM1,1
EDA,2
EDAR,1
EDARADD,1
EDN3,3
EDNRB,8
EFEMP1,1
EFEMP2,1
EFHC1,1
EFNB1,1
EGF,8
EGFR,352
EGLN1,1
EGR2,1
EHMT1,1
EIF2AK3,2
EIF2B1,2
EIF2B2,2
EIF2B3,2
EIF2B4,2
EIF2B5,2
ELANE,5
ELK4,1
ELN,2
ELOVL4,1
EMD,2
EMG1,1
EML4,1
ENAM,1
ENG,1
ENPP1,6
ENTPD1,1
EOMES,1
EP300,6
EPAS1,1
EPB41,1
EPB42,1
EPCAM,1
EPHX1,1
EPM2A,1
EPOR,4
EPX,1
ERBB2,108
ERBB3,6
ERCC1,1
ERCC2,6
ERCC3,5
ERCC4,1
ERCC5,1
ERCC6,3
ERCC8,2
ERG,2
ESCO2,1
ESPN,1
ETFA,1
ETFB,1
ETFDH,1
ETV1,2
ETV4,2
ETV5,1
ETV6,1
EVC,1
EVC2,1
EWSR1,4
EXT1,4
EXT2,4
EYA1,1
EYS,1
F11,9
F12,2
F13A1,2
F13B,1
F2,300
F5,4
F8,2
F9,4
FAH,1
FAM126A,1
FAM161A,1
FAM20C,1
FANCA,1
FANCB,1
FANCC,1
FANCD2,1
FANCE,1
FANCF,1
FANCG,1
FANCI,1
FANCL,1
FANCM,1
FAS,4
FASLG,1
FASTKD2,1
FBLN1,1
FBLN5,2
FBN1,12
FBN2,1
FBP1,1
FBXO7,1
FCGR2A,1
FCGR2B,1
FCGR3A,2
FCGR3B,19
FECH,1
FERMT1,1
FERMT3,1
FEV,1
FGA,54
FGB,4
FGD1,1
FGD4,1
FGF10,6
FGF14,1
FGF23,3
FGF3,3
FGF8,3
FGFR1,16
FGFR2,54
FGFR3,18
FGG,4
FH,3
FHIT,6
FHL1,4
FIG4,2
FIGF,2
FKBP10,1
FKRP,3
FKTN,3
FLCN,2
FLG,1
FLI1,1
FLNA,8
FLNB,2
FLNC,1
FLT3,3
FLT4,5
FLVCR1,1
FMR1,2
FOXC1,1
FOXC2,1
FOXE1,1
FOXE3,1
FOXF1,1
FOXG1,1
FOXI1,1
FOXL2,2
FOXN1,1
FOXO1,4
FOXP2,1
FOXP3,2
FOXRED1,1
FRAS1,1
FREM1,2
FREM2,1
FRMD7,1
FSCN2,1
FSHR,15
FTL,4
FTO,2
FTSJ1,1
FUCA1,1
FUS,4
FXN,2
FZD4,1
G6PC,2
G6PC3,2
G6PD,4
GAA,2
GABRA1,134
GABRD,1
GABRG2,4
GAD1,2
GALC,1
GALE,7
GALK1,1
GALNS,2
GALT,1
GAMT,8
GARS,2
GATA1,2
GATA4,1
GATM,6
GBA,12
GBE1,1
GCDH,2
GCH1,2
GCK,30
GCLC,2
GCNT2,1
GCSH,1
GDAP1L1,1
GDF1,2
GDF3,2
GDF5,4
GDF6,2
GDI1,1
GDNF,2
GFAP,1
GFM1,1
GGCX,14
GH1,2
GHR,4
GHRH,1
GHRHR,2
GIGYF2,1
GJA1,3
GJA5,1
GJB1,1
GJB2,5
GJB3,3
GJB4,1
GJB6,2
GJC2,1
GK,1
GLA,1
GLB1,6
GLDC,2
GLE1,2
GLI2,1
GLI3,2
GLIS2,1
GLIS3,1
GLMN,1
GLRA1,11
GLRB,2
GLRX5,2
GLUL,4
GM2A,4
GNAI2,4
GNAS,12
GNAT1,1
GNAT2,1
GNE,3
GNMT,4
GNPAT,1
GNPTAB,1
GNPTG,1
GNRHR,9
GNS,3
GORAB,1
GP1BA,1
GP1BB,1
GP9,1
GPC3,3
GPC6,3
GPD1L,1
GPHN,1
GPI,8
GPR143,2
GPR56,1
GPR98,2
GPX1,1
GRHPR,1
GRIA3,3
GRIK2,21
GRK1,1
GRM6,1
GRN,1
GSN,4
GSS,6
GSTP1,13
GSTT1,1
GTF2H5,1
GUCA1A,1
GUCA1B,1
GUCY2D,2
GUSB,2
GYS1,1
GYS2,1
H19,2
H6PD,1
HADH,4
HADHA,2
HAL,1
HAMP,1
HAX1,1
HBA1,2
HBA2,20
HBB,60
HCCS,1
HCN4,2
HDAC4,2
HDC,2
HEPACAM,1
HES7,1
HESX1,2
HEXA,2
HEXB,6
HFE,1
HFE2,1
HGD,1
HGSNAT,2
HHEX,1
HIBCH,1
HK1,8
HLA-DMA,1
HLA-DPA1,1
HLA-DPB1,1
HLA-DQA1,5
HLA-DQB1,8
HLA-DRB1,21
HLCS,1
HMBS,1
HMCN1,1
HMGCL,1
HMGCS2,1
HMX1,1
HNF1A,1
HNF1B,3
HNF4A,2
HOXA1,1
HOXA11,1
HOXA13,2
HOXD10,1
HOXD13,4
HPD,2
HPGD,1
HPRT1,7
HPS1,1
HPS3,1
HPS4,1
HPS5,1
HPS6,1
HPSE2,2
HR,3
HRAS,210
HRG,1
HSD11B1,36
HSD11B2,1
HSD17B10,9
HSD17B3,2
HSD17B4,3
HSD3B2,12
HSD3B7,2
HSPB1,2
HSPB11,1
HSPB8,2
HSPD1,2
HSPG2,3
HTRA1,1
HTRA2,1
HTT,1
HUWE1,1
HYAL1,2
HYMAI,1
ICAM1,4
ICK,1
ICOS,1
IDH3B,1
IDS,2
IDUA,2
IFIH1,1
IFNG,4
IFNGR1,2
IFNGR2,2
IFT122,1
IGBP1,1
IGF1,6
IGF1R,18
IGF2,9
IGF2BP2,1
IGF2R,1
IGHMBP2,1
IGLL1,1
IHH,2
IKBKG,6
IL10,2
IL12B,2
IL12RB1,1
IL13,2
IL17F,1
IL17RA,1
IL1A,1
IL1RAPL1,1
IL1RN,1
IL2,14
IL21,1
IL23R,1
IL2RA,8
IL2RG,1
IL4,1
IL4R,1
IL6,1
IL7R,1
IMPDH1,10
IMPG2,1
INF2,1
INHA,1
INPP5E,1
INS,15
INSL3,1
INSR,20
INVS,1
IQCB1,1
IQSEC2,1
IRAK4,1
IRF6,2
ITGA2B,6
ITGA6,4
ITGA7,1
ITGA9,2
ITGB2,3
ITGB3,32
ITGB4,3
ITPR1,5
ITPR3,5
IVD,2
IYD,1
JAG1,6
JAK2,3
JAK3,1
JAZF1,1
JPH3,1
JUP,2
KAL1,1
KANK1,1
KARS,1
KCNA1,8
KCNA5,1
KCNC3,1
KCNE1,1
KCNE2,2
KCNE3,1
KCNH2,42
KCNJ1,8
KCNJ10,1
KCNJ11,42
KCNJ13,2
KCNJ18,1
KCNJ2,4
KCNJ5,1
KCNK9,1
KCNQ1,8
KCNQ1OT1,1
KCNQ2,6
KCNQ4,1
KCNV2,1
KDM5C,1
KERA,2
KIAA0196,1
KIAA1279,2
KIF1B,1
KIF21A,1
KIF5A,2
KIRREL3,1
KISS1R,2
KIT,60
KITLG,3
KLF1,1
KLF11,1
KLHL7,1
KLK4,1
KLKB1,2
KMT2A,2
KMT2D,1
KRAS,90
KRIT1,1
KRT1,4
KRT10,2
KRT12,1
KRT13,1
KRT14,3
KRT16,2
KRT17,1
KRT2,1
KRT3,1
KRT4,1
KRT5,2
KRT6A,1
KRT6B,1
KRT74,1
KRT75,1
KRT81,1
KRT83,1
KRT85,1
KRT86,1
KRT9,1
L1CAM,6
LAMA2,1
LAMA3,9
LAMB2,1
LAMB3,3
LAMC2,3
LAMP2,1
LARGE,2
LBR,2
LCA5,1
LCAT,1
LCK,52
LCT,1
LDB3,2
LDLR,6
LEMD3,2
LEPRE1,1
LFNG,1
LGI1,1
LHCGR,18
LHX3,1
LHX4,1
LIFR,1
LIG1,3
LIG4,2
LIPA,1
LIPH,2
LITAF,1
LMAN1,1
LMBR1,3
LMBRD1,1
LMF1,1
LMNA,45
LMO2,1
LMX1B,1
LOC100132941,2
LOR,1
LPAR6,2
LPIN2,1
LPL,4
LRAT,4
LRP2,16
LRP4,1
LRP5,4
LRRC8A,1
LRRC8B,1
LRRC8C,1
LRRC8D,1
LRRC8E,1
LRRK2,2
LTBP3,1
LTBP4,1
LYL1,1
LYST,1
LYZ,1
MAF,1
MAGT1,1
MAMLD1,4
MAN2B1,1
MANBA,1
MAOA,40
MAP2K1,40
MAP2K2,5
MAPT,3
MASP2,1
MASTL,2
MAT1A,4
MATN3,2
MATR3,1
MBD5,1
MBL2,2
MBTPS2,4
MC2R,2
MCCC1,1
MCCC2,1
MCEE,1
MCFD2,1
MCOLN1,1
MCPH1,1
MDM2,50
MECOM,1
MECP2,3
MED12,4
MED13L,1
MED25,2
MEF2C,4
MEFV,1
MEN1,8
MERTK,1
MESP2,1
MET,30
MFN2,1
MFRP,1
MFSD8,2
MGAT2,1
MGP,1
MICA,1
MID1,1
MITF,3
MKKS,2
MKS1,2
MLC1,1
MLH1,4
MLH3,1
MLLT1,1
MLPH,1
MMAA,2
MMAB,1
MMACHC,1
MMADHC,1
MMP1,18
MMP13,14
MMP2,18
MMP20,1
MMP9,36
MNX1,1
MOCS1,1
MOCS2,2
MOGS,1
MPDU1,1
MPI,1
MPL,1
MPLKIP,1
MPO,5
MPV17,1
MPZ,1
MRE11A,4
MRPS16,1
MRPS22,1
MS4A2,1
MSH2,3
MSH3,1
MSH6,2
MSX1,3
MSX2,2
MTHFD1,5
MTHFR,6
MTM1,1
MTMR2,1
MTNR1B,3
MTR,4
MTRR,6
MTTP,2
MUSK,1
MUT,2
MUTYH,1
MVK,1
MYBPC3,2
MYC,39
MYCN,2
MYF6,1
MYH11,2
MYH3,1
MYH6,2
MYH7,5
MYH8,2
MYH9,6
MYL2,1
MYL3,1
MYLK,1
MYO15A,1
MYO3A,1
MYO5A,3
MYO6,4
MYO7A,3
MYOC,1
MYOT,3
NAA25,1
NAGA,1
NAGLU,2
NAGS,1
NAIP,1
NBN,2
NCF1,2
NCF2,2
NCOA4,1
NCSTN,3
ND1,1
ND2,1
ND4,1
ND4L,1
ND5,1
ND6,1
NDN,1
NDP,1
NDRG1,1
NDUFA1,1
NDUFA11,1
NDUFAF2,1
NDUFAF3,1
NDUFAF4,1
NDUFAF5,1
NDUFAF6,1
NDUFS1,1
NDUFS2,1
NDUFS3,1
NDUFS4,1
NDUFS6,1
NDUFS7,1
NDUFS8,1
NDUFV1,1
NDUFV2,1
NEB,2
NEFH,1
NEFL,1
NEK1,1
NEK8,1
NEU1,3
NEUROD1,1
NF1,1
NF2,2
NFKBIA,6
NFKBIE,1
NHEJ1,1
NHLRC1,1
NHP2,1
NIPA1,1
NIPAL4,1
NIPBL,2
NKX2-1,1
NKX2-5,3
NKX2-6,1
NKX3-1,1
NKX3-2,1
NLGN4X,1
NLRP12,1
NLRP3,1
NLRP7,1
NME8,1
NOD2,4
NODAL,1
NOG,4
NOP10,1
NOP56,1
NOS2,78
NOTCH1,12
NOTCH2,15
NOTCH3,5
NPC1,1
NPC2,1
NPHP1,3
NPHP3,4
NPHP4,2
NPHS1,1
NPHS2,1
NPPA,2
NPR2,2
NR0B1,4
NR2E3,2
NR3C1,39
NR3C2,22
NR4A2,1
NR4A3,1
NR5A1,2
NRAS,45
NRL,1
NRXN1,1
NSD1,2
NSDHL,2
NSMF,1
NT5C3A,1
NT5E,1
NTF4,1
NTRK1,6
NTRK2,1
NTRK3,1
NUBPL,1
NYX,1
OAT,4
OBSL1,1
OCA2,1
OCLN,1
OCRL,6
OFD1,2
OGDH,1
OPA1,2
OPA3,2
OPHN1,1
OPN1LW,4
OPN1MW,4
OPN1SW,2
OPTN,2
ORC1,3
ORC4,3
OSTM1,1
OTC,5
OTOA,1
OTOF,1
OTX2,2
PABPN1,5
PAFAH1B1,2
PAH,20
PAK3,1
PALB2,1
PANK2,2
PAPSS2,1
PARK2,1
PARK7,1
PAX2,1
PAX3,3
PAX4,1
PAX5,1
PAX6,3
PAX7,1
PAX8,2
PAX9,1
PBX1,1
PC,3
PCBD1,1
PCCA,1
PCCB,2
PCDH15,2
PCDH19,2
PCNT,2
PCSK9,1
PDCD1,1
PDCD10,1
PDE11A,2
PDE6A,1
PDE6B,2
PDE6C,1
PDE6G,1
PDE6H,1
PDE8B,1
PDGFA,8
PDGFB,8
PDGFRA,18
PDGFRB,21
PDHA1,1
PDHB,2
PDHX,1
PDP1,1
PDSS1,1
PDSS2,1
PDX1,3
PDYN,1
PER2,1
PEX1,1
PEX10,1
PEX12,1
PEX13,1
PEX14,1
PEX16,1
PEX19,1
PEX2,1
PEX26,1
PEX3,1
PEX5,1
PEX6,1
PEX7,2
PFKM,1
PGK1,1
PHEX,1
PHF6,1
PHF8,1
PHKA1,1
PHKA2,1
PHKB,1
PHKG2,1
PHOX2A,1
PHOX2B,1
PHYH,1
PIGA,1
PIGM,1
PIK3CA,6
PIKFYVE,1
PINK1,1
PIP5K1C,2
PITPNM3,1
PITX1,1
PITX2,1
PKD1,1
PKD2,1
PKHD1,1
PKLR,6
PKP1,1
PKP2,1
PLA2G6,4
PLAGL1,1
PLCB1,3
PLCE1,1
PLEC,6
PLEKHG5,1
PLEKHM1P,1
PLG,40
PLOD1,4
PLOD2,1
PLP1,2
PML,1
PMM2,1
PMP22,1
PMS2,1
PNKD,1
PNKP,1
PNP,19
PNPLA6,1
POLG,1
POLH,1
POLR1C,2
POLR1D,2
POMGNT1,3
POMP,1
POMT1,3
POMT2,3
POR,9
PORCN,1
POU1F1,1
POU4F3,1
PPARG,228
PPIB,1
PPOX,1
PPP2R2B,1
PPT1,2
PQBP1,2
PRCC,1
PRCD,1
PRF1,1
PRG4,1
PRICKLE1,1
PRKAG2,3
PRKAR1A,6
PRKCG,5
PRKCQ,15
PRKCSH,2
PRKRA,1
PRNP,1
PROC,4
PRODH,1
PROK2,1
PROKR2,1
PROM1,4
PROP1,1
PROS1,9
PRPF3,1
PRPF31,1
PRPF8,2
PRPH,1
PRPH2,3
PRPS1,3
PRSS1,101
PRSS12,1
PRSS2,2
PRX,1
PSAP,6
PSEN1,3
PSEN2,3
PSENEN,3
PSTPIP1,1
PTCH1,3
PTCH2,1
PTEN,32
PTF1A,1
PTGES2,1
PTGS2,168
PTH1R,4
PTPN11,12
PTPN14,1
PTPN2,1
PTPN22,1
PTPRC,2
PTS,1
PUS1,1
PVRL1,1
PVRL4,1
PYCR1,2
PYGL,13
PYGM,50
QDPR,3
RAB18,1
RAB23,1
RAB27A,1
RAB39B,1
RAB3GAP1,2
RAB3GAP2,1
RAB7A,1
RAC2,3
RAD50,2
RAD51C,1
RAG1,2
RAG2,2
RAI1,1
RAPSN,2
RARA,14
RARB,14
RARS2,1
RASA1,1
RASSF1,3
RAX,1
RAX2,2
RB1,16
RBBP8,1
RBM10,1
RBM28,1
RD3,1
RDH12,2
RDH5,4
RECQL4,3
REEP1,1
REL,1
RELN,1
REN,36
RET,4
RFT1,1
RFX5,2
RFXANK,2
RFXAP,2
RGR,1
RGS9,1
RGS9BP,1
RHAG,3
RHO,84
RIMS1,1
RIN2,1
RLBP1,4
RMRP,3
RNASEH2A,1
RNASEH2B,1
RNASEH2C,1
RNASET2,1
RNF168,1
RNU4ATAC,1
ROBO2,1
ROR2,2
ROS1,1
RP1,1
RP1L1,1
RP2,1
RP9,1
RPE65,4
RPGR,3
RPGRIP1,2
RPGRIP1L,3
RPL11,5
RPL35A,5
RPL5,5
RPS10,5
RPS17,5
RPS19,5
RPS24,5
RPS26,5
RPS6KA3,10
RPS7,5
RRM2B,1
RSPH4A,1
RSPH9,1
RSPO1,1
RSPO4,1
RUNX1,4
RUNX1T1,1
RUNX2,1
RXFP2,1
RYR1,3
RYR2,2
SAG,2
SALL1,1
SALL4,1
SAMHD1,1
SAR1B,4
SART3,1
SAT1,1
SBDS,3
SBF2,1
SCARB2,1
SCN1A,16
SCN1B,2
SCN2A,1
SCN3B,1
SCN4A,5
SCN4B,1
SCN5A,145
SCN9A,20
SCNN1A,4
SCNN1B,6
SCNN1G,6
SCP2,2
SDHA,10
SDHAF1,1
SDHD,1
SEC23A,4
SEC23B,1
SEC63,1
SEMA3E,1
SEMA4A,2
SEMA5A,1
SEPN1,2
SERPINA1,2
SERPINC1,10
SERPIND1,3
SERPINE1,28
SERPINF2,1
SERPING1,2
SETBP1,1
SETX,3
SFTPB,1
SFTPC,1
SGCA,2
SGCB,2
SGCD,3
SGCE,1
SGCG,2
SGSH,2
SH2B3,2
SH2D1A,1
SH3BP2,1
SH3TC2,1
SHH,4
SHOC2,1
SHOX,1
SHROOM4,1
SI,2
SIX1,1
SIX3,1
SIX5,1
SIX6,1
SLC10A2,1
SLC11A1,2
SLC12A1,12
SLC12A6,1
SLC16A2,1
SLC17A5,2
SLC1A1,6
SLC1A3,3
SLC22A12,1
SLC22A4,1
SLC22A5,2
SLC25A13,2
SLC25A19,1
SLC25A20,1
SLC25A22,1
SLC25A38,1
SLC26A2,2
SLC26A4,2
SLC26A5,1
SLC27A4,1
SLC29A3,1
SLC2A1,4
SLC2A10,1
SLC2A2,3
SLC2A9,1
SLC30A8,1
SLC33A1,1
SLC34A1,1
SLC34A2,1
SLC34A3,1
SLC35A1,1
SLC35C1,2
SLC35D1,2
SLC36A2,2
SLC37A4,2
SLC39A13,1
SLC39A4,1
SLC3A1,2
SLC40A1,1
SLC45A2,1
SLC45A3,1
SLC4A1,8
SLC4A11,2
SLC4A4,1
SLC52A3,1
SLC5A5,3
SLC6A19,6
SLC6A2,98
SLC6A20,3
SLC6A5,2
SLC6A8,3
SLC7A7,3
SLC7A9,3
SLC9A3R1,1
SLC9A6,1
SLITRK1,2
SLURP1,1
SMAD2,3
SMAD4,12
SMARCAL1,1
SMC1A,5
SMC3,3
SMN1,2
SMN2,2
SMO,1
SMPD1,1
SMS,1
SNAI2,2
SNAP29,1
SNCA,2
SNCB,1
SNRNP200,2
SNRPN,1
SNTA1,1
SOD1,1
SOS1,5
SOST,1
SOX10,2
SOX17,1
SOX18,1
SOX2,2
SOX3,4
SOX9,3
SPAST,1
SPATA7,2
SPG11,1
SPG20,1
SPG21,1
SPG7,1
SPI1,1
SPINK1,2
SPINK5,1
SPRED1,1
SPTA1,2
SPTAN1,3
SPTB,2
SPTBN2,2
SQSTM1,2
SRD5A2,6
SRPX2,1
SRY,2
SS18,1
SSX1,1
SSX2,1
ST14,2
ST3GAL3,4
ST3GAL5,1
STAR,4
STAT1,6
STAT3,6
STAT5B,3
STIL,1
STK11,4
STOM,1
STRA6,2
STRC,1
STS,2
STX11,2
STX16,2
STXBP1,2
SUCLA2,1
SUCLG1,1
SUFU,1
SUMF1,2
SURF1,1
SYCP3,2
SYN1,1
SYNE1,4
SYNE2,2
SYNGAP1,1
SYP,1
TAC3,1
TACR3,1
TACSTD2,1
TAF15,1
TAL1,1
TAP1,2
TAP2,2
TAPBP,1
TARDBP,1
TAT,4
TAZ,6
TBCE,2
TBP,3
TBX1,3
TBX15,1
TBX19,1
TBX20,1
TBX22,2
TBX3,1
TBX4,1
TBX5,1
TBXAS1,2
TCAP,1
TCF3,1
TCF4,1
TCF7L2,1
TCIRG1,3
TCOF1,1
TDP1,1
TECTA,2
TEK,1
TERC,1
TERT,1
TFAP2A,1
TFAP2B,1
TFE3,2
TFG,2
TFR2,1
TG,1
TGFA,2
TGFB1,12
TGFB2,4
TGFB3,10
TGFBI,4
TGFBR1,2
TGFBR2,3
TGIF1,2
TGM1,1
TGM5,1
TH,6
THAP1,1
THBD,2
TIMM8A,1
TIMP3,1
TINF2,2
TK2,2
TLR4,1
TLR5,1
TLX1,1
TLX3,1
TMC1,1
TMC6,1
TMC8,1
TMEM216,1
TMEM67,4
TMEM70,1
TMIE,1
TMPRSS15,1
TMPRSS2,1
TMPRSS3,1
TNF,40
TNFRSF11A,2
TNFRSF11B,1
TNFRSF13B,1
TNFRSF13C,1
TNFRSF1A,1
TNFRSF1B,1
TNFRSF6B,1
TNFSF11,1
TNFSF15,1
TNNI2,1
TNNI3,1
TNNT1,1
TNNT2,2
TNNT3,1
TNXB,1
TOPORS,1
TOR1A,1
TP53,72
TP63,6
TP73,1
TPI1,1
TPM1,2
TPM2,3
TPM3,4
TPMT,1
TPO,4
TPP1,2
TPR,4
TRAPPC2,1
TRAPPC9,1
TREM2,2
TREX1,3
TRIM32,1
TRIP11,1
TRNF,1
TRNH,1
TRNK,1
TRNL1,2
TRNS1,1
TRNS2,1
TRPC6,3
TRPM1,1
TRPS1,1
TRPV4,4
TSC1,2
TSC2,6
TSEN2,1
TSEN34,1
TSEN54,1
TSFM,1
TSHB,2
TSHR,1
TSPAN12,1
TSPAN31,1
TSPAN7,1
TSPY1,1
TTBK2,1
TTC19,1
TTC21B,1
TTC8,1
TTF1,2
TTN,6
TTPA,1
TTR,4
TUBA1A,42
TUBB3,21
TUFM,1
TULP1,2
TUSC3,1
TWIST1,1
TYK2,1
TYMP,1
TYR,4
TYROBP,3
TYRP1,1
UBA1,1
UBE3A,1
UBIAD1,1
UBR1,1
UCHL1,1
UGT1A1,1
UMOD,2
UMPS,1
UNC13D,1
UNG,1
UPB1,1
UPF3B,5
UPK3A,1
UQCRB,1
UQCRQ,1
UROD,2
UROS,1
USB1,1
USF1,1
USH1C,2
USH1G,1
USH2A,2
USP9Y,1
VANGL1,2
VAPB,2
VCAN,2
VCP,1
VDR,28
VEGFA,30
VEGFB,2
VEGFC,2
VHL,6
VIPAS39,1
VKORC1,6
VPS13A,1
VPS13B,1
VPS33B,1
VRK1,2
VSX1,2
VSX2,1
VWF,2
WAS,3
WDR19,1
WDR35,1
WDR36,1
WFS1,2
WHSC1,1
WISP3,1
WNK1,1
WNK4,1
WNT10A,2
WNT10B,1
WNT3,1
WNT4,3
WNT7A,2
WRN,1
WT1,2
XDH,6
XIAP,2
XIST,1
XK,2
XPA,1
XPC,1
XPNPEP3,1
YARS,6
YARS2,1
YWHAE,4
ZAP70,1
ZBTB16,2
ZDHHC15,1
ZDHHC9,1
ZEB1,2
ZEB2,1
ZFP57,1
ZFPM2,1
ZFYVE26,1
ZFYVE27,1
ZIC2,1
ZIC3,1
ZMPSTE24,2
ZNF41,1
ZNF423,1
ZNF469,1
ZNF513,1
ZNF592,1
ZNF750,1
ZNF81,1
