name,children,size
2-Sep,"STX1A	1",0.1
5-Sep,"STX1A	1",0.1
5-Sep,"STX4	1",0.1
AANAT,"F2	1",0.1
ABCB7,"FECH	1",0.1
ABCC2,"RDX	1",0.1
ABCD1,"ABCD3	1",0.1
ABCD2,"ABCD3	1",0.1
ABL1,"ROS1	1",0.1
ABL1,"JUN	1",0.1
ABL1,"CBL	1",0.1
ABL1,"PTPN6	1",0.1
ABL1,"ZAP70	1",0.1
ABL1,"RAD51	1",0.1
ABL1,"RB1	1",0.1
ABL1,"GRB2	1",0.1
ABL1,"SRC	1",0.1
ABL1,"TP53	1",0.1
ABL1,"NTRK1	1",0.1
ABL1,"BTK	1",0.1
ABL1,"RFX1	1",0.1
ABL1,"PTPN12	1",0.1
ABL1,"NCK1	1",0.1
ABL1,"SLC9A2	1",0.1
ABL1,"INPPL1	1",0.1
ABL1,"PRKDC	1",0.1
ABL1,"EPHB2	1",0.1
ABL1,"RAN	1",0.1
ABL1,"TUB	1",0.1
ABL1,"SOS2	1",0.1
ABL1,"BIN1	1",0.1
ABL1,"MAP4K1	1",0.1
ABL1,"TP73	1",0.1
ABL1,"CRKL	1",0.1
ABL1,"SH3BP2	1",0.1
ABL1,"CASP9	1",0.1
ABL1,"PXN	1",0.1
ABL1,"APBB1	1",0.1
ABL1,"GRIN2D	1",0.1
ABL1,"DOK1	1",0.1
ABL1,"BCAR1	1",0.1
ABL1,"RAD9A	1",0.1
ABL1,"MAP4K5	1",0.1
ABL1,"PAK2	1",0.1
ABL1,"WASF1	1",0.1
ABL1,"NCSTN	1",0.1
ABL1,"SORBS1	1",0.1
ABL1,"ADAM15	1",0.1
ABL1,"PAG1	1",0.1
ABL1,"RIN1	1",0.1
ABL1,"PSTPIP1	1",0.1
ABL1,"PTPN18	1",0.1
ABL1,"ATM	1",0.1
ABL1,"ABI2	1",0.1
ABL1,"PLSCR1	1",0.1
ABL1,"POLR2A	1",0.1
ABL1,"CTNND2	1",0.1
ABL1,"EVL	1",0.1
ABL1,"YTHDC1	1",0.1
ABL1,"GPX1	1",0.1
ABL1,"NEDD9	1",0.1
ABL1,"SORBS2	1",0.1
ABL1,"CABLES2	1",0.1
ABL1,"SHD	1",0.1
ABL1,"ZDHHC16	1",0.1
ABL1,"CABLES1	1",0.1
ABL1,"DOK3	1",0.1
ABL1,"ABI1	1",0.1
ABL1,"RAD52	1",0.1
ACBD3,"SMURF2	1",0.1
ACHE,"APP	1",0.1
ACHE,"COL4A1	1",0.1
ACOX1,"SLC2A4	1",0.1
ACOX1,"SCP2	1",0.1
ACOX3,"SMURF2	1",0.1
ACP1,"EPHA2	1",0.1
ACP1,"ZAP70	1",0.1
ACP1,"SPTAN1	1",0.1
ACP5,"SPP1	1",0.1
ACP5,"GPC4	1",0.1
ACR,"ZP2	1",0.1
ACR,"ZP3	1",0.1
ACTG1,PPP1R9A,0.1
ACTG1,"LGALS13	1",0.1
ACTG1,"DSTN	1",0.1
ACTL6A,"MYC	1",0.1
ACTN1,"SLC2A4	1",0.1
ACTN1,"GRIA4	1",0.1
ACTN1,"VCL	1",0.1
ACTN2,"ADORA2A	1",0.1
ACTN2,"ANG	1",0.1
ACTN2,"UTRN	1",0.1
ACTN2,"SELE	1",0.1
ACTN2,"GRIN2B	1",0.1
ACTN2,"KCNA4	1",0.1
ACTN2,"ACTN3	1",0.1
ACTN2,"DLG1	1",0.1
ACTN2,"ADAM12	1",0.1
ACTN2,"DLG4	1",0.1
ACTN2,"DISC1	1",0.1
ACTN2,"MYOZ2	1",0.1
ACTN2,"MYOZ1	1",0.1
ACTN2,"KCNA5	1",0.1
ACTN2,"CAMK2A	1",0.1
ACTN2,"CAMK2G	1",0.1
ACTN2,"CAMK2D	1",0.1
ACTN2,"NCOA2	1",0.1
ACTN2,"LRRC7	1",0.1
ACTN2,"PDLIM1	1",0.1
ACTN2,"PALLD	1",0.1
ACTN2,"MYPN	1",0.1
ACTN3,"NRAP	1",0.1
ACTN4,"SLC2A4	1",0.1
ACTN4,"PTPN11	1",0.1
ACVR1B,"TDGF1	1",0.1
ADAM17,"TIMP3	1",0.1
ADCY5,"PRKCA	1",0.1
ADCY5,"PRKCZ	1",0.1
ADCYAP1,"SCTR	1",0.1
ADD3,"PRKCA	1",0.1
ADRA1A,"FLNC	1",0.1
ADRA1B,"FLNC	1",0.1
ADRA1D,"FLNC	1",0.1
ADRB1,"ARRB1	1",0.1
ADRB2,"GRB2	1",0.1
ADRBK1,"ARRB1	1",0.1
AES,"GTF2E1	1",0.1
AGER,"S100A1	1",0.1
AGER,"S100B	1",0.1
AHR,"RB1	1",0.1
AHR,"GTF2F2	1",0.1
AKAP9,"CEP55	1",0.1
AKR1B1,"SMAD1	1",0.1
ALOX5,"GRB2	1",0.1
ALPP,"GPLD1	1",0.1
ALPP,"PIGK	1",0.1
AMBP,"F2	1",0.1
ANK1,"EPB42	1",0.1
ANK1,"RHAG	1",0.1
ANK1,"SPTAN1	1",0.1
ANK1,"TTN	1",0.1
ANK1,"L1CAM	1",0.1
ANK1,"TIAM1	1",0.1
ANK1,"OBSCN	1",0.1
ANK1,"NBPF3	1",0.1
ANK1,"NFASC	1",0.1
ANXA11,"SRI	1",0.1
ANXA2,"GRB2	1",0.1
ANXA7,"SRI	1",0.1
AP1B1,"ARRB2	1",0.1
AP1G1,"SPTB	1",0.1
AP2A1,"SMAD9	1",0.1
AP2A2,"SMAD1	1",0.1
AP2B1,"ARRB1	1",0.1
APBA1,"STX1A	1",0.1
APBA2,"LRP1	1",0.1
APBB1,"PRNP	1",0.1
APBB1,"LRP1	1",0.1
APBB1,"TFCP2	1",0.1
APC,"JUP	1",0.1
APC,"CSNK1E	1",0.1
APC,"PRKACA	1",0.1
APC,"PPP2R5A	1",0.1
APC,"KIFAP3	1",0.1
APC,"SIAH1	1",0.1
APC,"BUB1	1",0.1
APC,"MAPRE1	1",0.1
APC,"AXIN1	1",0.1
APC,"RP1	1",0.1
APC,"AXIN2	1",0.1
APC,"ARHGEF4	1",0.1
APC,"DLGAP1	1",0.1
APEX1,"CSNK2A1	1",0.1
APEX1,"GZMA	1",0.1
APEX1,"HSPA1A	1",0.1
APEX1,"XRCC6	1",0.1
APEX1,"NME1	1",0.1
APEX1,"HMGB2	1",0.1
APEX1,"PCNA	1",0.1
APEX1,"TXN	1",0.1
APEX1,"TP53	1",0.1
APEX1,"XRCC1	1",0.1
APEX1,"NXF2	1",0.1
APEX1,"FEN1	1",0.1
APEX1,"HDAC1	1",0.1
APEX1,"EP300	1",0.1
APEX1,"HNRNPL	1",0.1
APEX1,"HIF1A	1",0.1
APEX1,"MUTYH	1",0.1
APEX1,"ANP32C	1",0.1
APEX1,"DCTN1	1",0.1
APEX1,"POLB	1",0.1
APEX1,"ANP32A	1",0.1
APEX1,"SET	1",0.1
APEX1,"UBE2I	1",0.1
APOA1,"PDE1A	1",0.1
APOA1,"TTR	1",0.1
APOA1,"APOB	1",0.1
APOA2,"APOC1	1",0.1
APOA2,"APOD	1",0.1
APOA2,"C4A	1",0.1
APOA2,"PLTP	1",0.1
APOA2,"APOA1BP	1",0.1
APOA4,"GPLD1	1",0.1
APOB,"CALR	1",0.1
APOB,"CANX	1",0.1
APOB,"PPIB	1",0.1
APOB,"HSPA5	1",0.1
APOB,"HSPA1A	1",0.1
APOB,"HSP90AA1	1",0.1
APOB,"LIPC	1",0.1
APOB,"MTTP	1",0.1
APOB,"HSP90B1	1",0.1
APOB,"BGN	1",0.1
APOB,"LRP2	1",0.1
APOB,"LDLR	1",0.1
APOB,"PDIA4	1",0.1
APOB,"SEC61B	1",0.1
APOB,"HSPA8	1",0.1
APOB,"SEC61A2	1",0.1
APOD,"LEPR	1",0.1
APOE,"LRP1	1",0.1
APOE,"CTSB	1",0.1
APOE,"MAP2	1",0.1
APOE,"MAPT	1",0.1
APOE,"NEFM	1",0.1
APOE,"PLTP	1",0.1
APOE,"PRNP	1",0.1
APOE,"VLDLR	1",0.1
APOE,"LRP2	1",0.1
APOE,"SCARB1	1",0.1
APOE,"LRP8	1",0.1
APOE,"LDLR	1",0.1
APOF,"APOA2	1",0.1
APOF,"APOA1	1",0.1
APP,"EPB41	1",0.1
APP,"CLU	1",0.1
AQP1,"EPHB2	1",0.1
AQP1,"PICK1	1",0.1
AR,"JUN	1",0.1
AR,"CCND1	1",0.1
AR,"GNB2L1	1",0.1
AR,"RB1	1",0.1
AR,"GTF2F1	1",0.1
AR,"GTF2F2	1",0.1
AR,"GTF2H1	1",0.1
ARAF,"RRAS	1",0.1
ARAF,"PIK3R1	1",0.1
ARAF,"MAP2K1	1",0.1
ARAF,"PKM2	1",0.1
ARAF,"RABGGTB	1",0.1
ARAF,"HRAS	1",0.1
ARF3,"SLC2A4	1",0.1
ARF6,"ARRB1	1",0.1
ARF6,"ARRB2	1",0.1
ARG1,"ARG2	1",0.1
ARHGAP1,"PIK3R1	1",0.1
ARHGAP5,"SMURF2	1",0.1
ARHGDIA,"RDX	1",0.1
ARHGDIB,"VAV1	1",0.1
ARID3A,"E2F1	1",0.1
ARID4A,"EID1	1",0.1
ARID4A,"HDAC3	1",0.1
ARNT,"SMAD9	1",0.1
ARR3,"PTAFR	1",0.1
ARR3,"RHO	1",0.1
ARR3,"SRC	1",0.1
ARRB1,"CLTC	1",0.1
ARRB1,"CSK	1",0.1
ARRB1,"CXCR2	1",0.1
ARRB1,"FGR	1",0.1
ARRB1,"OPRD1	1",0.1
ARRB1,"PTH1R	1",0.1
ARRB1,"PTHLH	1",0.1
ARRB1,"MAPK1	1",0.1
ARRB1,"SLC9A5	1",0.1
ARRB1,"DVL1	1",0.1
ARRB1,"CCR5	1",0.1
ARRB1,"RALGDS	1",0.1
ARRB1,"NSF	1",0.1
ARRB1,"MAPK3	1",0.1
ARRB1,"DVL2	1",0.1
ARRB1,"CYTH2	1",0.1
ARRB1,"TRHR	1",0.1
ARRB2,"CSNK2A1	1",0.1
ARRB2,"CSNK2A2	1",0.1
ARRB2,"CLTC	1",0.1
ARRB2,"NTSR1	1",0.1
ARRB2,"MDM2	1",0.1
ARRB2,"OPRD1	1",0.1
ARRB2,"OXTR	1",0.1
ARRB2,"PTAFR	1",0.1
ARRB2,"AVPR2	1",0.1
ARRB2,"RALGDS	1",0.1
ARRB2,"MAP3K5	1",0.1
ARRB2,"CYTH2	1",0.1
ARRB2,"MAPK10	1",0.1
ARRB2,"NTS	1",0.1
ARRB2,"TRH	1",0.1
ARSF,"SNRNP70	1",0.1
ART1,"PDGFB	1",0.1
ATF3,"JUN	1",0.1
ATF3,"JUND	1",0.1
ATF4,"JUN	1",0.1
ATF4,"CEBPB	1",0.1
ATF4,"GTF2F2	1",0.1
ATM,"RAD51	1",0.1
ATM,"E2F1	1",0.1
ATN1,"PSMA3	1",0.1
ATN1,"GIGYF1	1",0.1
ATN1,"SIAH1	1",0.1
ATN1,"SIAH2	1",0.1
ATN1,"SLIT1	1",0.1
ATN1,"TEP1	1",0.1
ATN1,"TRIP6	1",0.1
ATN1,"PRRC2A	1",0.1
ATN1,"BAG6	1",0.1
ATN1,"GCC1	1",0.1
ATN1,"ALG13	1",0.1
ATN1,"KAT6A	1",0.1
ATN1,"RBM10	1",0.1
ATN1,"KRTAP4-12	1",0.1
ATN1,"LTBP4	1",0.1
ATN1,"NCK2	1",0.1
ATN1,"SYVN1	1",0.1
ATN1,"MEGF11	1",0.1
ATN1,"RHOXF2	1",0.1
ATN1,"PRRC2B	1",0.1
ATN1,"EFCAB4B	1",0.1
ATN1,"CHRD	1",0.1
ATN1,"CBFA2T2	1",0.1
ATP1A1,"CFL1	1",0.1
ATP1A1,"MAPK3	1",0.1
ATP1A1,"FXYD2	1",0.1
ATP1A1,"FXYD1	1",0.1
ATP1A1,"TPT1	1",0.1
ATP1A2,"TPT1	1",0.1
ATP1B1,"FXYD1	1",0.1
ATP1B2,"NGB	1",0.1
ATR,"FLT1	1",0.1
ATR,"E2F1	1",0.1
AVP,"OXTR	1",0.1
AVPR1A,"PRKCA	1",0.1
AXL,"GRB2	1",0.1
BAG1,"PDGFRB	1",0.1
BAG1,"RB1	1",0.1
BAG6,"PRPF40A	1",0.1
BAG6,"ZFYVE9	1",0.1
BCAT1,"SMAD5	1",0.1
BCHE,"COLQ	1",0.1
BCR,"YWHAB	1",0.1
BCR,"YWHAG	1",0.1
BCR,"YWHAH	1",0.1
BCR,"SFN	1",0.1
BCR,"YWHAE	1",0.1
BCR,"GRB2	1",0.1
BGN,"PLA2G1B	1",0.1
BICD1,"RAB6A	1",0.1
BIN1,"SOS1	1",0.1
BIN1,"MYC	1",0.1
BLK,"CBL	1",0.1
BLM,"RAD51	1",0.1
BLM,"RPA1	1",0.1
BLM,"SUMO2	1",0.1
BLM,"SUMO3	1",0.1
BMP4,"ZFYVE9	1",0.1
BMPR2,"PRKCB	1",0.1
BMPR2,"MOS	1",0.1
BMX,"ITK	1",0.1
BMX,"SRC	1",0.1
BRCA2,"RAD51	1",0.1
BSG,"SLC2A4	1",0.1
BTK,"VAV1	1",0.1
BTK,"LYN	1",0.1
BTK,"CBL	1",0.1
BTK,"PRKCB	1",0.1
BTK,"ITK	1",0.1
BTK,"PRKCZ	1",0.1
BTK,"PRKCQ	1",0.1
BTK,"PRKCE	1",0.1
BTK,"PRKCA	1",0.1
C1QBP,"MAPK1	1",0.1
C1QBP,"PRKCA	1",0.1
C1QBP,"PRKCD	1",0.1
C3,"LRP1	1",0.1
C4BPA,"LRP1	1",0.1
C6,"F2	1",0.1
C7,"PLG	1",0.1
C7,"CLU	1",0.1
C8A,"CD59	1",0.1
C9,"CD59	1",0.1
CA2,"SLC9A1	1",0.1
CACNA1A,"SYT1	1",0.1
CAD,"MAPK1	1",0.1
CALD1,"GRB2	1",0.1
CALM1,"REL	1",0.1
CALM1,"PTPRA	1",0.1
CALM1,"FER	1",0.1
CALM1,"RRAD	1",0.1
CALM1,"RALA	1",0.1
CALM1,"RALB	1",0.1
CALM1,"DDX5	1",0.1
CALM1,"SYT1	1",0.1
CALM1,"GRM3	1",0.1
CALM1,"GRM4	1",0.1
CALM1,"KRAS	1",0.1
CALR,"LRP1	1",0.1
CAMK2A,"PDC	1",0.1
CAMK2A,"CEBPB	1",0.1
CAMK2D,"RPS18	1",0.1
CAMK2G,"RRAD	1",0.1
CAMK2G,"RYR1	1",0.1
CAMK2G,"SPR	1",0.1
CAMK2G,"LRRC7	1",0.1
CAMP,"PRTN3	1",0.1
CANX,"IFNGR1	1",0.1
CANX,"LRP1	1",0.1
CAPN3,"FLNC	1",0.1
CAPZA1,"S100A1	1",0.1
CAPZA1,"S100B	1",0.1
CASK,"SDC3	1",0.1
CASP1,"TFAP2A	1",0.1
CASP3,"LYN	1",0.1
CASP3,"DSG3	1",0.1
CASP3,"TFAP2A	1",0.1
CASP3,"EIF2AK2	1",0.1
CASP3,"PRKCZ	1",0.1
CASP3,"RAD51	1",0.1
CASP3,"RB1	1",0.1
CASP3,"PTMA	1",0.1
CASP3,"SP1	1",0.1
CASP6,"TFAP2A	1",0.1
CASP7,"EIF2AK2	1",0.1
CASP8,"EIF2AK2	1",0.1
CASP8,"GMEB1	1",0.1
CASP9,"MAP2K1	1",0.1
CASP9,"MAPK1	1",0.1
CASP9,"GMEB1	1",0.1
CASQ2,"ANKRD1	1",0.1
CASR,"PRKCA	1",0.1
CASR,"PRKCB	1",0.1
CASR,"PRKCG	1",0.1
CAV1,"PDGFRA	1",0.1
CAV1,"PRNP	1",0.1
CAV1,"PTPN11	1",0.1
CAV1,"PTPN6	1",0.1
CAV1,"PTPN1	1",0.1
CAV1,"PTPRF	1",0.1
CAV1,"RCVRN	1",0.1
CAV1,"GRK1	1",0.1
CAV1,"SCP2	1",0.1
CAV1,"HRAS	1",0.1
CAV1,"SRC	1",0.1
CAV2,"SRC	1",0.1
CAV3,"SLC8A1	1",0.1
CBFA2T3,"PRKAR2A	1",0.1
CBL,"VAV1	1",0.1
CBL,"FGR	1",0.1
CBL,"LYN	1",0.1
CBL,"PLCG1	1",0.1
CBL,"PTPN6	1",0.1
CBL,"TYK2	1",0.1
CBL,"ZAP70	1",0.1
CBL,"ITK	1",0.1
CBL,"SRC	1",0.1
CBL,"NOTCH1	1",0.1
CBL,"SH3KBP1	1",0.1
CBL,"SYK	1",0.1
CBL,"SCN5A	1",0.1
CBL,"VAV2	1",0.1
CBL,"NCK1	1",0.1
CBL,"SHC1	1",0.1
CBL,"INPPL1	1",0.1
CBL,"SLA	1",0.1
CBL,"PTK2B	1",0.1
CBL,"UBE2G1	1",0.1
CBL,"LCP2	1",0.1
CBL,"CRKL	1",0.1
CBL,"SPRY2	1",0.1
CBL,"KHDRBS1	1",0.1
CBL,"EPHB6	1",0.1
CBL,"UBE2D2	1",0.1
CBL,"UBE2G2	1",0.1
CBL,"PIK3R2	1",0.1
CBL,"UBE2L3	1",0.1
CBL,"CD2AP	1",0.1
CBL,"SORBS1	1",0.1
CBL,"SLA2	1",0.1
CBL,"PTPN22	1",0.1
CBL,"FRS2	1",0.1
CBL,"EIF5B	1",0.1
CBL,"CDKL2	1",0.1
CBL,"UBASH3B	1",0.1
CBLB,"VAV1	1",0.1
CBLB,"ZAP70	1",0.1
CCBP2,"CCL3	1",0.1
CCBP2,"CCL4	1",0.1
CCBP2,"CCL5	1",0.1
CCL3,"CCL4	1",0.1
CCL3,"TGFB1	1",0.1
CCL5,"SDC1	1",0.1
CCL5,"CCRL1	1",0.1
CCL5,"SDC4	1",0.1
CCND1,"PCNA	1",0.1
CCND1,"RB1	1",0.1
CCND1,"SP1	1",0.1
CCND1,"TAF1	1",0.1
CCND1,"IFI27	1",0.1
CCND1,"CDKN1B	1",0.1
CCND1,"MYBL2	1",0.1
CCND1,"PRKACA	1",0.1
CCND1,"NCOA3	1",0.1
CCND1,"NCOA1	1",0.1
CCND1,"EP300	1",0.1
CCND1,"CDK6	1",0.1
CCND1,"AKAP8	1",0.1
CCND1,"GSK3B	1",0.1
CCND1,"CCNDBP1	1",0.1
CCND1,"KAT2B	1",0.1
CCND1,"RBX1	1",0.1
CCND1,"THRA	1",0.1
CCND1,"THRB	1",0.1
CCND1,"HDAC3	1",0.1
CCND1,"ORC4	1",0.1
CCND1,"CUL3	1",0.1
CCND1,"DMTF1	1",0.1
CCND1,"HERC5	1",0.1
CCND1,"MCM10	1",0.1
CCND1,"NPDC1	1",0.1
CCNH,"GTF2E2	1",0.1
CCNH,"GTF2H1	1",0.1
CCNT1,"MYC	1",0.1
CCNT2,"RB1	1",0.1
CCR1,"CCL3	1",0.1
CCR1,"CCL4	1",0.1
CCR1,"CCL5	1",0.1
CCR3,"FGR	1",0.1
CCR3,"CCL3	1",0.1
CCR3,"CCL5	1",0.1
CCR4,"CCL3	1",0.1
CCR4,"CCL5	1",0.1
CCR5,"CCL3	1",0.1
CCR5,"CCL4	1",0.1
CCR5,"CCL5	1",0.1
CCR8,"CCL1	1",0.1
CCR8,"CCL4	1",0.1
CD151,"ITGA3	1",0.1
CD151,"ITGB1	1",0.1
CD1D,"TRB@	1",0.1
CD1D,"P4HB	1",0.1
CD2,"CD59	1",0.1
CD2,"CD247	1",0.1
CD2,"CD4	1",0.1
CD2,"SP1	1",0.1
CD2,"SH3KBP1	1",0.1
CD2,"MXD1	1",0.1
CD2,"CD2AP	1",0.1
CD2,"CD2BP2	1",0.1
CD2,"PSTPIP1	1",0.1
CD247,"ZAP70	1",0.1
CD247,"CD28	1",0.1
CD247,"TRA@	1",0.1
CD247,"TRB@	1",0.1
CD247,"TFRC	1",0.1
CD247,"JAK3	1",0.1
CD247,"SHC1	1",0.1
CD247,"SLA	1",0.1
CD247,"LY6E	1",0.1
CD247,"STAT5A	1",0.1
CD247,"UNC119	1",0.1
CD247,"STAT5B	1",0.1
CD247,"NCR1	1",0.1
CD247,"TRAT1	1",0.1
CD247,"SH2B3	1",0.1
CD247,"GAB2	1",0.1
CD247,"TIRAP	1",0.1
CD247,"SLA2	1",0.1
CD247,"DOCK2	1",0.1
CD247,"NCR3	1",0.1
CD27,"TRAF2	1",0.1
CD27,"TRAF3	1",0.1
CD27,"TRAF5	1",0.1
CD27,"SIVA1	1",0.1
CD27,"CD70	1",0.1
CD28,"PIK3R1	1",0.1
CD28,"PLCG1	1",0.1
CD28,"ITK	1",0.1
CD28,"CD86	1",0.1
CD28,"GRAP2	1",0.1
CD28,"DUSP14	1",0.1
CD28,"LRRC23	1",0.1
CD28,"GRB2	1",0.1
CD36,"YES1	1",0.1
CD36,"LYN	1",0.1
CD36,"ITGB3	1",0.1
CD36,"THBS1	1",0.1
CD36,"SRC	1",0.1
CD36,"MATK	1",0.1
CD36,"ITGA2B	1",0.1
CD38,"FCGR3A	1",0.1
CD38,"LCK	1",0.1
CD38,"PECAM1	1",0.1
CD3D,"CD8B	1",0.1
CD3D,"CD247	1",0.1
CD3D,"TRA@	1",0.1
CD3D,"CD8A	1",0.1
CD3D,"TRB@	1",0.1
CD3D,"CD3G	1",0.1
CD3D,"CD3E	1",0.1
CD3E,"CD3EAP	1",0.1
CD3E,"PIK3R1	1",0.1
CD3E,"ZAP70	1",0.1
CD3E,"TRB@	1",0.1
CD3EAP,"POLR1E	1",0.1
CD3G,"TRD@	1",0.1
CD3G,"TRA@	1",0.1
CD3G,"TRB@	1",0.1
CD4,"CD44	1",0.1
CD4,"CD38	1",0.1
CD4,"PIK3R1	1",0.1
CD4,"CD28	1",0.1
CD4,"DPP4	1",0.1
CD4,"CXCL12	1",0.1
CD4,"CCR5	1",0.1
CD4,"LAT	1",0.1
CD4,"IL16	1",0.1
CD4,"UNC119	1",0.1
CD4,"SELL	1",0.1
CD4,"PIP	1",0.1
CD4,"PI4KA	1",0.1
CD4,"CD82	1",0.1
CD4,"HLA-DQA2	1",0.1
CD4,"SPG21	1",0.1
CD4,"MARCH4	1",0.1
CD44,SRGN,0.1
CD44,"MMP7	1",0.1
CD44,"TGFBR1	1",0.1
CD44,"TGFBR2	1",0.1
CD44,"VAV2	1",0.1
CD44,"ERBB4	1",0.1
CD44,"TIAM1	1",0.1
CD44,"DMP1	1",0.1
CD44,"ARHGEF1	1",0.1
CD44,"NF2	1",0.1
CD47,"EPB42	1",0.1
CD47,"RHAG	1",0.1
CD47,"THBS1	1",0.1
CD5,"CD72	1",0.1
CD59,"GNAI3	1",0.1
CD59,"SRC	1",0.1
CD59,"SLC6A8	1",0.1
CD59,"NCR1	1",0.1
CD59,"NCR3	1",0.1
CD59,"SMAD4	1",0.1
CD7,"PIK3R1	1",0.1
CD7,"SECTM1	1",0.1
CD7,"PI4KA	1",0.1
CD7,"SNAP29	1",0.1
CD72,"GRB2	1",0.1
CD72,"PTPN6	1",0.1
CD72,"SEMA4D	1",0.1
CD72,"BLNK	1",0.1
CD81,"KIT	1",0.1
CD81,"SHC1	1",0.1
CD82,"LRP1	1",0.1
CD8A,"CD8B	1",0.1
CD8A,"SRSF1	1",0.1
CD8A,"LAT	1",0.1
CD8A,"SREK1	1",0.1
CD9,"CD59	1",0.1
CDC20,"TCP1	1",0.1
CDC34,"CUL1	1",0.1
CDC34,"ROCK1	1",0.1
CDC34,"UBB	1",0.1
CDC5L,"MELK	1",0.1
CDC6,"PCNA	1",0.1
CDC6,"PSKH1	1",0.1
CDC6,"MYC	1",0.1
CDH1,"JUP	1",0.1
CDH1,"PTPRM	1",0.1
CDH1,"PTPRF	1",0.1
CDH1,"RRM2	1",0.1
CDH5,"JUP	1",0.1
CDH5,"PTPN11	1",0.1
CDH5,"PTPRB	1",0.1
CDK1,"CEP55	1",0.1
CDK1,"MYC	1",0.1
CDK2,"POLL	1",0.1
CDK6,"PCNA	1",0.1
CDK7,"E2F1	1",0.1
CDK7,"GTF2H1	1",0.1
CDKN1B,"GRB2	1",0.1
CDKN1C,"PCNA	1",0.1
CDKN2A,"NCL	1",0.1
CDKN2A,"RPS7	1",0.1
CDKN2A,"HSP90AB1	1",0.1
CDKN2A,"TBRG1	1",0.1
CDKN2A,"GSPT1	1",0.1
CDKN2A,"KIAA1984	1",0.1
CDKN2A,"ANKRD12	1",0.1
CDKN2A,"ZNF227	1",0.1
CDKN2A,"PEX19	1",0.1
CDKN2A,"ZFP91	1",0.1
CDKN2A,"TPI1	1",0.1
CDKN2A,"AHNAK	1",0.1
CDX2,"UBB	1",0.1
CEBPB,"SPI1	1",0.1
CEBPB,"MAPK1	1",0.1
CEBPB,"RB1	1",0.1
CEBPB,"CCL3	1",0.1
CEBPB,"SP1	1",0.1
CEBPB,"MYB	1",0.1
CEBPB,"MYC	1",0.1
CEBPB,"ELK1	1",0.1
CEBPB,"SRF	1",0.1
CEBPB,"HMGA1	1",0.1
CEBPB,"HNRNPK	1",0.1
CEBPB,"SMAD4	1",0.1
CEBPB,"STAT5A	1",0.1
CEBPB,"STAT6	1",0.1
CEBPB,"SMARCB1	1",0.1
CEBPB,"RPS6KA1	1",0.1
CEBPB,"SMARCC1	1",0.1
CEBPB,"TRIM28	1",0.1
CEBPB,"NOLC1	1",0.1
CEBPB,"EP300	1",0.1
CEBPB,"SMAD3	1",0.1
CEBPB,"SMARCA4	1",0.1
CEBPB,"MED23	1",0.1
CEBPB,"SPIB	1",0.1
CEBPB,"TAF9	1",0.1
CEBPE,"MYB	1",0.1
CFL1,"SLC2A4	1",0.1
CFTR,"PRKCA	1",0.1
CFTR,"PRKCE	1",0.1
CFTR,"STX1A	1",0.1
CHAT,"PRKCA	1",0.1
CHD3,"TAL1	1",0.1
CHEK1,"UBB	1",0.1
CHEK1,"CUL1	1",0.1
CHEK1,"CUL4A	1",0.1
CHGA,"PLG	1",0.1
CHM,"RAB3A	1",0.1
CHM,"RAB6A	1",0.1
CHRNA1,ITGA7,0.1
CHRND,"GRB2	1",0.1
CIITA,"NFYB	1",0.1
CISH,"PRLR	1",0.1
CISH,"PRKCA	1",0.1
CISH,"PRKCB	1",0.1
CLIP1,"IQGAP1	1",0.1
CLIP1,"CLASP2	1",0.1
CLK1,"PTPN1	1",0.1
CLK2,"PTPN1	1",0.1
CLNS1A,"SNRPB	1",0.1
CLNS1A,"EPB41L3	1",0.1
CLU,"PON1	1",0.1
CLU,"PRNP	1",0.1
CLU,"TGFBR1	1",0.1
CLU,"TGFBR2	1",0.1
CLU,"VLDLR	1",0.1
CLU,"LRP2	1",0.1
CLU,"LRP8	1",0.1
CLU,"MMP25	1",0.1
CNGB1,"PRPH2	1",0.1
CNN1,"PRKCE	1",0.1
CNTN1,"PRNP	1",0.1
CNTN1,"PTPRB	1",0.1
CNTN1,"TNC	1",0.1
COL4A2,"ATF7IP	1",0.1
COL4A5,"OSM	1",0.1
COL4A5,"SERPINE2	1",0.1
COL4A6,"OSM	1",0.1
COL4A6,"SERPINE2	1",0.1
COL6A2,"ABCD3	1",0.1
COPA,"PDGFRB	1",0.1
COPB1,"PDGFRB	1",0.1
COPB1,"PRKCE	1",0.1
CORT,"SSTR1	1",0.1
CORT,"SSTR2	1",0.1
CORT,"SSTR3	1",0.1
CORT,"SSTR4	1",0.1
CORT,"SSTR5	1",0.1
CPB2,"PLG	1",0.1
CPB2,"F2	1",0.1
CREBBP,"JUN	1",0.1
CREBBP,"MECOM	1",0.1
CREBBP,"GLI3	1",0.1
CREBBP,"PRKCD	1",0.1
CREBBP,"MAF	1",0.1
CREBBP,"RXRG	1",0.1
CREBBP,"DDX5	1",0.1
CREBBP,"PTMA	1",0.1
CREBBP,"MYB	1",0.1
CRK,"GRB2	1",0.1
CRKL,"KIT	1",0.1
CRKL,"PIK3R1	1",0.1
CRKL,"IFNAR1	1",0.1
CRKL,"PDGFRA	1",0.1
CRKL,"PTPN11	1",0.1
CRKL,"TYK2	1",0.1
CRKL,"SOS1	1",0.1
CRYAB,"EPB41	1",0.1
CSF1R,"GRB2	1",0.1
CSF2RA,"PIK3R1	1",0.1
CSF3R,"GRB2	1",0.1
CSH1,"PRLR	1",0.1
CSNK2A1,"WEE1	1",0.1
CSTA,"EVPL	1",0.1
CTBP1,"MECOM	1",0.1
CTBP1,"RB1	1",0.1
CTBP1,"ZEB1	1",0.1
CTBP2,"MECOM	1",0.1
CTGF,"LRP1	1",0.1
CTNND1,"JUP	1",0.1
CTNND1,"PTPN6	1",0.1
CTNND1,"PTPRM	1",0.1
CTNND1,"FER	1",0.1
CTSB,"SLPI	1",0.1
CTSD,"SLC2A4	1",0.1
CTSK,"SPARC	1",0.1
CTSL1,"SLPI	1",0.1
CTSS,"SLPI	1",0.1
CTTN,"GRB2	1",0.1
CXCR3,"PF4	1",0.1
CYB5A,"CYP1A1	1",0.1
CYP11A1,"SMAD9	1",0.1
CYTH1,"ARFRP1	1",0.1
CYTH1,"CYTIP	1",0.1
DAB1,"PLCG1	1",0.1
DAB1,"ITGB3	1",0.1
DAB1,"PTPN11	1",0.1
DAB1,"LRP1	1",0.1
DAB2,"SMURF2	1",0.1
DAB2,"FGR	1",0.1
DAB2,"ITGB3	1",0.1
DAB2,"PRKCB	1",0.1
DAB2,"PRKCD	1",0.1
DAB2,"PRKCG	1",0.1
DAB2,"SRC	1",0.1
DAG1,"GRB2	1",0.1
DAPK1,"STX1A	1",0.1
DAPK3,"PRKCZ	1",0.1
DAPK3,"MET	1",0.1
DAXX,"PAX5	1",0.1
DCTN1,"RAB6A	1",0.1
DCTN1,"CLIP1	1",0.1
DDR1,"PLCG1	1",0.1
DDR2,"SRC	1",0.1
DDX5,"PRKCA	1",0.1
DDX5,"SMAD3	1",0.1
DDX5,"AKAP8	1",0.1
DDX5,"DDX17	1",0.1
DGCR2,"SMURF2	1",0.1
DHX9,"JUN	1",0.1
DHX9,"PCNA	1",0.1
DHX9,"SNRPB	1",0.1
DIAPH1,"PKD2	1",0.1
DLD,"SLC2A4	1",0.1
DLG2,"KCNA4	1",0.1
DLG3,"LPHN1	1",0.1
DLG4,"ERBB2	1",0.1
DLG4,"YES1	1",0.1
DLG4,"LYN	1",0.1
DLG4,"PTPRG	1",0.1
DLG4,"PRKCA	1",0.1
DLG4,"LRP1	1",0.1
DLG4,"HTR2A	1",0.1
DLG4,"LPHN1	1",0.1
DLX3,"PRKCA	1",0.1
DMBT1,"SFTPD	1",0.1
DNAJB2,"SMAD4	1",0.1
DNM1,"PFN2	1",0.1
DNM1,"PRNP	1",0.1
DNM1,"PRKCA	1",0.1
DNM1,"SRC	1",0.1
DNM2,"PFN1	1",0.1
DNMT3A,"MYC	1",0.1
DNTT,"PCNA	1",0.1
DOCK2,"VAV1	1",0.1
DOK1,"KIT	1",0.1
DOK1,"ITGB3	1",0.1
DOK1,"PTPN6	1",0.1
DPP4,"CCL5	1",0.1
DRD2,"GIPC1	1",0.1
DRD3,"GRB2	1",0.1
DRD3,"GIPC1	1",0.1
DRD4,"GRB2	1",0.1
DRG1,"TAL1	1",0.1
DSC3,"JUP	1",0.1
DSG3,"JUP	1",0.1
DST,"SMAD9	1",0.1
DTNA,"GFI1B	1",0.1
DUSP1,"MAPK1	1",0.1
DUSP3,"PDGFA	1",0.1
DUSP3,"ZAP70	1",0.1
DUSP3,"MAPK1	1",0.1
DUSP4,"MAPK1	1",0.1
DUSP5,"MAPK1	1",0.1
DUSP7,"MAPK1	1",0.1
DUT,"PPARA	1",0.1
DVL2,"RBFOX1	1",0.1
DYNC1LI1,"NUP85	1",0.1
E2F1,"PHB	1",0.1
E2F1,"TFDP1	1",0.1
E2F1,"SP1	1",0.1
E2F1,"GTF2H1	1",0.1
E2F1,"TP53	1",0.1
E2F1,"PURA	1",0.1
E2F1,"SP4	1",0.1
E2F1,"SKP2	1",0.1
E2F1,"BRD2	1",0.1
E2F1,"SP2	1",0.1
E2F1,"SP3	1",0.1
E2F1,"NDN	1",0.1
E2F1,"TFDP2	1",0.1
E2F1,"MNAT1	1",0.1
E2F1,"MDM4	1",0.1
E2F1,"E2F6	1",0.1
E2F1,"TRRAP	1",0.1
E2F1,"CUL1	1",0.1
E2F1,"CHEK2	1",0.1
E2F1,"CTDP1	1",0.1
E2F1,"TP53BP1	1",0.1
E2F1,"TOPBP1	1",0.1
E2F1,"NPDC1	1",0.1
E2F1,"SERTAD2	1",0.1
E2F2,"RB1	1",0.1
E2F2,"TFDP1	1",0.1
E2F2,"SP1	1",0.1
E2F3,"RB1	1",0.1
E2F3,"TFDP1	1",0.1
E2F3,"SP1	1",0.1
E2F4,"RB1	1",0.1
E2F4,"RBL2	1",0.1
E2F4,"TFDP1	1",0.1
E2F5,"RBL2	1",0.1
E2F5,"TFDP1	1",0.1
E2F6,"TFDP1	1",0.1
E4F1,"SMAD9	1",0.1
E4F1,"RB1	1",0.1
EDN1,"UBQLN4	1",0.1
EEF1A1,"SMAD4	1",0.1
EFNA1,"EPHA2	1",0.1
EFNA1,"EPHA1	1",0.1
EFNA2,"EPHA2	1",0.1
EFNA2,"EPHA3	1",0.1
EFNA3,"EPHA2	1",0.1
EFNA4,"EPHA8	1",0.1
EFNA4,"EPHA2	1",0.1
EFNA5,"EPHA8	1",0.1
EFNA5,"EPHA2	1",0.1
EFNA5,"EPHA3	1",0.1
EFNB1,"SRC	1",0.1
EFNB2,"EPHA3	1",0.1
EGF,"GRB2	1",0.1
EGFR,"GRB2	1",0.1
EHHADH,"SCP2	1",0.1
EIF2AK2,"TP53	1",0.1
EIF2AK2,"STAT1	1",0.1
EIF2AK2,"DNAJC3	1",0.1
EIF2AK2,"METAP2	1",0.1
EIF2AK2,"RAC1	1",0.1
EIF2AK2,"TARBP2	1",0.1
EIF2AK2,"TIRAP	1",0.1
EIF2AK2,"PTGES3	1",0.1
EIF2AK2,"PRKRIR	1",0.1
EIF2AK2,"STRBP	1",0.1
EIF2AK2,"PRKRIP1	1",0.1
EIF2S1,"PRKCD	1",0.1
EIF2S1,"MELK	1",0.1
EIF3C,"SNIP1	1",0.1
EIF3E,"SMAD9	1",0.1
EIF4EBP1,"MAPK1	1",0.1
EIF4EBP1,"PPP2CA	1",0.1
EIF4G1,"ZFYVE9	1",0.1
EIF6,"PRKCB	1",0.1
EIF6,"GNB2L1	1",0.1
ELANE,"SLPI	1",0.1
ELAVL4,"NFX1	1",0.1
ELF1,"REL	1",0.1
ELF1,"RB1	1",0.1
ELF1,"NFYB	1",0.1
ELF1,"SP1	1",0.1
ELF1,"HMGA1	1",0.1
ELF2,"LMO2	1",0.1
ELK1,"MAPK1	1",0.1
ELK1,"GRB2	1",0.1
EN1,"JUN	1",0.1
ENO1,"PLG	1",0.1
EP300,"JUN	1",0.1
EP300,"PPARA	1",0.1
EP300,"TFAP2A	1",0.1
EP300,"PCNA	1",0.1
EP300,"PRKCD	1",0.1
EP300,"MAF	1",0.1
EP300,"TAL1	1",0.1
EP300,"PTMA	1",0.1
EP300,"MYB	1",0.1
EPB41,"MACROD1	1",0.1
EPB41,"YWHAB	1",0.1
EPB41,"YWHAQ	1",0.1
EPB41,"SEC14L1	1",0.1
EPB41,"GDI1	1",0.1
EPB41,"C2CD2L	1",0.1
EPB41,"FKBP2	1",0.1
EPB41L1,"YWHAQ	1",0.1
EPB41L1,"YWHAZ	1",0.1
EPB41L1,"YWHAB	1",0.1
EPB41L2,"SPTAN1	1",0.1
EPB41L2,"FKBP2	1",0.1
EPB42,"SPTAN1	1",0.1
EPB42,"KRAS	1",0.1
EPB42,"SLC4A2	1",0.1
EPB42,"STX12	1",0.1
EPB42,"CNO	1",0.1
EPB42,"SPINK7	1",0.1
EPHA2,"PTPN11	1",0.1
EPHA2,"TNFAIP1	1",0.1
EPHA2,"SHC1	1",0.1
EPHA2,"TIAM1	1",0.1
EPHA2,"PTK2	1",0.1
EPHA2,"SLA	1",0.1
EPHA2,"GRB2	1",0.1
EPHA3,"RUFY2	1",0.1
EPHA3,"RUFY1	1",0.1
EPHA8,"PIK3CG	1",0.1
EPHB1,"GRB2	1",0.1
EPHB2,"RRAS	1",0.1
EPHB2,"SRC	1",0.1
EPHB4,"SDC3	1",0.1
EPOR,"GRB2	1",0.1
EPRS,"RARS	1",0.1
EPS15,"LAPTM5	1",0.1
EPS8,"ITGB3	1",0.1
EPS8,"SRC	1",0.1
ERAS,"PIK3R1	1",0.1
ERBB2,GRB7,0.1
ERBB2,"PAK1	1",0.1
ERBB2,"PIK3R2	1",0.1
ERBB2,"PTPN18	1",0.1
ERBB2,"ERBB2IP	1",0.1
ERBB2,"NF2	1",0.1
ERBB2,"CD82	1",0.1
ERBB2,"ERRFI1	1",0.1
ERBB2,"TOB1	1",0.1
ERBB2,"MUC4	1",0.1
ERBB2,"PICK1	1",0.1
ERBB2,"GRB2	1",0.1
ERBB3,"PIK3R1	1",0.1
ERBB3,"SOS1	1",0.1
ERBB3,"GRB2	1",0.1
ERF,"MAPK1	1",0.1
ERG,"SPI1	1",0.1
ERG,"FLI1	1",0.1
ERG,"ETV1	1",0.1
ERG,"SETDB1	1",0.1
ETS2,"ZFYVE9	1",0.1
ETV1,"KCNA2	1",0.1
ETV3,"DDX20	1",0.1
EVI5,"FBXO5	1",0.1
EVPL,"SPRR2A	1",0.1
EVPL,"SPRR3	1",0.1
EWSR1,"SMAD1	1",0.1
EXOSC10,"RPE	1",0.1
EZH2,"VAV1	1",0.1
F10,"SERPINB6	1",0.1
F10,"PLG	1",0.1
F10,"PLAT	1",0.1
F10,"PROS1	1",0.1
F2,"SERPINB6	1",0.1
F2,"SERPINE1	1",0.1
F2,"PROC	1",0.1
F2,"PROS1	1",0.1
F2,"SERPINE2	1",0.1
F2,"F2R	1",0.1
F2,"THBD	1",0.1
F2,"THBS1	1",0.1
F2,"KNG1	1",0.1
F2,"GP1BA	1",0.1
F2,"F9	1",0.1
F2,"SERPINB8	1",0.1
F2,"SERPINA5	1",0.1
F2,"F2RL2	1",0.1
F2,"F2RL3	1",0.1
F2,"AKR7A2	1",0.1
F2,"HGFAC	1",0.1
F2,"ITGA2B	1",0.1
F2,"F11	1",0.1
F2,"ST13	1",0.1
F2,"SPP1	1",0.1
F2,"PROZ	1",0.1
F2,"PLAU	1",0.1
F2R,"ITGAV	1",0.1
F2R,"SNX1	1",0.1
F2R,"GNA12	1",0.1
F2R,"GNA13	1",0.1
F2RL1,"PLG	1",0.1
F2RL1,"PRTN3	1",0.1
F5,"PROC	1",0.1
F5,"PROS1	1",0.1
F8,"PROC	1",0.1
F8,"PROS1	1",0.1
F8,"LRP1	1",0.1
F9,"LRP1	1",0.1
FAF1,"SNIP1	1",0.1
FAM175B,"SMURF2	1",0.1
FANCA,"SPTAN1	1",0.1
FANCC,"SPTAN1	1",0.1
FANCC,"SPTA1	1",0.1
FANCD2,"RAD51	1",0.1
FAP,"PLAUR	1",0.1
FASLG,"GRB2	1",0.1
FCGR2B,"LYN	1",0.1
FCGR2B,"PTPN6	1",0.1
FEN1,"PCNA	1",0.1
FER,"TMF1	1",0.1
FER,"YWHAB	1",0.1
FES,"PIK3R1	1",0.1
FES,"BCAR1	1",0.1
FES,"RASA3	1",0.1
FES,"DPYSL5	1",0.1
FES,"PLXNA1	1",0.1
FES,"HSH2D	1",0.1
FEZ1,"BRD1	1",0.1
FGF10,"FGFR2	1",0.1
FGF3,"EBNA1BP2	1",0.1
FGF5,"FGFR2	1",0.1
FGF9,"FGFR2	1",0.1
FGFR1,"GRB2	1",0.1
FGFR2,"PLCG1	1",0.1
FGFR3,"GRB2	1",0.1
FGR,"SRC	1",0.1
FGR,"WAS	1",0.1
FGR,"SYK	1",0.1
FGR,"PTK2	1",0.1
FGR,"HCLS1	1",0.1
FGR,"SLAMF1	1",0.1
FGR,"INPP5D	1",0.1
FHL2,"ZFYVE9	1",0.1
FHL2,"TTN	1",0.1
FHL3,"MAPK1	1",0.1
FKBP1A,"RYR1	1",0.1
FKBP1A,"RYR3	1",0.1
FKBP1A,"TGFBR1	1",0.1
FKBP1A,"YY1	1",0.1
FKBP1A,"GLMN	1",0.1
FKBP1A,"TGFB1I1	1",0.1
FKBP1A,"FKBP4	1",0.1
FKBP1A,"TRPC3	1",0.1
FKBP1B,"RYR2	1",0.1
FKBP2,"ARFGEF1	1",0.1
FKBP3,"YY1	1",0.1
FKBP3,"HDAC1	1",0.1
FKBP3,"HDAC2	1",0.1
FLG,"PCSK6	1",0.1
FLNA,"RALA	1",0.1
FLNC,"FURIN	1",0.1
FLNC,"INPPL1	1",0.1
FLNC,"MAP2K4	1",0.1
FLNC,"SGCD	1",0.1
FLNC,"MYOT	1",0.1
FLNC,"MYOZ1	1",0.1
FLNC,"PHLDB2	1",0.1
FLNC,"SGCG	1",0.1
FLNC,"KCND2	1",0.1
FLNC,"NPHP1	1",0.1
FLNC,"MYOZ3	1",0.1
FLT1,"KDR	1",0.1
FLT1,"VEGFA	1",0.1
FLT1,"PLCG2	1",0.1
FLT1,"SHC1	1",0.1
FLT1,"PGF	1",0.1
FLT1,"VEGFB	1",0.1
FLT3,"GRB2	1",0.1
FLT3LG,"KITLG	1",0.1
FLT4,"GRB2	1",0.1
FMNL1,"PFN1	1",0.1
FN1,"SPARC	1",0.1
FOS,"SUMO1	1",0.1
FOS,"SUMO2	1",0.1
FOS,"SUMO3	1",0.1
FOSL2,"JUN	1",0.1
FOSL2,"JUNB	1",0.1
FOSL2,"JUND	1",0.1
FOXG1,"TLE1	1",0.1
FOXG1,"TLE3	1",0.1
FOXG1,"HDAC1	1",0.1
FOXG1,"SMAD1	1",0.1
FOXG1,"KDM5B	1",0.1
FOXO4,"YWHAZ	1",0.1
FRK,"RB1	1",0.1
FTL,"SMAD9	1",0.1
FYB,"SRC	1",0.1
FYB,"BCAR1	1",0.1
GAB1,"PIK3R1	1",0.1
GAB1,"PLCG1	1",0.1
GAB1,"PTPN11	1",0.1
GABPA,"SP1	1",0.1
GABRA4,"PRKCG	1",0.1
GABRB1,"PIK3CA	1",0.1
GABRB2,"PRKCB	1",0.1
GABRG2,"PRKCB	1",0.1
GABRR1,"MAPK1	1",0.1
GABRR1,"PRKCA	1",0.1
GABRR2,"PRKCA	1",0.1
GAD1,"PPP2CB	1",0.1
GAD1,"PRKCE	1",0.1
GAD2,"PRKCE	1",0.1
GADD45B,"PPARA	1",0.1
GADD45B,"PCNA	1",0.1
GAPDH,"SLC2A4	1",0.1
GATA1,"SPI1	1",0.1
GATA1,"LMO2	1",0.1
GBA,"PSAP	1",0.1
GCNT1,"PRKCB	1",0.1
GDI1,"RAB6A	1",0.1
GDI2,"RAB8A	1",0.1
GDI2,"RAB2A	1",0.1
GDI2,"RAB4A	1",0.1
GDI2,"RAB5A	1",0.1
GHR,"PIK3R1	1",0.1
GHR,"PTPN11	1",0.1
GHR,"PTPN6	1",0.1
GHR,"TYK2	1",0.1
GJB1,"PRKCA	1",0.1
GLI1,"ZIC1	1",0.1
GLI1,"ZIC2	1",0.1
GLI1,"SUFU	1",0.1
GLI1,"STK36	1",0.1
GLI2,"ZIC1	1",0.1
GLI2,"ZIC2	1",0.1
GLI2,"SUFU	1",0.1
GLI2,"STK36	1",0.1
GLI3,"ZIC3	1",0.1
GLI3,"ZIC1	1",0.1
GLI3,"SMAD4	1",0.1
GLI3,"SMAD2	1",0.1
GLI3,"SMAD1	1",0.1
GLI3,"TWIST1	1",0.1
GLI3,"ZIC2	1",0.1
GLI3,"SMAD3	1",0.1
GLI3,"SUFU	1",0.1
GLI3,"STK36	1",0.1
GLRX,"PTPN1	1",0.1
GMFB,"MAPK1	1",0.1
GMFB,"PRKCA	1",0.1
GNA12,"PRKCA	1",0.1
GNA12,"TBXA2R	1",0.1
GNAQ,"PIK3CA	1",0.1
GNAQ,"HTR2A	1",0.1
GNAQ,"TBXA2R	1",0.1
GNB2L1,"TUBB	1",0.1
GNB2L1,"PABPC1	1",0.1
GNB2L1,"RASA3	1",0.1
GNB2L1,"HABP4	1",0.1
GNB2L1,"AGTRAP	1",0.1
GNB2L1,"LRP12	1",0.1
GNB2L1,"SREK1	1",0.1
GNGT1,"RHO	1",0.1
GNGT1,"GNB5	1",0.1
GNGT1,"PLEKHB1	1",0.1
GOLGA1,"RAB6A	1",0.1
GOLGA4,"RAB6A	1",0.1
GP1BA,"GP5	1",0.1
GP1BA,"GP9	1",0.1
GP1BA,"SELP	1",0.1
GP5,"YWHAZ	1",0.1
GPM6A,"PRKCA	1",0.1
GRAP2,"GNB2L1	1",0.1
GRB10,"KIT	1",0.1
GRB10,"PDGFRB	1",0.1
GRB10,"MAP2K1	1",0.1
GRB10,"SRC	1",0.1
GRB14,"PDGFRB	1",0.1
GRB14,"PDGFRA	1",0.1
GRB14,"PRKCZ	1",0.1
GRB2,"RASA1	1",0.1
GRB2,"PRRC2A	1",0.1
GRB2,"HTT	1",0.1
GRB2,"IL2RB	1",0.1
GRB2,"IRS1	1",0.1
GRB2,"ITGA6	1",0.1
GRB2,"ITGB4	1",0.1
GRB2,"JAK1	1",0.1
GRB2,"JAK2	1",0.1
GRB2,"PTPRC	1",0.1
GRB2,"MAP2	1",0.1
GRB2,"MUC1	1",0.1
GRB2,"NGFR	1",0.1
GRB2,"HNRNPC	1",0.1
GRB2,"RET	1",0.1
GRB2,"MET	1",0.1
GRB2,"KIT	1",0.1
GRB2,"PIK3R1	1",0.1
GRB2,"PLCG1	1",0.1
GRB2,"PDGFRB	1",0.1
GRB2,"PRNP	1",0.1
GRB2,"PTPN11	1",0.1
GRB2,"PTPN6	1",0.1
GRB2,"PTPRA	1",0.1
GRB2,"PTPN1	1",0.1
GRB2,"MAPK1	1",0.1
GRB2,"SOS1	1",0.1
GRB2,"ITK	1",0.1
GRB2,"CCL5	1",0.1
GRB2,"PRKAR1A	1",0.1
GRB2,"HRAS	1",0.1
GRB2,"SRC	1",0.1
GRB2,"TNFRSF1A	1",0.1
GRB2,"KDR	1",0.1
GRB2,"NTRK1	1",0.1
GRB2,"REPS2	1",0.1
GRB2,"WAS	1",0.1
GRB2,"SH2D1A	1",0.1
GRB2,"OCRL	1",0.1
GRB2,"SYN1	1",0.1
GRB2,"PTPN12	1",0.1
GRB2,"SYK	1",0.1
GRB2,"MST1R	1",0.1
GRB2,"TEK	1",0.1
GRB2,"RAPGEF1	1",0.1
GRB2,"SHB	1",0.1
GRB2,"VAV2	1",0.1
GRB2,"SHC1	1",0.1
GRB2,"PTK2	1",0.1
GRB2,"PTPRE	1",0.1
GRB7,"KIT	1",0.1
GRIA2,"PRKCA	1",0.1
GRIA2,"SPTAN1	1",0.1
GRIA3,"LYN	1",0.1
GRIA4,"IQGAP1	1",0.1
GRID2,"PTPN4	1",0.1
GRIN1,"PRKCB	1",0.1
GRIN1,"PRKCE	1",0.1
GRIN1,"PRKCG	1",0.1
GRIN1,"RAP2A	1",0.1
GRIN1,"SPTAN1	1",0.1
GRIN1,"HRAS	1",0.1
GRIN2D,"PRKCB	1",0.1
GRIN2D,"PRKCE	1",0.1
GRIN2D,"PRKCG	1",0.1
GRIN2D,"RAP2A	1",0.1
GRIN2D,"SPTAN1	1",0.1
GRIN2D,"HRAS	1",0.1
GRK5,"RCVRN	1",0.1
GRK5,"RHO	1",0.1
GRK5,"TBXA2R	1",0.1
GRK6,"RCVRN	1",0.1
GRK6,"RHO	1",0.1
GRK6,"TBXA2R	1",0.1
GRM1,"PRKCA	1",0.1
GRN,"SLPI	1",0.1
GRN,"SMAD9	1",0.1
GSK3A,"PRKCA	1",0.1
GSK3A,"PRKCB	1",0.1
GSK3A,"PRKCD	1",0.1
GSK3A,"PRKCG	1",0.1
GSK3B,"PTPN1	1",0.1
GSK3B,"PRKCB	1",0.1
GTF2A1,"GTF2E1	1",0.1
GTF2A1,"GTF2E2	1",0.1
GTF2A1,"GTF2F1	1",0.1
GTF2A2,"GTF2E1	1",0.1
GTF2B,"REL	1",0.1
GTF2B,"JUN	1",0.1
GTF2B,"GTF2E1	1",0.1
GTF2B,"GTF2E2	1",0.1
GTF2B,"GTF2F1	1",0.1
GTF2B,"GTF2F2	1",0.1
GTF2E1,"GTF2E2	1",0.1
GTF2E1,"GTF2F2	1",0.1
GTF2E1,"GTF2H1	1",0.1
GTF2E1,"TBP	1",0.1
GTF2E1,"TCEA1	1",0.1
GTF2E1,"GTF2H4	1",0.1
GTF2E1,"SND1	1",0.1
GTF2E1,"TRIM24	1",0.1
GTF2E1,"TAF6	1",0.1
GTF2E2,"GTF2F1	1",0.1
GTF2E2,"GTF2F2	1",0.1
GTF2E2,"GTF2H1	1",0.1
GTF2E2,"XPA	1",0.1
GTF2E2,"TBP	1",0.1
GTF2E2,"SND1	1",0.1
GTF2E2,"MNAT1	1",0.1
GTF2E2,"NUP62	1",0.1
GTF2E2,"ATF7IP	1",0.1
GTF2E2,"SUPT16H	1",0.1
GTF2F1,"GTF2F2	1",0.1
GTF2F1,"MYC	1",0.1
GTF2F1,"TAF1	1",0.1
GTF2F1,"SRF	1",0.1
GTF2F1,"CTDSP1	1",0.1
GTF2F1,"ATF7IP	1",0.1
GTF2F2,"JUN	1",0.1
GTF2F2,"HTATSF1	1",0.1
GTF2F2,"TBP	1",0.1
GTF2F2,"TAF5	1",0.1
GTF2F2,"C19orf2	1",0.1
GTF2F2,"POLR2E	1",0.1
GTF2F2,"TRAM2	1",0.1
GTF2H1,"PIK3R1	1",0.1
GTF2H1,"PLCG1	1",0.1
GTF2H1,"TP53	1",0.1
GTF2H1,"XPA	1",0.1
GTF2H1,"XPC	1",0.1
GTF2H1,"HNRNPU	1",0.1
GTF2H1,"KIF13A	1",0.1
GTF2H1,"ATF7IP	1",0.1
GTF2H1,"FUBP1	1",0.1
GTF2H1,"MMS19	1",0.1
GTF2H1,"GTF2H2	1",0.1
GTF2I,"PRRX1	1",0.1
GTF2I,"MYC	1",0.1
GTF2I,"SRC	1",0.1
GUCY2D,"S100B	1",0.1
HBG2,"SMAD5	1",0.1
HCFC1,"JUN	1",0.1
HCFC1,"SP1	1",0.1
HCLS1,"LYN	1",0.1
HDAC1,"PHB	1",0.1
HDAC1,"PCNA	1",0.1
HDAC1,"NR2F2	1",0.1
HDAC1,"RB1	1",0.1
HDAC1,"ARID4A	1",0.1
HDAC1,"RBL2	1",0.1
HDAC1,"TAL1	1",0.1
HDAC1,"PTMA	1",0.1
HDAC1,"SP1	1",0.1
HDAC2,"ARID4A	1",0.1
HDAC2,"PTMA	1",0.1
HDAC2,"SP1	1",0.1
HDAC6,"TUBB	1",0.1
HDAC6,"TUBA1B	1",0.1
HDLBP,"SMAD4	1",0.1
HFE,"TFRC	1",0.1
HHEX,"JUN	1",0.1
HIF1A,"JUN	1",0.1
HIST1H1B,"MELK	1",0.1
HIST1H1E,"CBX5	1",0.1
HIST1H1E,"CBX1	1",0.1
HIST1H1E,"CBX3	1",0.1
HIST3H3,"CBX5	1",0.1
HIST3H3,"CBX1	1",0.1
HIST3H3,"CBX3	1",0.1
HK2,"SLC2A4	1",0.1
HK2,"PRKCE	1",0.1
HLA-DQA2,"INS	1",0.1
HLA-DQB1,"INS	1",0.1
HLA-DRB1,"TRA@	1",0.1
HLA-DRB1,"TRB@	1",0.1
HLA-DRB3,"POMC	1",0.1
HMGA1,"JUN	1",0.1
HMGA1,"NFYA	1",0.1
HMGA1,"SP1	1",0.1
HMGB1,"PRKCA	1",0.1
HNRNPA2B1,"SNRNP70	1",0.1
HNRNPK,"VAV1	1",0.1
HNRNPK,"LYN	1",0.1
HNRNPK,"PRKCD	1",0.1
HNRNPK,"ITK	1",0.1
HNRNPK,"SRC	1",0.1
HNRNPU,"PTPN11	1",0.1
HRAS,"VAV1	1",0.1
HRAS,"PIK3R1	1",0.1
HRAS,"PIK3CA	1",0.1
HRAS,"MAP2K1	1",0.1
HRAS,"SOS1	1",0.1
HRAS,"PDGFB	1",0.1
HRAS,"SRC	1",0.1
HRAS,"IRAK1	1",0.1
HRAS,"TIAM1	1",0.1
HRAS,"MAPK8	1",0.1
HRAS,"PIK3CG	1",0.1
HRAS,"SOS2	1",0.1
HRAS,"DGKZ	1",0.1
HRAS,"RALGDS	1",0.1
HRAS,"PDE6D	1",0.1
HRAS,"SHOC2	1",0.1
HRAS,"PIK3CD	1",0.1
HRAS,"IRAK2	1",0.1
HRAS,"RASGRP1	1",0.1
HRAS,"RABAC1	1",0.1
HRAS,"BRAP	1",0.1
HRAS,"RASSF1	1",0.1
HRAS,"RIN1	1",0.1
HRAS,"IKZF3	1",0.1
HRAS,"RASSF5	1",0.1
HRAS,"GPSM2	1",0.1
HRAS,"ICMT	1",0.1
HRAS,"RASGRP4	1",0.1
HRAS,"RGL4	1",0.1
HRAS,"RAP1GDS1	1",0.1
HRAS,"TTC1	1",0.1
HRAS,"RGL1	1",0.1
HRAS,"RASIP1	1",0.1
HRAS,"RASSF2	1",0.1
HRAS,"RIT2	1",0.1
HRAS,"ZBTB12	1",0.1
HSP90AA1,"SLC2A4	1",0.1
HSPA4,"RAF1	1",0.1
HSPA8,"REL	1",0.1
HSPA8,"RB1	1",0.1
HSPA8,"RAF1	1",0.1
HSPA8,"SP1	1",0.1
HTR1B,"HTR1D	1",0.1
HUS1,"PCNA	1",0.1
ID3,"PAX5	1",0.1
ID3,"SREBF1	1",0.1
IDH2,"SLC2A4	1",0.1
IFNA2,"IFNAR1	1",0.1
IFNAR1,"IFNW1	1",0.1
IFNAR1,"IFNB1	1",0.1
IFNAR1,"PIK3R1	1",0.1
IFNAR1,"PTPN11	1",0.1
IFNAR1,"PTPN6	1",0.1
IFNAR1,"TYK2	1",0.1
IFNAR1,"MAPK1	1",0.1
IFNAR1,"GNB2L1	1",0.1
IFNAR1,"STAT2	1",0.1
IFNAR1,"PRKACA	1",0.1
IFNAR2,"GNB2L1	1",0.1
IFNG,"IFNGR1	1",0.1
IFNGR1,"IFNGR2	1",0.1
IFNGR1,"JAK1	1",0.1
IGFBP7,"INS	1",0.1
IGFBP7,"SDC1	1",0.1
IGFBP7,"CCL5	1",0.1
IKBKB,"EIF2AK2	1",0.1
IKBKB,"PRKCZ	1",0.1
IKBKB,"YWHAB	1",0.1
IKBKB,"UBB	1",0.1
IL13RA1,"TYK2	1",0.1
IL1RAP,"PIK3R1	1",0.1
IL6ST,"VAV1	1",0.1
IL6ST,"OSM	1",0.1
IL6ST,"PTPN11	1",0.1
IL6ST,"PTPN6	1",0.1
IL6ST,"TYK2	1",0.1
IL6ST,"PRKCD	1",0.1
ILK,"ITGB3	1",0.1
ING1,"PCNA	1",0.1
INPP4A,"PIK3R1	1",0.1
INPP4A,"SMAD1	1",0.1
INPP5D,"LYN	1",0.1
INPP5D,"PECAM1	1",0.1
INPP5D,"PTPN11	1",0.1
INPPL1,"SRC	1",0.1
INS,"NOV	1",0.1
INS,"LRP2	1",0.1
INS,"SYTL4	1",0.1
INS,"TXNDC17	1",0.1
IRAK1,"PRKCZ	1",0.1
IRF3,"SERPINB2	1",0.1
IRF4,"SPI1	1",0.1
IRF8,"SPI1	1",0.1
ISL1,"LMO2	1",0.1
ITGA1,"TLN1	1",0.1
ITGA2B,"ITGB3	1",0.1
ITGA9,"SPP1	1",0.1
ITGAV,"SPP1	1",0.1
ITGAV,"ITGB3	1",0.1
ITGAV,"PDGFRA	1",0.1
ITGB2,"PRKCA	1",0.1
ITGB2,"PRKCB	1",0.1
ITGB2,"PRKCD	1",0.1
ITGB2,"GNB2L1	1",0.1
ITGB2,"PRTN3	1",0.1
ITGB2,"CYTH1	1",0.1
ITGB2,"TLN1	1",0.1
ITGB3,"PDGFRB	1",0.1
ITGB3,"PECAM1	1",0.1
ITGB3,"PDGFRA	1",0.1
ITGB3,"TLN1	1",0.1
ITGB3,"THBS1	1",0.1
ITGB3,"SRC	1",0.1
ITGB3,"TGM2	1",0.1
ITGB3,"P2RY2	1",0.1
ITGB3,"PTK2	1",0.1
ITGB3,"NUMB	1",0.1
ITGB3,"PDPK1	1",0.1
ITGB3,"ITGB3BP	1",0.1
ITGB3,"ANGPTL3	1",0.1
ITGB3,"TENC1	1",0.1
ITGB3,"VTN	1",0.1
ITK,"PLCG1	1",0.1
ITK,"WAS	1",0.1
ITK,"KPNA2	1",0.1
ITK,"LCP2	1",0.1
ITK,"LAT	1",0.1
ITK,"KHDRBS1	1",0.1
ITK,"SOCS1	1",0.1
ITK,"SH2D2A	1",0.1
ITK,"BLNK	1",0.1
ITSN1,"SOS1	1",0.1
JUN,"SPI1	1",0.1
JUN,"POU1F1	1",0.1
JUN,"MAF	1",0.1
JUN,"RB1	1",0.1
JUN,"NFYA	1",0.1
JUN,"SP1	1",0.1
JUN,"TPM1	1",0.1
JUN,"TAF1	1",0.1
JUN,"TBP	1",0.1
JUN,"STAT1	1",0.1
JUN,"STAT4	1",0.1
JUN,"PRKDC	1",0.1
JUN,"SMAD4	1",0.1
JUN,"PIN1	1",0.1
JUN,"MAPK8	1",0.1
JUN,"NACA	1",0.1
JUN,"SMAD2	1",0.1
JUN,"TDG	1",0.1
JUN,"SMARCD1	1",0.1
JUN,"VDR	1",0.1
JUN,"MAPK3	1",0.1
JUN,"SUMO1	1",0.1
JUN,"NCOA3	1",0.1
JUN,"NRIP1	1",0.1
JUN,"TGIF1	1",0.1
JUN,"NCOA1	1",0.1
JUN,"MAPK9	1",0.1
JUN,"TCF20	1",0.1
JUN,"SMAD3	1",0.1
JUN,"TRIP4	1",0.1
JUN,"MYBBP1A	1",0.1
JUN,"PRKD1	1",0.1
JUN,"DDX21	1",0.1
JUN,"SPIB	1",0.1
JUN,"PACS1	1",0.1
JUN,"COPS5	1",0.1
JUN,"MAFB	1",0.1
JUN,"RFWD2	1",0.1
JUN,"HDAC3	1",0.1
JUN,"UBE2I	1",0.1
JUN,"RBM39	1",0.1
JUN,"RAGE	1",0.1
JUN,"MAPKAPK5	1",0.1
JUN,"BATF	1",0.1
JUN,"CREB5	1",0.1
JUN,"COBRA1	1",0.1
JUN,"TPM2	1",0.1
JUN,"PIAS1	1",0.1
JUN,"RPL18A	1",0.1
JUN,"JDP2	1",0.1
JUN,"SNRK	1",0.1
JUN,"SUMO2	1",0.1
JUN,"SUMO3	1",0.1
JUN,"FBXW7	1",0.1
JUNB,"SMAD4	1",0.1
JUNB,"MAPK8	1",0.1
JUNB,"SMAD3	1",0.1
JUNB,"BATF	1",0.1
JUNB,"JDP2	1",0.1
JUND,"TBP	1",0.1
JUND,"NFE2L2	1",0.1
JUND,"SMAD4	1",0.1
JUND,"MAPK8	1",0.1
JUND,"MAPK9	1",0.1
JUND,"COPS5	1",0.1
JUND,"RFWD2	1",0.1
JUND,"BATF	1",0.1
JUND,"JDP2	1",0.1
JUP,"ZFYVE9	1",0.1
JUP,"PECAM1	1",0.1
JUP,"PTPRF	1",0.1
JUP,"PTPRJ	1",0.1
JUP,"PKD1	1",0.1
JUP,"TCF7L2	1",0.1
JUP,"PTPRK	1",0.1
JUP,"PKP2	1",0.1
JUP,"PTPN14	1",0.1
JUP,"BTRC	1",0.1
JUP,"AXIN1	1",0.1
KCNA2,"KCNA4	1",0.1
KCNA2,"PTPRA	1",0.1
KCNA2,"KCNAB1	1",0.1
KCNA2,"KCNAB2	1",0.1
KCNA2,"KCNA5	1",0.1
KCNA2,"KCNA3	1",0.1
KCNA4,"DLGAP1	1",0.1
KCNA4,"SNTG1	1",0.1
KCNB1,"STX1A	1",0.1
KCNE1,"PRKCA	1",0.1
KCNE1,"KCNQ1	1",0.1
KCNJ1,"PRKCD	1",0.1
KCNJ4,"PRKCD	1",0.1
KIT,"LYN	1",0.1
KIT,"PIK3R1	1",0.1
KIT,"PLCG1	1",0.1
KIT,"PTPN11	1",0.1
KIT,"PTPN6	1",0.1
KIT,"PRKCA	1",0.1
KIT,"KITLG	1",0.1
KIT,"SRC	1",0.1
KIT,"MATK	1",0.1
KIT,"STAT1	1",0.1
KIT,"PTPRO	1",0.1
KIT,"TEC	1",0.1
KIT,"PIK3R2	1",0.1
KIT,"SOCS1	1",0.1
KIT,"GRAP	1",0.1
KIT,"GRAP2	1",0.1
KIT,"SH2B3	1",0.1
KIT,"MPDZ	1",0.1
KIT,"SPRED1	1",0.1
KIT,"STAP1	1",0.1
KIT,"SH2B2	1",0.1
KIT,"SPRED2	1",0.1
KITLG,"PIK3CD	1",0.1
KITLG,"CLEC11A	1",0.1
KLC1,"ODF1	1",0.1
KLF5,"PRKCD	1",0.1
KLF5,"GTF2E2	1",0.1
KLF5,"GTF2F2	1",0.1
KLF6,"SP1	1",0.1
KLK3,"SLPI	1",0.1
KLK3,"PTHLH	1",0.1
KLK3,"PLG	1",0.1
KLK3,"SEMG1	1",0.1
KLK3,"SERPINA1	1",0.1
KLK3,"SERPINA5	1",0.1
KLK3,"PZP	1",0.1
KLRB1,"PTPN6	1",0.1
KNG1,"PLG	1",0.1
KNG1,"PLAUR	1",0.1
KNG1,"THBS1	1",0.1
KPNA1,"PAX5	1",0.1
KPNA1,"SRP19	1",0.1
KPNA2,"PAX5	1",0.1
KPNA2,"RAG1	1",0.1
KPNA2,"PTMA	1",0.1
KPNB1,"PTHLH	1",0.1
KPNB1,"PTMA	1",0.1
KRAS,"PIK3CG	1",0.1
KRAS,"RALGDS	1",0.1
KRAS,"SHOC2	1",0.1
KRAS,"RASSF5	1",0.1
KRAS,"RASGRP2	1",0.1
KRAS,"RAP1GDS1	1",0.1
KRAS,"RASSF2	1",0.1
KRIT1,"RAP1A	1",0.1
KRT7,"ATF7IP	1",0.1
KRT7,"LAPTM5	1",0.1
L1CAM,"PRNP	1",0.1
L1CAM,"RDX	1",0.1
LAIR1,"PTPN11	1",0.1
LAMA3,"PLG	1",0.1
LAMA3,"PLAT	1",0.1
LAPTM5,"SMURF2	1",0.1
LAPTM5,"HERC1	1",0.1
LAPTM5,"UBAC1	1",0.1
LAPTM5,"DCUN1D1	1",0.1
LAPTM5,"HEY1	1",0.1
LAPTM5,"ANKRD13A	1",0.1
LAPTM5,"EPN3	1",0.1
LAPTM5,"USP13	1",0.1
LAPTM5,"WWP1	1",0.1
LAPTM5,"RNF168	1",0.1
LAPTM5,"EPN1	1",0.1
LAPTM5,"HUWE1	1",0.1
LAPTM5,"EPN2	1",0.1
LAPTM5,"NEDD4L	1",0.1
LAPTM5,"TOM1L2	1",0.1
LASP1,"PRKAR2B	1",0.1
LBP,"RPS21	1",0.1
LCP2,"VAV1	1",0.1
LCP2,"LYN	1",0.1
LCP2,"PLCG1	1",0.1
LCP2,"PTPN6	1",0.1
LCP2,"ZAP70	1",0.1
LDLR,"PF4	1",0.1
LEPR,"PTPN11	1",0.1
LIG4,"NHEJ1	1",0.1
LIPC,"LRP1	1",0.1
LMNB1,"MELK	1",0.1
LMO1,"TAL2	1",0.1
LMO1,"TAL1	1",0.1
LMO1,"LDB1	1",0.1
LMO2,"TAL2	1",0.1
LMO2,"TAL1	1",0.1
LMO2,"RLIM	1",0.1
LMO2,"RBBP8	1",0.1
LMO2,"KDM5A	1",0.1
LMO2,"LDB1	1",0.1
LNPEP,"SMAD9	1",0.1
LPHN1,"ANKS1A	1",0.1
LPL,"LRP1	1",0.1
LRP1,"FURIN	1",0.1
LRP1,"LTF	1",0.1
LRP1,"MDK	1",0.1
LRP1,"SERPINE1	1",0.1
LRP1,"PLAT	1",0.1
LRP1,"PLAUR	1",0.1
LRP1,"SCN3A	1",0.1
LRP1,"THBS1	1",0.1
LRP1,"PDGFB	1",0.1
LRP1,"SRC	1",0.1
LRP1,"HSP90B1	1",0.1
LRP1,"MMP13	1",0.1
LRP1,"SHC1	1",0.1
LRP1,"MMP14	1",0.1
LRP1,"PRKACA	1",0.1
LRP1,"GTPBP1	1",0.1
LRP1,"MMP15	1",0.1
LRP1,"MMP16	1",0.1
LRP1,"MMP17	1",0.1
LRP1,"MAPK8IP1	1",0.1
LRP1,"GIPC1	1",0.1
LRP1,"SNX17	1",0.1
LRP1,"ITGB1BP1	1",0.1
LRP1,"MAPK8IP2	1",0.1
LRP1,"NOS1AP	1",0.1
LRP1,"GULP1	1",0.1
LRP1,"SYNJ2BP	1",0.1
LRP1,"ANAPC10	1",0.1
LRP2,"SERPINE1	1",0.1
LRP2,"TTR	1",0.1
LRP2,"SLC9A3	1",0.1
LRP2,"TLN1	1",0.1
LRP2,"TG	1",0.1
LRP5,"SMAD9	1",0.1
LRP5,"THBS1	1",0.1
LSAMP,"PRNP	1",0.1
LYN,"PLCG1	1",0.1
LYN,"PECAM1	1",0.1
LYN,"PTPN6	1",0.1
LYN,"TYK2	1",0.1
LYN,"PRKCD	1",0.1
LYN,"MATK	1",0.1
LYN,"SYK	1",0.1
LYN,"PDE4A	1",0.1
LYN,"PLCG2	1",0.1
LYN,"PRKCQ	1",0.1
LYN,"SHC1	1",0.1
LYN,"PTK2	1",0.1
LYN,"PRKDC	1",0.1
LYN,"PIK3CG	1",0.1
LYN,"MAPK3	1",0.1
LYN,"MAP4K1	1",0.1
LYN,"KHDRBS1	1",0.1
LYN,"RGS16	1",0.1
LYN,"PPP1R8	1",0.1
LYN,"NPHS1	1",0.1
LYN,"BCAR1	1",0.1
LYN,"UNC119	1",0.1
LYN,"TRAT1	1",0.1
LYN,"SKAP1	1",0.1
LYN,"SKAP2	1",0.1
LYN,"TRPV4	1",0.1
LYN,"PAG1	1",0.1
LYN,"GAB2	1",0.1
LYN,"PRAM1	1",0.1
LYN,"GAB3	1",0.1
LYN,"PPP1R15A	1",0.1
LYN,"CBLC	1",0.1
LYN,"BANK1	1",0.1
LYN,"GP6	1",0.1
LYN,"EVL	1",0.1
LYN,"NEDD9	1",0.1
LYN,"CHST15	1",0.1
LYN,"SH2B2	1",0.1
LYN,"DOK3	1",0.1
MAF,"MYB	1",0.1
MAF,"USF2	1",0.1
MAF,"MAFG	1",0.1
MAF,"SOX9	1",0.1
MAF,"MAFA	1",0.1
MAFG,"PRRX1	1",0.1
MAP2K1,"RPS6KA2	1",0.1
MAP2K1,"TRAF3	1",0.1
MAP2K1,"LAMTOR3	1",0.1
MAP2K1,"RPS6KA4	1",0.1
MAP2K1,"CPNE1	1",0.1
MAP2K1,"CPNE4	1",0.1
MAP2K1,"TRIB1	1",0.1
MAP2K1,"PEBP4	1",0.1
MAP2K1,"MAPK8IP3	1",0.1
MAP2K1,"KSR2	1",0.1
MAP2K1,"PARVA	1",0.1
MAP3K10,"PHB	1",0.1
MAP3K4,"MAP2K1	1",0.1
MAP3K5,"EIF2AK2	1",0.1
MAP3K5,"TXN	1",0.1
MAP3K5,"TPD52L1	1",0.1
MAPK1,"VAV1	1",0.1
MAPK1,"MAP2K1	1",0.1
MAPK1,"PTPN5	1",0.1
MAPK1,"PTPN1	1",0.1
MAPK1,"PTPN7	1",0.1
MAPK1,"RB1	1",0.1
MAPK1,"RXRA	1",0.1
MAPK1,"SREBF1	1",0.1
MAPK1,"SP1	1",0.1
MAPK1,"ZFP36	1",0.1
MAPK1,"TP53	1",0.1
MAPK1,"RPS6KA3	1",0.1
MAPK1,"SREBF2	1",0.1
MAPK1,"SHC1	1",0.1
MAPK1,"NKX2-1	1",0.1
MAPK1,"UBTF	1",0.1
MAPK1,"SCNN1G	1",0.1
MAPK1,"MAP2K2	1",0.1
MAPK1,"STAT5A	1",0.1
MAPK1,"RPS6KA1	1",0.1
MAPK1,"RPS6KA2	1",0.1
MAPK1,"METAP2	1",0.1
MAPK1,"NCOA3	1",0.1
MAPK1,"KHDRBS1	1",0.1
MAPK1,"PXN	1",0.1
MAPK1,"PTPRH	1",0.1
MAPK1,"TNFSF11	1",0.1
MAPK1,"NCOA1	1",0.1
MAPK1,"PTPRR	1",0.1
MAPK1,"IER3	1",0.1
MAPK1,"SNCG	1",0.1
MAPK1,"LAMTOR3	1",0.1
MAPK1,"KLF11	1",0.1
MAPK1,"PPP1R9B	1",0.1
MAPK1,"TNFRSF25	1",0.1
MAPK1,"IQGAP1	1",0.1
MAPK1,"PEA15	1",0.1
MAPK1,"RPS6KA4	1",0.1
MAPK1,"STAT5B	1",0.1
MAPK1,"DYRK1B	1",0.1
MAPK1,"RGS19	1",0.1
MAPK1,"HDAC4	1",0.1
MAPK1,"GAB2	1",0.1
MAPK1,"FRS3	1",0.1
MAPK1,"UBR5	1",0.1
MAPK1,"GORASP2	1",0.1
MAPK1,"TPR	1",0.1
MAPK1,"TNIP1	1",0.1
MAPK1,"TOB1	1",0.1
MAPK1,"MAPKAPK5	1",0.1
MAPK1,"MKNK1	1",0.1
MAPK1,"DUSP16	1",0.1
MAPK1,"CALCOCO1	1",0.1
MAPK1,"KSR2	1",0.1
MAPK1,"MAFA	1",0.1
MAPK1,"NDE1	1",0.1
MAPK1,"SORBS3	1",0.1
MAPK1,"CEP55	1",0.1
MAPK1,"RET	1",0.1
MAPK14,"JUNB	1",0.1
MAPK14,"PTPN7	1",0.1
MAPK14,"MAPK1	1",0.1
MAPK14,"RET	1",0.1
MAPK14,"SCN8A	1",0.1
MAPK14,"GRB2	1",0.1
MAPK3,"MAP2K1	1",0.1
MAPK3,"PTPN5	1",0.1
MAPK3,"PTPN7	1",0.1
MAPK3,"RET	1",0.1
MAPK3,"SREBF1	1",0.1
MAPK3,"TAL2	1",0.1
MAPK3,"TAL1	1",0.1
MAPK3,"SP1	1",0.1
MAPK7,"RXRA	1",0.1
MAPK8,"REL	1",0.1
MAPK8,"RET	1",0.1
MARCKS,"PRKCA	1",0.1
MARCKS,"PRKCB	1",0.1
MARK2,"GSK3B	1",0.1
MATK,"SRC	1",0.1
MBP,"MELK	1",0.1
MC2R,"POMC	1",0.1
MC5R,"POMC	1",0.1
MCHR1,"PMCH	1",0.1
MCL1,"PCNA	1",0.1
MDM4,"RB1	1",0.1
MECOM,"HDAC1	1",0.1
MECOM,"SMAD3	1",0.1
MECOM,"HDAC4	1",0.1
MECOM,"KAT2B	1",0.1
MED1,"RXRA	1",0.1
MED22,"MED8	1",0.1
MED22,"MED30	1",0.1
MED22,"MED9	1",0.1
MED22,"MED11	1",0.1
MEF2A,"TEAD1	1",0.1
MEF2C,"SP1	1",0.1
MEF2D,"SP1	1",0.1
MELK,"SF3B1	1",0.1
MEOX1,"PAX1	1",0.1
MEOX2,"PAX1	1",0.1
MEP1A,"PTH	1",0.1
MEP1A,"PLG	1",0.1
MEP1A,"POMC	1",0.1
MEP1B,"PRKCD	1",0.1
MET,"SNAPIN	1",0.1
MET,"PCBD2	1",0.1
MET,"VAV1	1",0.1
MET,"SNX2	1",0.1
MET,"SMC1A	1",0.1
MET,"DNAJA3	1",0.1
MFAP4,"SFTPD	1",0.1
MKI67,"PRKCB	1",0.1
MKNK2,"MAPK1	1",0.1
MMP10,"BCAN	1",0.1
MMP12,"PLAUR	1",0.1
MMP13,"TIMP3	1",0.1
MMP14,"TIMP2	1",0.1
MMP14,"TIMP3	1",0.1
MMP3,"SERPINE1	1",0.1
MMP3,"TIMP3	1",0.1
MMP3,"TIMP1	1",0.1
MMP3,"BCAN	1",0.1
MMP3,"CCL13	1",0.1
MMP3,"CCL8	1",0.1
MMP3,"SPOCK1	1",0.1
MMP3,"SPOCK3	1",0.1
MMP7,"SPP1	1",0.1
MMP7,"PLG	1",0.1
MMP7,"SERPINA1	1",0.1
MMP7,"BCAN	1",0.1
MMP7,"NGF	1",0.1
MNAT1,"RB1	1",0.1
MOG,"PRNP	1",0.1
MS4A2,"GRB2	1",0.1
MSH3,"PCNA	1",0.1
MSH4,"RPA1	1",0.1
MSH6,"PCNA	1",0.1
MST1R,"YES1	1",0.1
MST1R,"PIK3R1	1",0.1
MST1R,"PLCG1	1",0.1
MST1R,"SRC	1",0.1
MUTYH,"PCNA	1",0.1
MUTYH,"RPA1	1",0.1
MXD1,"MYC	1",0.1
MYB,"PAX5	1",0.1
MYB,"MAPK1	1",0.1
MYB,"SND1	1",0.1
MYB,"TTF2	1",0.1
MYB,"MYBBP1A	1",0.1
MYB,"HIPK2	1",0.1
MYB,"UBE2I	1",0.1
MYB,"NLK	1",0.1
MYBPC3,"TTN	1",0.1
MYC,"MAP2K1	1",0.1
MYC,"RB1	1",0.1
MYC,"FBXW7	1",0.1
MYC,"NFYB	1",0.1
MYC,"SP1	1",0.1
MYC,"TUBA4A	1",0.1
MYC,"YY1	1",0.1
MYC,"TIAM1	1",0.1
MYC,"MAPK8	1",0.1
MYC,"TFAP2B	1",0.1
MYC,"SMARCB1	1",0.1
MYC,"TP73	1",0.1
MYC,"MAPK7	1",0.1
MYC,"TUBA3C	1",0.1
MYC,"TUBA1A	1",0.1
MYC,"TUBA1B	1",0.1
MYC,"SUPT3H	1",0.1
MYC,"TRRAP	1",0.1
MYC,"NMI	1",0.1
MYC,"ZBTB17	1",0.1
MYC,"PFDN5	1",0.1
MYC,"TUBA8	1",0.1
MYC,"MYCBP	1",0.1
MYC,"RAGE	1",0.1
MYC,"MYCBP2	1",0.1
MYC,"SPAG9	1",0.1
MYC,"MINA	1",0.1
MYLK,"PRKCA	1",0.1
MYLK,"SRC	1",0.1
MYO7A,"PRKAR1A	1",0.1
MYOD1,"NR2F2	1",0.1
NAT1,"NAA10	1",0.1
NBR1,"TTN	1",0.1
NBR1,"CIB1	1",0.1
NBR1,"FEZ1	1",0.1
NCAM2,"PRNP	1",0.1
NCAN,"TNC	1",0.1
NCF4,"PRKCD	1",0.1
NCF4,"TXN	1",0.1
NCK1,"RRAS	1",0.1
NCK1,"PDGFRB	1",0.1
NCK1,"SOS1	1",0.1
ND1,"TST	1",0.1
NEDD8,"NAE1	1",0.1
NEDD8,"CUL2	1",0.1
NEDD8,"CUL4B	1",0.1
NEDD8,"TP53	1",0.1
NEDD8,"PTK2	1",0.1
NEDD9,"PTPN11	1",0.1
NEK2,"MAPK1	1",0.1
NEK3,"VAV1	1",0.1
NEK3,"PRLR	1",0.1
NF2,"SPTBN1	1",0.1
NFATC1,"PIM1	1",0.1
NFATC1,"PRKCA	1",0.1
NFATC2,"PRKCZ	1",0.1
NFE2L2,"PRKCD	1",0.1
NFKBIA,"PTPN1	1",0.1
NFKBIB,"RXRA	1",0.1
NFYA,"NFYB	1",0.1
NFYA,"SP1	1",0.1
NFYA,"USF1	1",0.1
NFYA,"USF2	1",0.1
NFYA,"SRF	1",0.1
NFYA,"SRSF1	1",0.1
NFYA,"NFYC	1",0.1
NFYA,"ZHX3	1",0.1
NFYA,"ZHX1	1",0.1
NFYA,"ZHX2	1",0.1
NFYB,"SP1	1",0.1
NFYB,"CNTN2	1",0.1
NFYB,"TBP	1",0.1
NFYB,"TP73	1",0.1
NFYB,"NFYC	1",0.1
NFYB,"CEBPZ	1",0.1
NFYB,"CSDA	1",0.1
NGF,"PLG	1",0.1
NIT1,"ZFYVE9	1",0.1
NKX2-1,"PAX8	1",0.1
NONO,"SPI1	1",0.1
NOTCH1,"NOV	1",0.1
NOTCH1,"RBP3	1",0.1
NOTCH4,"DLL4	1",0.1
NOTCH4,"MAML1	1",0.1
NOTCH4,"FBXW7	1",0.1
NOV,"DLL1	1",0.1
NOV,"S100A4	1",0.1
NPAS2,"RXRA	1",0.1
NPHS1,"YES1	1",0.1
NPM1,"XPO1	1",0.1
NR0B1,"SREBF1	1",0.1
NR2F2,"SQSTM1	1",0.1
NR2F2,"TRIM24	1",0.1
NR2F2,"BCL11A	1",0.1
NR2F2,"BCL11B	1",0.1
NR2F2,"PIAS1	1",0.1
NR2F2,"FAM46A	1",0.1
NR2F6,"NR2F2	1",0.1
NR4A1,"RPS6KA1	1",0.1
NR4A1,"RPS6KA3	1",0.1
NR4A1,"RPS6KA5	1",0.1
NR4A1,"YWHAZ	1",0.1
NR4A2,"RXRA	1",0.1
NR4A2,"RXRB	1",0.1
NR5A1,"JUN	1",0.1
NR5A1,"MAPK1	1",0.1
NR5A1,"NFYA	1",0.1
NR5A1,"SP1	1",0.1
NR5A1,"PITX1	1",0.1
NR5A1,"NRIP1	1",0.1
NR5A1,"NCOA1	1",0.1
NR5A1,"TBX19	1",0.1
NR5A1,"SOX9	1",0.1
NR5A1,"SOX2	1",0.1
NR5A1,"GTF2B	1",0.1
NR5A1,"GATA4	1",0.1
NR5A1,"EDF1	1",0.1
NR5A1,"TRERF1	1",0.1
NR5A1,"ZNF653	1",0.1
NR5A1,"PIAS1	1",0.1
NR5A1,"SOX8	1",0.1
NR5A1,"PNRC2	1",0.1
NRAP,"TLN1	1",0.1
NRAP,"KBTBD10	1",0.1
NRCAM,"PTPRB	1",0.1
NRGN,"PRKCA	1",0.1
NRGN,"PRKCB	1",0.1
NRGN,"PRKCG	1",0.1
NSF,"STX4	1",0.1
NSMAF,"GNB2L1	1",0.1
NTRK1,"PLCG1	1",0.1
NTRK1,"PTPN1	1",0.1
NTRK1,"RAP1A	1",0.1
NTRK2,"PTPN1	1",0.1
NTRK3,"PLCG1	1",0.1
NTRK3,"PTPN1	1",0.1
NTRK3,"MAPK1	1",0.1
OAZ1,"ODC1	1",0.1
OAZ2,"ODC1	1",0.1
ODF1,"ODF2	1",0.1
ODF1,"TRIP6	1",0.1
ODF1,"SPAG4	1",0.1
ODF1,"SPAG5	1",0.1
OGG1,"PRKCA	1",0.1
OPCML,"PRNP	1",0.1
OPRD1,"OPRK1	1",0.1
OPRD1,"PRKCA	1",0.1
OPRD1,"PRKCE	1",0.1
OPRD1,"PRKCD	1",0.1
OPRD1,"OPRM1	1",0.1
OPRD1,"KLHL3	1",0.1
OPRK1,"SLC9A3R1	1",0.1
ORC2,"RPA1	1",0.1
ORC2,"RPA2	1",0.1
OSBP,"VAPA	1",0.1
OSM,"OSMR	1",0.1
OVGP1,"STATH	1",0.1
OXT,"OXTR	1",0.1
P4HB,"PRNP	1",0.1
P4HB,"TG	1",0.1
PA2G4,"PRKCA	1",0.1
PA2G4,"PRKCB	1",0.1
PA2G4,"PRKCG	1",0.1
PA2G4,"RB1	1",0.1
PAFAH1B1,"CLIP1	1",0.1
PAK1,"PLCG1	1",0.1
PAK1,"MAP2K1	1",0.1
PAK2,"RPS6	1",0.1
PAM,"PRKCA	1",0.1
PAM,"KALRN	1",0.1
PAM,"RASSF9	1",0.1
PAM,"UHMK1	1",0.1
PAPPA,"PLG	1",0.1
PAPPA,"PRG2	1",0.1
PAPPA,"TNNI3	1",0.1
PARP1,"PCNA	1",0.1
PARP1,"RXRA	1",0.1
PARP1,"RPS3A	1",0.1
PARP1,"TP53	1",0.1
PARP1,"XRCC1	1",0.1
PARP1,"POLA1	1",0.1
PARP1,"PRKDC	1",0.1
PARP1,"MYBL2	1",0.1
PARP1,"BUB3	1",0.1
PARP1,"ZNF423	1",0.1
PARP1,"WRN	1",0.1
PARP1,"NCOA6	1",0.1
PARP1,"APTX	1",0.1
PARP1,"XRCC5	1",0.1
PARP1,"PARP2	1",0.1
PARP1,"SWAP70	1",0.1
PARP1,"RBM14	1",0.1
PARP1,"SREK1	1",0.1
PARP1,"NEDD8	1",0.1
PAWR,"PRKCZ	1",0.1
PAX2,"RB1	1",0.1
PAX2,"MAPK8	1",0.1
PAX2,"WT1	1",0.1
PAX2,"PAXIP1	1",0.1
PAX2,"SFRP2	1",0.1
PAX5,"TLE4	1",0.1
PAX7,"HIRA	1",0.1
PAX8,"WBP2	1",0.1
PAX9,"KDM5B	1",0.1
PBX2,"RPL4	1",0.1
PCNA,"RPA1	1",0.1
PCNA,"PTMA	1",0.1
PCNA,"XRCC1	1",0.1
PCNA,"RFC2	1",0.1
PCNA,"SUB1	1",0.1
PCNA,"PRKDC	1",0.1
PCNA,"CHAF1A	1",0.1
PCNA,"RAD9A	1",0.1
PCNA,"POLH	1",0.1
PCNA,"WRN	1",0.1
PCNA,"MYBBP1A	1",0.1
PCNA,"GADD45G	1",0.1
PCNA,"CCNO	1",0.1
PCNA,"APEX2	1",0.1
PCNA,"POLE	1",0.1
PCNA,"POLB	1",0.1
PCNA,"XRCC5	1",0.1
PCNA,"POLL	1",0.1
PCNA,"DNTTIP2	1",0.1
PCNA,"POLD3	1",0.1
PCNA,"KCTD13	1",0.1
PCNA,"CHTF18	1",0.1
PCNA,"DSCC1	1",0.1
PCNA,"POLD2	1",0.1
PCNA,"POLM	1",0.1
PCNA,"CHTF8	1",0.1
PCNA,"POLDIP2	1",0.1
PCNT,"CEP55	1",0.1
PCOLCE,"PLG	1",0.1
PCSK5,"REN	1",0.1
PCSK6,"PMCH	1",0.1
PDC,"YWHAZ	1",0.1
PDC,"PRKACA	1",0.1
PDE4D,"GNB2L1	1",0.1
PDE6D,"RAP1A	1",0.1
PDE6D,"RAP2B	1",0.1
PDE6D,"GRK1	1",0.1
PDE6D,"GRK7	1",0.1
PDE6G,"FNBP1	1",0.1
PDGFA,"PDGFRA	1",0.1
PDGFA,"SPARC	1",0.1
PDGFA,"PDAP1	1",0.1
PDGFB,"PDGFRB	1",0.1
PDGFB,"PDGFRA	1",0.1
PDGFB,"THBS1	1",0.1
PDGFB,"PDAP1	1",0.1
PDGFRA,"PLCG1	1",0.1
PDGFRA,"PDGFRB	1",0.1
PDGFRA,"PTPN11	1",0.1
PDGFRA,"SHB	1",0.1
PDGFRA,"SLC9A3R1	1",0.1
PDGFRA,"SNX2	1",0.1
PDGFRA,"SNX4	1",0.1
PDGFRA,"PDGFC	1",0.1
PDGFRA,"SNX6	1",0.1
PDGFRB,"PIK3R1	1",0.1
PDGFRB,"PIK3CA	1",0.1
PDGFRB,"PLCG1	1",0.1
PDGFRB,"EIF2AK2	1",0.1
PDGFRB,"PTPN11	1",0.1
PDGFRB,"PTPN1	1",0.1
PDGFRB,"SHC1	1",0.1
PDGFRB,"PTK2	1",0.1
PDGFRB,"PTPRJ	1",0.1
PDGFRB,"SNX1	1",0.1
PDGFRB,"NCK2	1",0.1
PDGFRB,"SLC9A3R1	1",0.1
PDGFRB,"PDAP1	1",0.1
PDGFRB,"PTPN2	1",0.1
PDGFRB,"SNX2	1",0.1
PDGFRB,"SNX4	1",0.1
PDGFRB,"PDGFD	1",0.1
PDHA1,"PDHB	1",0.1
PDHA2,"PDHB	1",0.1
PDHB,"PDHX	1",0.1
PDIA3,"TAP1	1",0.1
PDPK1,"PRKCB	1",0.1
PDPK1,"PRKCE	1",0.1
PDPK1,"PRKCD	1",0.1
PDPK1,"PRKCZ	1",0.1
PDZK1,"SLC9A3	1",0.1
PDZK1,"SLC17A1	1",0.1
PEBP1,"MAP2K1	1",0.1
PEBP1,"MAPK1	1",0.1
PEBP1,"PRKCA	1",0.1
PEBP1,"PRKCB	1",0.1
PEBP1,"PRKCD	1",0.1
PEBP1,"PRKCG	1",0.1
PEBP1,"PRKCZ	1",0.1
PECAM1,"YES1	1",0.1
PECAM1,"PIK3R1	1",0.1
PECAM1,"PLCG1	1",0.1
PECAM1,"PTPN11	1",0.1
PECAM1,"PTPN6	1",0.1
PECAM1,"PRKCE	1",0.1
PECAM1,"SRC	1",0.1
PEX10,"PEX2	1",0.1
PEX19,"ABCD3	1",0.1
PF4,"PROC	1",0.1
PF4,"SRGN	1",0.1
PF4,"THBD	1",0.1
PFKFB2,"PRKCA	1",0.1
PFKFB2,"PRKAA2	1",0.1
PFKFB2,"YWHAZ	1",0.1
PFKFB2,"PRKACA	1",0.1
PFKFB2,"PRKAA1	1",0.1
PFKL,"PFKM	1",0.1
PFKP,"DYNLL1	1",0.1
PFN1,"PIK3R1	1",0.1
PFN1,"WASF1	1",0.1
PFN1,"WASL	1",0.1
PFN1,"RHOQ	1",0.1
PFN1,"XPO6	1",0.1
PFN1,"ENAH	1",0.1
PFN1,"APBB1IP	1",0.1
PFN1,"WIPF2	1",0.1
PFN2,"SYN1	1",0.1
PFN2,"ROCK1	1",0.1
PFN2,"VASP	1",0.1
PFN2,"FHOD1	1",0.1
PFN2,"EVL	1",0.1
PGD,"NAA38	1",0.1
PGM1,"S100A1	1",0.1
PGM1,"S100B	1",0.1
PHB,"RB1	1",0.1
PHB,"RBL2	1",0.1
PHB,"TP53	1",0.1
PHB,"SMARCA2	1",0.1
PHB,"NCOR1	1",0.1
PHB,"SMARCA4	1",0.1
PHB,"SIN3A	1",0.1
PHKG1,"CTRC	1",0.1
PHKG1,"PHKG2	1",0.1
PIAS2,"SNIP1	1",0.1
PIGR,"RAB3B	1",0.1
PIGR,"CCL5	1",0.1
PIGR,"AP1M1	1",0.1
PIK3CA,"PRKCD	1",0.1
PIK3CA,"SH3KBP1	1",0.1
PIK3CA,"IRS4	1",0.1
PIK3CA,"PIK3R3	1",0.1
PIK3CA,"MRAS	1",0.1
PIK3CA,"RASD2	1",0.1
PIK3CB,"PIK3R1	1",0.1
PIK3CB,"PRKCE	1",0.1
PIK3CB,"PRKCD	1",0.1
PIK3CD,"PIK3R1	1",0.1
PIK3R1,"NUP85	1",0.1
PIK3R1,"PTPN11	1",0.1
PIK3R1,"TYK2	1",0.1
PIK3R1,"SRC	1",0.1
PIK3R1,"TGFBR1	1",0.1
PIK3R1,"TUBG1	1",0.1
PIK3R1,"SH3KBP1	1",0.1
PIK3R1,"WAS	1",0.1
PIK3R1,"SYN1	1",0.1
PIK3R1,"RRAS2	1",0.1
PIK3R1,"TEK	1",0.1
PIK3R1,"TIE1	1",0.1
PIK3R1,"SHB	1",0.1
PIK3R1,"TYRO3	1",0.1
PIK3R1,"SLC9A2	1",0.1
PIK3R1,"SHC1	1",0.1
PIK3R1,"PTK2	1",0.1
PIK3R1,"IRS2	1",0.1
PIK3R1,"MAPK8	1",0.1
PIK3R1,"RAC1	1",0.1
PIK3R1,"TUBA1B	1",0.1
PIK3R1,"ADAM12	1",0.1
PIK3R1,"BCAR1	1",0.1
PIK3R1,"IRS4	1",0.1
PIK3R1,"SOCS1	1",0.1
PIK3R1,"CD2AP	1",0.1
PIK3R1,"HGS	1",0.1
PIK3R1,"TOM1L1	1",0.1
PIK3R1,"TRAT1	1",0.1
PIK3R1,"YWHAG	1",0.1
PIK3R1,"AGAP2	1",0.1
PIK3R1,"VAV3	1",0.1
PIK3R1,"GAB2	1",0.1
PIK3R1,"PIK3AP1	1",0.1
PIK3R1,"GAB3	1",0.1
PIK3R1,"ARHGAP32	1",0.1
PIK3R1,"PPM1A	1",0.1
PIK3R1,"WBP11	1",0.1
PIK3R1,"PTPN6	1",0.1
PIM1,"PTPRO	1",0.1
PIM1,"SND1	1",0.1
PIM1,"CBX3	1",0.1
PIM1,"CBX1	1",0.1
PIN1,"PTPN1	1",0.1
PIN1,"RAB4A	1",0.1
PIN1,"UBB	1",0.1
PITPNA,"PLCG1	1",0.1
PITX1,"POU1F1	1",0.1
PKD1,"PKD2	1",0.1
PKD1,"TLN1	1",0.1
PKD1,"SRC	1",0.1
PKD2,"CD2AP	1",0.1
PKD2,"TNNI3	1",0.1
PKD2,"TRPC1	1",0.1
PKD2,"HAX1	1",0.1
PKM2,"SORBS2	1",0.1
PKM2,"EXOSC5	1",0.1
PKN1,"MAP2K6	1",0.1
PKN1,"MAPK12	1",0.1
PLA2G1B,"PLA2G2A	1",0.1
PLA2G1B,"PLAA	1",0.1
PLA2G2A,"PLA2R1	1",0.1
PLAT,"PLG	1",0.1
PLAT,"MAPK1	1",0.1
PLAT,"SPARC	1",0.1
PLAT,"CLEC3B	1",0.1
PLAT,"PLAU	1",0.1
PLAT,"MAPK3	1",0.1
PLAT,"LRP1B	1",0.1
PLAT,"CKAP4	1",0.1
PLAU,"PLG	1",0.1
PLAU,"PLAUR	1",0.1
PLAUR,"VTN	1",0.1
PLAUR,"LRP1B	1",0.1
PLCG1,"VAV1	1",0.1
PLCG1,"ZAP70	1",0.1
PLCG1,"GNB2L1	1",0.1
PLCG1,"SOS1	1",0.1
PLCG1,"SRC	1",0.1
PLCG1,"WAS	1",0.1
PLCG1,"SYN1	1",0.1
PLCG1,"SYK	1",0.1
PLCG1,"SHB	1",0.1
PLCG1,"PTK2	1",0.1
PLCG1,"IRS2	1",0.1
PLCG1,"PTPRJ	1",0.1
PLCG1,"TUB	1",0.1
PLCG1,"SOS2	1",0.1
PLCG1,"DGKZ	1",0.1
PLCG1,"SH3BP2	1",0.1
PLCG1,"LAT	1",0.1
PLCG1,"PLD2	1",0.1
PLCG1,"KHDRBS1	1",0.1
PLCG1,"PKN2	1",0.1
PLCG1,"PICALM	1",0.1
PLCG1,"BAG3	1",0.1
PLCG1,"PRKD1	1",0.1
PLCG1,"AGAP2	1",0.1
PLCG1,"VAV3	1",0.1
PLCG1,"SNAP91	1",0.1
PLCG1,"GIT1	1",0.1
PLCG1,"USO1	1",0.1
PLCG1,"LAT2	1",0.1
PLCG1,"TNK1	1",0.1
PLCG1,"TRPM7	1",0.1
PLCG1,"ARHGAP32	1",0.1
PLCG1,"SOCS7	1",0.1
PLCG1,"TRPC3	1",0.1
PLD1,"PRKCA	1",0.1
PLD1,"RALA	1",0.1
PLD2,"PRKCA	1",0.1
PLD2,"PRKCD	1",0.1
PLEC,"SPTAN1	1",0.1
PLEC,"SPTA1	1",0.1
PLG,"PRNP	1",0.1
PLG,"SPARC	1",0.1
PLG,"CLEC3B	1",0.1
PLG,"THBS1	1",0.1
PLG,"SERPINF2	1",0.1
PLG,"AMOT	1",0.1
PLG,"TFPI2	1",0.1
PLG,"RUVBL1	1",0.1
PLG,"CDCP1	1",0.1
PLIN1,"PRKACA	1",0.1
PLK1,"PSMA3	1",0.1
PLK1,"PSMA5	1",0.1
PLK1,"CEP55	1",0.1
PLN,"S100A1	1",0.1
PLN,"PPP1R3A	1",0.1
PLN,"PRKACA	1",0.1
PLN,"SLN	1",0.1
PLSCR1,"SLPI	1",0.1
PLSCR1,"PRKCD	1",0.1
PMCH,"MCHR2	1",0.1
POLA1,"RB1	1",0.1
POLB,"PRKCA	1",0.1
POLD1,"WRNIP1	1",0.1
POLD2,"WRNIP1	1",0.1
POLD2,"WRN	1",0.1
POLG,"SSBP1	1",0.1
POLR3D,"POLR3E	1",0.1
POMC,"VTN	1",0.1
POU1F1,"NR1I2	1",0.1
POU1F1,"NR1I3	1",0.1
PPARA,"MAPK1	1",0.1
PPARA,"RXRA	1",0.1
PPARA,"NCOR2	1",0.1
PPARA,"NCOR1	1",0.1
PPARA,"MAPK3	1",0.1
PPARA,"DAP3	1",0.1
PPARA,"NRIP1	1",0.1
PPARA,"NCOA1	1",0.1
PPARA,"MED1	1",0.1
PPARA,"PPARGC1A	1",0.1
PPARA,"AKAP13	1",0.1
PPARA,"GADD45G	1",0.1
PPARA,"MED24	1",0.1
PPARA,"NR1H3	1",0.1
PPARA,"AIP	1",0.1
PPARA,"NRBF2	1",0.1
PPARA,"PRIC285	1",0.1
PPARA,"MECR	1",0.1
PPARG,"MAPK1	1",0.1
PPARG,"RXRA	1",0.1
PPARG,"RXRG	1",0.1
PPM1A,"PRKCD	1",0.1
PPP1CA,"EIF2AK2	1",0.1
PPP1CA,"PRKCD	1",0.1
PPP1CA,"ZFYVE9	1",0.1
PPP1CC,"EIF2AK2	1",0.1
PPP1R8,"MELK	1",0.1
PPP2CA,"PRKCD	1",0.1
PPP2CA,"RHO	1",0.1
PPP2CB,"AXIN1	1",0.1
PPP2CB,"PACS1	1",0.1
PPP2CB,"LCMT1	1",0.1
PPP2R5A,"EIF2AK2	1",0.1
PPP2R5C,"PRKCD	1",0.1
PPP4C,"REL	1",0.1
PRDX1,"PRDX4	1",0.1
PRG2,"PRKCZ	1",0.1
PRKACA,"NUP85	1",0.1
PRKACA,"PTPN7	1",0.1
PRKACA,"RRAD	1",0.1
PRKACA,"RAP1A	1",0.1
PRKACA,"RAP1B	1",0.1
PRKACA,"RYR1	1",0.1
PRKACA,"RYR2	1",0.1
PRKACA,"PRKAR1A	1",0.1
PRKACA,"SRC	1",0.1
PRKACB,"PKIA	1",0.1
PRKACB,"PKIB	1",0.1
PRKAR1A,"SLC2A4	1",0.1
PRKAR1A,"PRKAR1B	1",0.1
PRKAR1A,"PRKX	1",0.1
PRKAR1A,"AKAP4	1",0.1
PRKAR1A,"RFC2	1",0.1
PRKAR1A,"AKAP10	1",0.1
PRKAR1A,"AKAP11	1",0.1
PRKAR1A,"ARFGEF2	1",0.1
PRKAR1A,"AKAP7	1",0.1
PRKAR1B,"AKAP1	1",0.1
PRKAR1B,"WRN	1",0.1
PRKAR1B,"PPP1R9A	1",0.1
PRKAR2A,"RYR2	1",0.1
PRKAR2A,"SCTR	1",0.1
PRKAR2A,"SEMG2	1",0.1
PRKAR2A,"PRKX	1",0.1
PRKAR2A,"AKAP14	1",0.1
PRKAR2A,"AKAP1	1",0.1
PRKAR2A,"AKAP9	1",0.1
PRKAR2A,"AKAP13	1",0.1
PRKAR2A,"AKAP5	1",0.1
PRKAR2A,"AKAP3	1",0.1
PRKAR2A,"AKAP6	1",0.1
PRKAR2A,"AKAP8	1",0.1
PRKAR2A,"AKAP10	1",0.1
PRKAR2A,"AKAP11	1",0.1
PRKAR2A,"AKAP12	1",0.1
PRKAR2A,"NBEA	1",0.1
PRKAR2A,"RAB32	1",0.1
PRKAR2A,"AKAP2	1",0.1
PRKAR2A,"ARFGEF2	1",0.1
PRKAR2A,"MYCBPAP	1",0.1
PRKAR2A,"AKAP7	1",0.1
PRKAR2B,"AKAP4	1",0.1
PRKAR2B,"AKAP14	1",0.1
PRKAR2B,"AKAP1	1",0.1
PRKAR2B,"AKAP9	1",0.1
PRKAR2B,"AKAP5	1",0.1
PRKAR2B,"AKAP10	1",0.1
PRKAR2B,"AKAP11	1",0.1
PRKAR2B,"NBEA	1",0.1
PRKCA,"SPP1	1",0.1
PRKCA,"PTPN11	1",0.1
PRKCA,"GNB2L1	1",0.1
PRKCA,"PRKCZ	1",0.1
PRKCA,"RRAD	1",0.1
PRKCA,"RHO	1",0.1
PRKCA,"SCTR	1",0.1
PRKCA,"SEMG1	1",0.1
PRKCA,"SEMG2	1",0.1
PRKCA,"TERT	1",0.1
PRKCA,"SRC	1",0.1
PRKCA,"TP53	1",0.1
PRKCA,"VCL	1",0.1
PRKCA,"VTN	1",0.1
PRKCA,"RPL10	1",0.1
PRKCA,"XK	1",0.1
PRKCA,"PTPN12	1",0.1
PRKCA,"SYK	1",0.1
PRKCA,"SNAP25	1",0.1
PRKCA,"TIAM1	1",0.1
PRKCA,"RGS2	1",0.1
PRKCA,"YWHAZ	1",0.1
PRKCA,"DGKZ	1",0.1
PRKCA,"BTG2	1",0.1
PRKCA,"TEP1	1",0.1
PRKCA,"ARHGEF1	1",0.1
PRKCA,"RAC1	1",0.1
PRKCA,"HAND1	1",0.1
PRKCA,"HAND2	1",0.1
PRKCA,"CYTH2	1",0.1
PRKCA,"RGS7	1",0.1
PRKCA,"SNAP23	1",0.1
PRKCA,"FSCN1	1",0.1
PRKCA,"STXBP1	1",0.1
PRKCA,"SPAG1	1",0.1
PRKCA,"PEA15	1",0.1
PRKCA,"AKAP5	1",0.1
PRKCA,"AKAP12	1",0.1
PRKCA,"RGS19	1",0.1
PRKCA,"YWHAG	1",0.1
PRKCA,"CD163	1",0.1
PRKCA,"TRPV6	1",0.1
PRKCA,"PLCB1	1",0.1
PRKCA,"HSPB8	1",0.1
PRKCA,"PRKG1	1",0.1
PRKCA,"PTGIR	1",0.1
PRKCA,"EDF1	1",0.1
PRKCA,"SDPR	1",0.1
PRKCA,"KCNE4	1",0.1
PRKCA,"ADAP1	1",0.1
PRKCA,"AFAP1	1",0.1
PRKCA,"TRIM29	1",0.1
PRKCA,"PDLIM7	1",0.1
PRKCA,"STXBP3	1",0.1
PRKCA,"TNNI3	1",0.1
PRKCA,"HABP4	1",0.1
PRKCA,"TRPC3	1",0.1
PRKCA,"PPP1R14A	1",0.1
PRKCA,"THOC5	1",0.1
PRKCA,"RARA	1",0.1
PRKCA,"SDC4	1",0.1
PRKCA,"TNNT2	1",0.1
PRKCB,"PTPN11	1",0.1
PRKCB,"GNB2L1	1",0.1
PRKCB,"RRAD	1",0.1
PRKCB,"SPTAN1	1",0.1
PRKCB,"VTN	1",0.1
PRKCB,"RGS2	1",0.1
PRKCB,"CYTH2	1",0.1
PRKCB,"MAPK6	1",0.1
PRKCB,"STXBP1	1",0.1
PRKCB,"GNA13	1",0.1
PRKCB,"YWHAG	1",0.1
PRKCB,"PDLIM5	1",0.1
PRKCB,"AFAP1	1",0.1
PRKCB,"ZMYND8	1",0.1
PRKCB,"RIPK4	1",0.1
PRKCB,"PDLIM7	1",0.1
PRKCB,"HABP4	1",0.1
PRKCD,"PTPN6	1",0.1
PRKCD,"PTPRA	1",0.1
PRKCD,"PRKCZ	1",0.1
PRKCD,"CYTH1	1",0.1
PRKCD,"STAT1	1",0.1
PRKCD,"SHC1	1",0.1
PRKCD,"TIAM1	1",0.1
PRKCD,"TAGLN	1",0.1
PRKCD,"PRKDC	1",0.1
PRKCD,"FSCN1	1",0.1
PRKCD,"ADAM9	1",0.1
PRKCD,"GNA13	1",0.1
PRKCD,"YWHAG	1",0.1
PRKCD,"PLCB1	1",0.1
PRKCD,"AKT3	1",0.1
PRKCD,"PLSCR3	1",0.1
PRKCD,"AFAP1	1",0.1
PRKCD,"RIPK4	1",0.1
PRKCD,"HABP4	1",0.1
PRKCD,"PDP2	1",0.1
PRKCD,"RASGRP3	1",0.1
PRKCD,"PDP1	1",0.1
PRKCD,"YWHAB	1",0.1
PRKCE,"MAPK1	1",0.1
PRKCE,"GNB2L1	1",0.1
PRKCE,"SRC	1",0.1
PRKCE,"TIAM1	1",0.1
PRKCE,"TRPV1	1",0.1
PRKCE,"AKAP9	1",0.1
PRKCE,"GNA13	1",0.1
PRKCE,"VDAC1	1",0.1
PRKCE,"PRKD1	1",0.1
PRKCE,"PDLIM5	1",0.1
PRKCE,"COPB2	1",0.1
PRKCE,"ADAP1	1",0.1
PRKCE,"AFAP1	1",0.1
PRKCE,"PPP1R14A	1",0.1
PRKCG,"VTN	1",0.1
PRKCG,"TIAM1	1",0.1
PRKCG,"RGS2	1",0.1
PRKCG,"YWHAB	1",0.1
PRKCG,"CYTH2	1",0.1
PRKCG,"STXBP1	1",0.1
PRKCG,"PNMA1	1",0.1
PRKCG,"YWHAG	1",0.1
PRKCG,"PDLIM5	1",0.1
PRKCG,"PARD3	1",0.1
PRKCG,"PARD6A	1",0.1
PRKCG,"MARK4	1",0.1
PRKCG,"AFAP1	1",0.1
PRKCG,"HABP4	1",0.1
PRKCG,"PPP1R14A	1",0.1
PRKCG,"PARD6B	1",0.1
PRKCH,"PTPN11	1",0.1
PRKCI,"SRC	1",0.1
PRKCQ,"VAV1	1",0.1
PRKCZ,"SRC	1",0.1
PRKCZ,"YWHAB	1",0.1
PRKCZ,"SQSTM1	1",0.1
PRKCZ,"TRAF6	1",0.1
PRKCZ,"FADD	1",0.1
PRKCZ,"MAP2K5	1",0.1
PRKCZ,"IRS4	1",0.1
PRKCZ,"PARD6A	1",0.1
PRKCZ,"FRS2	1",0.1
PRKCZ,"AKT3	1",0.1
PRKCZ,"FEZ1	1",0.1
PRKCZ,"FEZ2	1",0.1
PRKCZ,"ADAP1	1",0.1
PRKCZ,"AFAP1	1",0.1
PRKCZ,"WWC1	1",0.1
PRKCZ,"PARD6G	1",0.1
PRKCZ,"PDLIM7	1",0.1
PRKCZ,"HABP4	1",0.1
PRKCZ,"PPP1R14A	1",0.1
PRKCZ,"PARD6B	1",0.1
PRKDC,"RPA1	1",0.1
PRKDC,"RPA2	1",0.1
PRKG1,"SPP1	1",0.1
PRKG1,"RYR1	1",0.1
PRL,"PRLR	1",0.1
PRLR,"VAV1	1",0.1
PRLR,"PTPN11	1",0.1
PRLR,"VAV2	1",0.1
PRLR,"TEC	1",0.1
PRLR,"YWHAZ	1",0.1
PRLR,"SOCS3	1",0.1
PRLR,"SOCS2	1",0.1
PRLR,"YWHAG	1",0.1
PRM1,"SRPK1	1",0.1
PRMT1,"IFNAR1	1",0.1
PRMT2,"RXRA	1",0.1
PRNP,"ADAM23	1",0.1
PRNP,"STIP1	1",0.1
PRNP,"SPARCL1	1",0.1
PRNP,"PVRL1	1",0.1
PRNP,"CLSTN1	1",0.1
PRNP,"ERI3	1",0.1
PROC,"PROS1	1",0.1
PROC,"THBD	1",0.1
PROC,"PROCR	1",0.1
PROS1,"TYRO3	1",0.1
PRPH,"PRPH2	1",0.1
PRPH2,"ROM1	1",0.1
PRPH2,"GRAP2	1",0.1
PRRX1,"SRF	1",0.1
PRRX1,"MAFF	1",0.1
PRSS1,"TST	1",0.1
PRSS2,"SLPI	1",0.1
PRTN3,"TNF	1",0.1
PRTN3,"RELA	1",0.1
PSEN2,"SRI	1",0.1
PSG3,"ATF7IP	1",0.1
PSMA1,"PSMA3	1",0.1
PSMA3,"PSMA6	1",0.1
PSMA3,"XRN2	1",0.1
PSMB8,"LSM1	1",0.1
PSMB9,"PSMB10	1",0.1
PSMC3,"VHL	1",0.1
PSMC3,"PSMC5	1",0.1
PSMC3,"PSMC4	1",0.1
PSMC3,"PSMC3IP	1",0.1
PSMC5,"RXRA	1",0.1
PSMC5,"SP1	1",0.1
PSMD7,"SLC2A4	1",0.1
PTAFR,"RGS4	1",0.1
PTH,"PTH1R	1",0.1
PTH,"PTH2R	1",0.1
PTH1R,"SLC9A3R1	1",0.1
PTH1R,"SLC9A3R2	1",0.1
PTHLH,"PTH1R	1",0.1
PTK2,"PTPN11	1",0.1
PTK2,"RET	1",0.1
PTK2,"TLN1	1",0.1
PTK2,"SRC	1",0.1
PTK2B,"VAV1	1",0.1
PTK2B,"LYN	1",0.1
PTK2B,"PIK3R1	1",0.1
PTK2B,"ITGB3	1",0.1
PTK2B,"KCNA2	1",0.1
PTK2B,"PTPN11	1",0.1
PTK2B,"PTPN6	1",0.1
PTK2B,"ZAP70	1",0.1
PTK2B,"PRKCD	1",0.1
PTK2B,"TLN1	1",0.1
PTK2B,"SRC	1",0.1
PTMA,"VIPR1	1",0.1
PTMA,"NCOR1	1",0.1
PTMA,"RAN	1",0.1
PTMA,"HIST2H2BE	1",0.1
PTMA,"HIST3H3	1",0.1
PTMA,"HIST1H4A	1",0.1
PTMA,"NUP62	1",0.1
PTMA,"SET	1",0.1
PTMA,"HIST1H2AJ	1",0.1
PTMA,"SIN3A	1",0.1
PTMA,"HIST2H4A	1",0.1
PTMA,"HIST2H3C	1",0.1
PTMA,"HIST1H2BG	1",0.1
PTMA,"NUTF2	1",0.1
PTMA,"PHB2	1",0.1
PTPN1,"TYK2	1",0.1
PTPN1,"SRC	1",0.1
PTPN1,"RRAS2	1",0.1
PTPN1,"STAT5A	1",0.1
PTPN1,"BCAR1	1",0.1
PTPN1,"STAT5B	1",0.1
PTPN11,"TNFRSF1A	1",0.1
PTPN11,"TEK	1",0.1
PTPN11,"TIE1	1",0.1
PTPN11,"STAT1	1",0.1
PTPN11,"SHC1	1",0.1
PTPN11,"IRS2	1",0.1
PTPN11,"STAT5A	1",0.1
PTPN11,"SPRY2	1",0.1
PTPN11,"PXN	1",0.1
PTPN11,"SLAMF1	1",0.1
PTPN11,"IRS4	1",0.1
PTPN11,"STAT5B	1",0.1
PTPN11,"MPZL1	1",0.1
PTPN11,"SIGLEC7	1",0.1
PTPN11,"SIT1	1",0.1
PTPN11,"MVP	1",0.1
PTPN11,"PILRA	1",0.1
PTPN11,"PAG1	1",0.1
PTPN11,"GAB2	1",0.1
PTPN11,"SLAMF6	1",0.1
PTPN11,"SIGLEC11	1",0.1
PTPN11,"FRS2	1",0.1
PTPN11,"FRS3	1",0.1
PTPN11,"BTLA	1",0.1
PTPN11,"GAB3	1",0.1
PTPN11,"C6orf25	1",0.1
PTPN11,"TREML1	1",0.1
PTPN11,"LILRB4	1",0.1
PTPN11,"SIGLEC12	1",0.1
PTPN3,"ZAP70	1",0.1
PTPN6,"ROS1	1",0.1
PTPN6,"TYK2	1",0.1
PTPN6,"ZAP70	1",0.1
PTPN6,"SSTR2	1",0.1
PTPN6,"SRC	1",0.1
PTPN6,"TNFRSF1A	1",0.1
PTPN6,"SYK	1",0.1
PTPN6,"SIRPA	1",0.1
PTPN6,"KHDRBS1	1",0.1
PTPN6,"IRS4	1",0.1
PTPN6,"STAT5B	1",0.1
PTPN6,"BLNK	1",0.1
PTPN6,"CLEC4A	1",0.1
PTPN6,"PILRA	1",0.1
PTPN6,"PAG1	1",0.1
PTPN6,"GAB2	1",0.1
PTPN6,"SLAMF6	1",0.1
PTPN6,"SIGLEC11	1",0.1
PTPN6,"BTLA	1",0.1
PTPN6,"CUZD1	1",0.1
PTPN6,"PILRB	1",0.1
PTPN6,"C6orf25	1",0.1
PTPN6,"TREML1	1",0.1
PTPN6,"LILRB2	1",0.1
PTPN6,"LILRB4	1",0.1
PTPN6,"SIGLEC12	1",0.1
PTPN6,"CD300LF	1",0.1
PTPN6,"KLRAP1	1",0.1
PTPRA,"PTPRM	1",0.1
PTPRA,"PTPRF	1",0.1
PTPRA,"SRC	1",0.1
PTPRA,"PTPRS	1",0.1
PTPRA,"PTPRD	1",0.1
PTPRB,"TEK	1",0.1
PTPRB,"CNTNAP1	1",0.1
PTPRB,"MAGI3	1",0.1
PTPRB,"F11R	1",0.1
PTPRF,"IRS2	1",0.1
PTPRF,"TRIO	1",0.1
PTPRF,"BCAR1	1",0.1
PTPRF,"PPFIA2	1",0.1
PTPRF,"PPFIA3	1",0.1
PTPRF,"FRS2	1",0.1
PTPRF,"PPFIA1	1",0.1
PTPRM,"GNB2L1	1",0.1
PTPRM,"PPFIBP1	1",0.1
PTPRZ1,"GIT1	1",0.1
PURA,"SP1	1",0.1
PVR,"VTN	1",0.1
PVR,"DYNLT3	1",0.1
PVR,"AP1M2	1",0.1
PVR,"PVRL1	1",0.1
PVR,"PVRL3	1",0.1
PVR,"CD226	1",0.1
PXN,"TLN1	1",0.1
PXN,"SRC	1",0.1
PYGM,"S100A1	1",0.1
QARS,"RARS	1",0.1
RAB1A,"RABGGTB	1",0.1
RAB1A,"RABGGTA	1",0.1
RAB1A,"GOLGA5	1",0.1
RAB1A,"GORASP2	1",0.1
RAB1A,"USO1	1",0.1
RAB1A,"MICALL1	1",0.1
RAB27A,"STX1A	1",0.1
RAB2A,"BLZF1	1",0.1
RAB3A,"RABGGTB	1",0.1
RAB3A,"CASK	1",0.1
RAB3A,"RABIF	1",0.1
RAB3A,"RPH3AL	1",0.1
RAB3A,"RABAC1	1",0.1
RAB3A,"SYTL4	1",0.1
RAB3A,"SYTL5	1",0.1
RAB3A,"RIMS1	1",0.1
RAB3A,"RIMS2	1",0.1
RAB3A,"RAB3IL1	1",0.1
RAB3A,"DMXL2	1",0.1
RAB3A,"RAB3IP	1",0.1
RAB3A,"RPH3A	1",0.1
RAB3B,"RPH3AL	1",0.1
RAB3B,"RIMS2	1",0.1
RAB3B,"RPH3A	1",0.1
RAB4A,"STX4	1",0.1
RAB4A,"DYNLL1	1",0.1
RAB4A,"RABEP1	1",0.1
RAB4A,"KIF3B	1",0.1
RAB4A,"CD2AP	1",0.1
RAB4A,"RABAC1	1",0.1
RAB4A,"RAB11FIP1	1",0.1
RAB4A,"DYNC1LI1	1",0.1
RAB4A,"RABGEF1	1",0.1
RAB4A,"RUFY1	1",0.1
RAB4A,"ZFYVE20	1",0.1
RAB5A,"STX4	1",0.1
RAB5A,"TSC2	1",0.1
RAB5A,"SDCBP	1",0.1
RAB5A,"RABEP1	1",0.1
RAB5A,"RABAC1	1",0.1
RAB5A,"EEA1	1",0.1
RAB5A,"RIN1	1",0.1
RAB5A,"RAB37	1",0.1
RAB5A,"USP6NL	1",0.1
RAB5A,"TBC1D3F	1",0.1
RAB5A,"ALS2CL	1",0.1
RAB5A,"RIN2	1",0.1
RAB5A,"ZFYVE20	1",0.1
RAB5A,"TBC1D3C	1",0.1
RAB5B,"TFRC	1",0.1
RAB5B,"EEA1	1",0.1
RAB5B,"RIN1	1",0.1
RAB5B,"RIN3	1",0.1
RAB5B,"RIN2	1",0.1
RAB6A,"TMF1	1",0.1
RAB6A,"RABAC1	1",0.1
RAB6A,"ERC1	1",0.1
RAB6A,"RABGAP1	1",0.1
RAB6A,"SYTL5	1",0.1
RAB6A,"KIF20A	1",0.1
RAB6A,"BICD2	1",0.1
RAB8A,"OPTN	1",0.1
RAB8A,"MAP4K2	1",0.1
RAB8A,"RPH3AL	1",0.1
RAB8A,"SYTL4	1",0.1
RAB8A,"RIMS2	1",0.1
RAB8A,"RPH3A	1",0.1
RAB8A,"PDE6D	1",0.1
RABGGTB,"PTP4A2	1",0.1
RAD23A,"RPN1	1",0.1
RAD51,"RPA1	1",0.1
RAD51,"TP53	1",0.1
RAD51,"SUMO1	1",0.1
RAD51,"DMC1	1",0.1
RAD51,"RAD51AP1	1",0.1
RAD51,"RAD54L	1",0.1
RAD51,"RAD54B	1",0.1
RAD51,"C17orf28	1",0.1
RAD51,"UBE2I	1",0.1
RAD51,"DNAJA3	1",0.1
RAD51,"BCCIP	1",0.1
RAD52,"RPA1	1",0.1
RAD52,"RPA2	1",0.1
RAG1,"RAG2	1",0.1
RALA,"RASSF5	1",0.1
RALA,"CNKSR2	1",0.1
RALA,"EXOC5	1",0.1
RALA,"EXOC1	1",0.1
RALA,"RALBP1	1",0.1
RALA,"REPS1	1",0.1
RALA,"EXOC3	1",0.1
RALA,"EXOC8	1",0.1
RALA,"RAB8B	1",0.1
RALA,"RALGPS1	1",0.1
RALA,"RGL4	1",0.1
RALA,"EXOC2	1",0.1
RALA,"EXOC4	1",0.1
RALA,"EXOC7	1",0.1
RALB,"REPS2	1",0.1
RALB,"RALBP1	1",0.1
RALB,"REPS1	1",0.1
RALB,"RGL4	1",0.1
RALGDS,"RRAS	1",0.1
RALGDS,"RAP1A	1",0.1
RALGDS,"RAP2A	1",0.1
RALGDS,"RAP2B	1",0.1
RANGAP1,"SUMO3	1",0.1
RAP1A,"RGS14	1",0.1
RAP1A,"RABAC1	1",0.1
RAP1A,"RASA3	1",0.1
RAP1A,"RASGRP4	1",0.1
RAP1A,"RAPGEF6	1",0.1
RAP1A,"RGL4	1",0.1
RAP1A,"RAP1GDS1	1",0.1
RAP1A,"RAPGEF5	1",0.1
RAP1A,"RASIP1	1",0.1
RAP1A,"APBB1IP	1",0.1
RAP1B,"RASSF5	1",0.1
RAP2A,"RGS14	1",0.1
RAP2A,"RASSF5	1",0.1
RAP2A,"RAPGEF6	1",0.1
RAP2A,"RAPGEF5	1",0.1
RAP2A,"RASIP1	1",0.1
RAP2A,"RUNDC3A	1",0.1
RAP2A,"TNIK	1",0.1
RAP2B,"RAPGEF5	1",0.1
RAPGEF1,"HRAS	1",0.1
RARA,"SP1	1",0.1
RARB,"RXRB	1",0.1
RARG,"RXRA	1",0.1
RARS,"AIMP1	1",0.1
RB1,"TFAP2A	1",0.1
RB1,"GNB2L1	1",0.1
RB1,"TMPO	1",0.1
RB1,"SP1	1",0.1
RB1,"TGM2	1",0.1
RB1,"SUV39H1	1",0.1
RB1,"MORF4L2	1",0.1
RB1,"TAF1	1",0.1
RB1,"UBTF	1",0.1
RB1,"RBBP5	1",0.1
RB1,"PRDM2	1",0.1
RB1,"SMARCB1	1",0.1
RB1,"SP3	1",0.1
RB1,"RING1	1",0.1
RB1,"SNAPC3	1",0.1
RB1,"RBBP9	1",0.1
RB1,"RBBP7	1",0.1
RB1,"RBBP4	1",0.1
RB1,"SNW1	1",0.1
RB1,"CBX4	1",0.1
RB1,"SMARCA4	1",0.1
RB1,"PRKRA	1",0.1
RB1,"USP4	1",0.1
RB1,"CCNA1	1",0.1
RB1,"RBBP8	1",0.1
RB1,"TRIP11	1",0.1
RB1,"ENC1	1",0.1
RB1,"PIK3R3	1",0.1
RB1,"TRAP1	1",0.1
RB1,"SPIB	1",0.1
RB1,"NDC80	1",0.1
RB1,"EID1	1",0.1
RB1,"RNF40	1",0.1
RB1,"KDM5A	1",0.1
RB1,"THOC1	1",0.1
RB1,"MORF4L1	1",0.1
RB1,"ARID3B	1",0.1
RB1,"CREG1	1",0.1
RB1,"PELP1	1",0.1
RB1,"AATF	1",0.1
RB1,"HBP1	1",0.1
RB1,"LIN9	1",0.1
RB1,"RBAK	1",0.1
RBBP4,"SP1	1",0.1
RBBP6,"ZFYVE9	1",0.1
RBBP8,"RBL2	1",0.1
RBL2,"SUV39H1	1",0.1
RBL2,"TAF1	1",0.1
RBL2,"UBTF	1",0.1
RBL2,"RBBP9	1",0.1
RBL2,"SNW1	1",0.1
RBL2,"BRF2	1",0.1
RBL2,"CREG1	1",0.1
RBL2,"HBP1	1",0.1
RBP4,"TTR	1",0.1
RCC1,"PTMA	1",0.1
RCC1,"CSNK1A1	1",0.1
RCC1,"NUP98	1",0.1
RCC1,"RAN	1",0.1
RCC1,"RANBP1	1",0.1
RCC1,"HIST2H2BE	1",0.1
RCC1,"KPNA3	1",0.1
RCC1,"XPO1	1",0.1
RCC1,"RANBP3	1",0.1
RCC1,"HIST2H2AA3	1",0.1
RCVRN,"GRK1	1",0.1
RDH5,"RLBP1	1",0.1
RDX,"ROCK1	1",0.1
RDX,"CPNE1	1",0.1
RDX,"CPNE2	1",0.1
RDX,"CPNE4	1",0.1
RDX,"GNA13	1",0.1
RDX,"SLC9A3R1	1",0.1
RDX,"SLC9A3R2	1",0.1
REG3A,"REG1A	1",0.1
REG3A,"TRHDE	1",0.1
REL,"SP1	1",0.1
REL,"NKRF	1",0.1
REL,"TBP	1",0.1
REN,"RENBP	1",0.1
REN,"ATP6AP2	1",0.1
RGL2,"RAP1B	1",0.1
RHO,"GRK1	1",0.1
RHO,"SAG	1",0.1
RHOA,"PLCG1	1",0.1
RHOA,"KCNA2	1",0.1
RHOA,"PRKCA	1",0.1
RHOA,"TGM2	1",0.1
RHOA,"FLNA	1",0.1
RHOA,"OPHN1	1",0.1
RHOA,"MCF2	1",0.1
RHOA,"KTN1	1",0.1
RHOA,"VAV2	1",0.1
RHOA,"PKN1	1",0.1
RHOA,"DGKQ	1",0.1
RHOA,"PRKACA	1",0.1
RHOA,"ROCK1	1",0.1
RHOA,"TRIO	1",0.1
RHOA,"ARHGDIA	1",0.1
RHOA,"PPP1R12A	1",0.1
RHOA,"RTKN	1",0.1
RHOA,"CNTNAP1	1",0.1
RHOA,"PLD1	1",0.1
RHOA,"PKN2	1",0.1
RHOA,"PDE6D	1",0.1
RHOA,"ARHGAP1	1",0.1
RHOA,"ARHGDIB	1",0.1
RHOA,"ARHGDIG	1",0.1
RHOA,"AKAP13	1",0.1
RHOA,"RABAC1	1",0.1
RHOA,"ARHGEF4	1",0.1
RHOA,"VAV3	1",0.1
RHOA,"ARHGEF12	1",0.1
RHOA,"CIT	1",0.1
RHOA,"ARHGEF11	1",0.1
RHOA,"ICMT	1",0.1
RHOA,"SRGAP1	1",0.1
RHOA,"DAAM1	1",0.1
RHOA,"RHPN2	1",0.1
RHOA,"SH3BP1	1",0.1
RHOA,"ARHGEF2	1",0.1
RHOA,"DEF6	1",0.1
RHOA,"GMIP	1",0.1
RHOA,"RAP1GDS1	1",0.1
RHOA,"TRPC1	1",0.1
RHOA,"CNKSR1	1",0.1
RHOA,"ARHGEF18	1",0.1
RHOA,"ARHGEF3	1",0.1
RHOA,"ARHGEF25	1",0.1
RHOA,"MCF2L	1",0.1
RHOA,"RGNEF	1",0.1
RHOA,"DOCK7	1",0.1
RHOA,"RHPN1	1",0.1
RHOA,"SPRED2	1",0.1
RHOB,"PGGT1B	1",0.1
RHOB,"PDE6D	1",0.1
RHOB,"ARHGDIG	1",0.1
RHOB,"RHPN2	1",0.1
RHOB,"ARHGEF3	1",0.1
RHOC,"ROCK1	1",0.1
RHOC,"RTKN	1",0.1
RHOC,"CIT	1",0.1
RHOG,"VAV1	1",0.1
RHOG,"MCF2	1",0.1
RHOG,"MAP3K11	1",0.1
RHOG,"KTN1	1",0.1
RHOG,"VAV2	1",0.1
RHOG,"DOCK1	1",0.1
RHOG,"PLD1	1",0.1
RHOG,"ARHGDIG	1",0.1
RHOG,"VAV3	1",0.1
RHOG,"IQGAP2	1",0.1
RHOG,"ECT2	1",0.1
RHOG,"ELMO1	1",0.1
RHOG,"ELMO2	1",0.1
RHOG,"MCF2L	1",0.1
RIT1,"RLF	1",0.1
RIT2,"RLF	1",0.1
RIT2,"SOS1	1",0.1
RLN1,"RXFP1	1",0.1
RLN2,"RXFP1	1",0.1
RLN2,"RXFP2	1",0.1
RNASE1,"RNH1	1",0.1
RNASEL,"ABCE1	1",0.1
RNF111,"SMURF2	1",0.1
RNF2,"TFCP2	1",0.1
RNPEP,"ZFYVE9	1",0.1
ROR2,"WNT5A	1",0.1
ROS1,"VAV3	1",0.1
ROS1,"LPHN1	1",0.1
RPA1,"RPA2	1",0.1
RPA1,"RPA3	1",0.1
RPA1,"TP53	1",0.1
RPA1,"XPA	1",0.1
RPA1,"WRN	1",0.1
RPA1,"RPA4	1",0.1
RPA1,"TREX1	1",0.1
RPA1,"HELB	1",0.1
RPA2,"RPA3	1",0.1
RPA2,"UNG	1",0.1
RPA2,"XPA	1",0.1
RPA2,"CCNO	1",0.1
RPA2,"SERTAD3	1",0.1
RPA3,"RPA4	1",0.1
RPL10,"YES1	1",0.1
RPL12,"IPO11	1",0.1
RPL7A,"STAU1	1",0.1
RPLP0,"STAU1	1",0.1
RPLP1,"RPLP2	1",0.1
RPLP1,"PDCD4	1",0.1
RPN1,"UBQLN2	1",0.1
RPS13,"PDCD4	1",0.1
RPS15,"UPF2	1",0.1
RPS25,"UPF2	1",0.1
RPS3A,"VDAC2	1",0.1
RPS6,"STAU1	1",0.1
RPS6,"RPS6KB1	1",0.1
RPS6KA1,"MAGI1	1",0.1
RPS6KA2,"MAGI1	1",0.1
RPS6KA2,"SHANK1	1",0.1
RPS6KA3,"MAGI1	1",0.1
RPS6KA3,"SHANK1	1",0.1
RRAD,"YWHAZ	1",0.1
RRAD,"TPM2	1",0.1
RRAS,"SOS1	1",0.1
RRAS,"RASSF5	1",0.1
RRAS,"NAV2	1",0.1
RRAS,"RASIP1	1",0.1
RRBP1,"ATF7IP	1",0.1
RRM1,"RRM2	1",0.1
RRM1,"RRM2B	1",0.1
RRM2,"TP53	1",0.1
RUNX2,"JUN	1",0.1
RUNX2,"PRKCD	1",0.1
RUNX2,"CEBPB	1",0.1
RXRA,"SP1	1",0.1
RXRA,"TBP	1",0.1
RXRA,"NR1H2	1",0.1
RXRA,"SRF	1",0.1
RXRA,"NCOR2	1",0.1
RXRA,"TDG	1",0.1
RXRA,"VDR	1",0.1
RXRA,"NCOA3	1",0.1
RXRA,"NCOA4	1",0.1
RXRA,"NRIP1	1",0.1
RXRA,"NCOA1	1",0.1
RXRA,"BRD8	1",0.1
RXRA,"TADA3	1",0.1
RXRA,"NR1I2	1",0.1
RXRA,"TRIM24	1",0.1
RXRA,"NR1I3	1",0.1
RXRA,"ZNHIT3	1",0.1
RXRA,"TRIP4	1",0.1
RXRA,"JMJD1C	1",0.1
RXRA,"TRIP10	1",0.1
RXRA,"COPS2	1",0.1
RXRA,"PPARGC1A	1",0.1
RXRA,"NR0B2	1",0.1
RXRA,"GADD45G	1",0.1
RXRA,"NCOA6	1",0.1
RXRA,"MED24	1",0.1
RXRA,"THRA	1",0.1
RXRA,"THRB	1",0.1
RXRA,"NCOA2	1",0.1
RXRA,"EDF1	1",0.1
RXRA,"ITGB3BP	1",0.1
RXRA,"NSD1	1",0.1
RXRA,"DNTTIP2	1",0.1
RXRA,"NRBF2	1",0.1
RXRA,"RNF8	1",0.1
RXRA,"ZBTB16	1",0.1
RXRA,"MECR	1",0.1
RXRA,"TAF11	1",0.1
RXRA,"PSMC3IP	1",0.1
RXRB,"NR1H2	1",0.1
RXRB,"NCOA3	1",0.1
RXRB,"NCOA1	1",0.1
RXRB,"NR1I2	1",0.1
RXRB,"NR2E3	1",0.1
RXRB,"NR0B2	1",0.1
RXRB,"AKAP13	1",0.1
RXRB,"THRA	1",0.1
RXRB,"TAF11	1",0.1
RXRG,"SRF	1",0.1
RXRG,"THRB	1",0.1
RYR1,"S100A1	1",0.1
RYR1,"RYR2	1",0.1
RYR1,"TRDN	1",0.1
RYR1,"HOMER2	1",0.1
RYR1,"HOMER3	1",0.1
RYR1,"HOMER1	1",0.1
RYR2,"RYR3	1",0.1
RYR2,"SRI	1",0.1
RYR2,"AKAP6	1",0.1
RYR2,"HOMER1	1",0.1
S100A1,"S100B	1",0.1
S100A1,"CACYBP	1",0.1
S100A1,"S100A4	1",0.1
S100A11,"S100B	1",0.1
S100A13,"SYT1	1",0.1
S100A2,"TPM1	1",0.1
S100A2,"TPM3	1",0.1
S100A2,"TPM2	1",0.1
S100B,"TP53	1",0.1
S100B,"IQGAP1	1",0.1
S100B,"NDRG1	1",0.1
S100B,"CACYBP	1",0.1
S100B,"TNIP1	1",0.1
S100B,"STK38	1",0.1
S100B,"AHNAK	1",0.1
S1PR1,"PDGFRB	1",0.1
S1PR1,"HTR1D	1",0.1
SCARB2,"THBS1	1",0.1
SCNN1A,"STX1A	1",0.1
SCNN1B,"STX1A	1",0.1
SCNN1G,"STX1A	1",0.1
SCP2,"ACAA2	1",0.1
SCT,"SCTR	1",0.1
SCTR,"CPAMD8	1",0.1
SDC1,"CASK	1",0.1
SDC1,"SDCBP	1",0.1
SDC3,"TUBB	1",0.1
SDCBP,"SOX4	1",0.1
SELP,"SELPLG	1",0.1
SELP,"AP1M1	1",0.1
SELP,"SNX17	1",0.1
SEMG1,"SEMG2	1",0.1
SEMG1,"TGM1	1",0.1
SEMG2,"TGM1	1",0.1
SERPINA1,"PRTN3	1",0.1
SERPINA3,"CTSG	1",0.1
SERPINA3,"CTRL	1",0.1
SERPINA3,"CTRB1	1",0.1
SERPINA3,"CMA1	1",0.1
SERPINA3,"MMP1	1",0.1
SERPINA3,"CELA1	1",0.1
SERPINA3,"ELANE	1",0.1
SERPINA3,"MST1	1",0.1
SERPINA3,"KLK2	1",0.1
SERPINA3,"ERBB2	1",0.1
SERPINA3,"KLK3	1",0.1
SERPINA3,"F5	1",0.1
SERPINA3,"POLA1	1",0.1
SERPINA3,"CTRC	1",0.1
SERPINA3,"DNAJC1	1",0.1
SERPINA5,"PLAT	1",0.1
SERPINA5,"PROC	1",0.1
SERPINA5,"SEMG2	1",0.1
SERPINA5,"THBD	1",0.1
SERPINB13,"PLG	1",0.1
SERPINB13,"PRTN3	1",0.1
SERPINB2,"RB1	1",0.1
SERPINB2,"PLAU	1",0.1
SERPINB6,"PLG	1",0.1
SERPINB6,"PROC	1",0.1
SERPINB6,"PLAU	1",0.1
SERPINC1,"SDC2	1",0.1
SERPINC1,"KLK2	1",0.1
SERPINC1,"PLG	1",0.1
SERPINC1,"F2	1",0.1
SERPINE1,"PLG	1",0.1
SERPINE1,"PLAT	1",0.1
SERPINE1,"PLAU	1",0.1
SERPINE1,"VTN	1",0.1
SERPINE1,"LRP1B	1",0.1
SERPING1,"PLG	1",0.1
SERPING1,"PLAT	1",0.1
SERPING1,"SELP	1",0.1
SERPING1,"F2	1",0.1
SERPINH1,"SLC2A4	1",0.1
SERPINI1,"PLG	1",0.1
SERPINI1,"PLAT	1",0.1
SETDB1,"SNIP1	1",0.1
SF3A2,"SMURF2	1",0.1
SF3B1,"SNIP1	1",0.1
SGTA,"TMPO	1",0.1
SH3BP2,"VAV1	1",0.1
SH3BP2,"ZAP70	1",0.1
SHB,"VAV1	1",0.1
SHB,"ZAP70	1",0.1
SHB,"SRC	1",0.1
SHC1,"ZAP70	1",0.1
SHC1,"SP1	1",0.1
SHC1,"SRC	1",0.1
SIAH2,"VAV1	1",0.1
SKIL,"CDC16	1",0.1
SKIL,"FZR1	1",0.1
SKIL,"CPNE1	1",0.1
SKIL,"CPNE2	1",0.1
SKIL,"CPNE4	1",0.1
SKIL,"SMURF2	1",0.1
SKIV2L,"SNRPB	1",0.1
SKP2,"UBB	1",0.1
SKP2,"WEE1	1",0.1
SLA,"VAV1	1",0.1
SLA,"ZAP70	1",0.1
SLC2A4,"RAB7A	1",0.1
SLC2A4,"STRN3	1",0.1
SLC2A4,"MVP	1",0.1
SLC2A4,"PDIA6	1",0.1
SLC2A4,"UBA52	1",0.1
SLC2A4,"LEPREL4	1",0.1
SLC2A4,"UBE2N	1",0.1
SLC2A4,"KBTBD10	1",0.1
SLC2A4,"ARFIP1	1",0.1
SLC2A4,"LEPRE1	1",0.1
SLC2A4,"MAP1S	1",0.1
SLC2A4,"FAR1	1",0.1
SLC2A4,"ESYT2	1",0.1
SLC2A4,"C1QTNF5	1",0.1
SLC2A4,"CCDC116	1",0.1
SLC2A4,"FKBP10	1",0.1
SLC6A4,"STX1A	1",0.1
SLC6A9,"STX1A	1",0.1
SLC8A1,"TRPC3	1",0.1
SLC9A1,"YWHAB	1",0.1
SLC9A1,"MAP4K4	1",0.1
SLC9A1,"CHP	1",0.1
SLC9A1,"TESC	1",0.1
SLC9A2,"SPTAN1	1",0.1
SLC9A2,"SPTA1	1",0.1
SLC9A2,"SRC	1",0.1
SLC9A3,"SLC9A3R1	1",0.1
SLC9A3,"SLC9A3R2	1",0.1
SLC9A3,"CHP	1",0.1
SLC9A3,"CHP2	1",0.1
SMAD1,"SMAD5	1",0.1
SMAD1,"ZBTB44	1",0.1
SMAD1,"TTF2	1",0.1
SMAD1,"MLL2	1",0.1
SMAD1,"SF3B1	1",0.1
SMAD1,"RFX1	1",0.1
SMAD1,"ZSCAN4	1",0.1
SMAD1,"PSMD11	1",0.1
SMAD1,"SOX5	1",0.1
SMAD1,"VPS24	1",0.1
SMAD1,"TTF1	1",0.1
SMAD1,"STARD13	1",0.1
SMAD1,"PIGQ	1",0.1
SMAD1,"PUM1	1",0.1
SMAD1,"ANKRD27	1",0.1
SMAD1,"ICK	1",0.1
SMAD1,"ZDHHC3	1",0.1
SMAD1,"SMARCE1	1",0.1
SMAD1,"ZNF510	1",0.1
SMAD1,"PSMD1	1",0.1
SMAD1,"ZNF76	1",0.1
SMAD1,"HBP1	1",0.1
SMAD1,"SNRNP70	1",0.1
SMAD2,"SKIL	1",0.1
SMAD2,"SP1	1",0.1
SMAD2,"ZEB1	1",0.1
SMAD2,"MYC	1",0.1
SMAD3,"SKIL	1",0.1
SMAD3,"PAX8	1",0.1
SMAD3,"PRTN3	1",0.1
SMAD3,"SPTBN1	1",0.1
SMAD3,"ZEB1	1",0.1
SMAD3,"MYC	1",0.1
SMAD4,"SMAD5	1",0.1
SMAD4,"SKIL	1",0.1
SMAD4,"TDG	1",0.1
SMAD4,"MYOD1	1",0.1
SMAD4,"PRPF40A	1",0.1
SMAD4,"ODZ3	1",0.1
SMAD4,"RFX1	1",0.1
SMAD4,"ATF7IP	1",0.1
SMAD4,"PSMD11	1",0.1
SMAD4,"DCP1B	1",0.1
SMAD4,"HMG20A	1",0.1
SMAD4,"XPO5	1",0.1
SMAD4,"RPL28	1",0.1
SMAD4,"TCTA	1",0.1
SMAD4,"RALA	1",0.1
SMAD4,"GPNMB	1",0.1
SMAD4,"PSG9	1",0.1
SMAD4,"TH1L	1",0.1
SMAD4,"MAPK13	1",0.1
SMAD4,"TM9SF2	1",0.1
SMAD4,"ZBED5	1",0.1
SMAD4,"CNKSR1	1",0.1
SMAD4,"RMND5B	1",0.1
SMAD4,"UHRF2	1",0.1
SMAD4,"MAPK1	1",0.1
SMAD4,"PSG2	1",0.1
SMAD4,"C16orf57	1",0.1
SMAD4,"SNRNP70	1",0.1
SMAD4,"SPTBN1	1",0.1
SMAD5,"SF3B1	1",0.1
SMAD5,"MTMR10	1",0.1
SMAD5,"PNKP	1",0.1
SMAD5,"SFPQ	1",0.1
SMAD5,"SNRPA	1",0.1
SMAD5,"PSMD11	1",0.1
SMAD5,"U2AF2	1",0.1
SMAD5,"SOX5	1",0.1
SMAD5,"RBM4	1",0.1
SMAD5,"RYR2	1",0.1
SMAD5,"VPS24	1",0.1
SMAD5,"PPIL4	1",0.1
SMAD5,"SNRNP70	1",0.1
SMAD5,"WWP1	1",0.1
SMAD7,"ZNF107	1",0.1
SMAD7,"ZBTB44	1",0.1
SMAD7,"TTF2	1",0.1
SMAD7,"MYOD1	1",0.1
SMAD7,"SOX5	1",0.1
SMAD7,"ASH1L	1",0.1
SMAD7,"ZBTB11	1",0.1
SMAD7,"SOX13	1",0.1
SMAD7,"TTF1	1",0.1
SMAD9,"SVEP1	1",0.1
SMAD9,"PIR	1",0.1
SMAD9,"MLL2	1",0.1
SMAD9,"ERVV-1	1",0.1
SMAD9,"SF3B1	1",0.1
SMAD9,"CPXM2	1",0.1
SMAD9,"EXPH5	1",0.1
SMAD9,"RFX1	1",0.1
SMAD9,"LEMD3	1",0.1
SMAD9,"ZSCAN4	1",0.1
SMAD9,"KIAA0226	1",0.1
SMAD9,"SECISBP2	1",0.1
SMAD9,"ZNF484	1",0.1
SMAD9,"ZNF587	1",0.1
SMAD9,"ARHGAP9	1",0.1
SMAD9,"PKP2	1",0.1
SMAD9,"PELP1	1",0.1
SMAD9,"TMEM57	1",0.1
SMAD9,"ASH2L	1",0.1
SMAD9,"SNRNP70	1",0.1
SMAD9,"HEY1	1",0.1
SMAD9,"PSAP	1",0.1
SMAD9,"TTC37	1",0.1
SMAD9,"NAGK	1",0.1
SMAD9,"SIL1	1",0.1
SMAD9,"DNAJA3	1",0.1
SMAD9,"DKK1	1",0.1
SMAD9,"PABPC4	1",0.1
SMAD9,"PLEC	1",0.1
SMAD9,"STAG1	1",0.1
SMAD9,"CEP135	1",0.1
SMAD9,"EVC2	1",0.1
SMAD9,"ARID1B	1",0.1
SMAD9,"MAN1C1	1",0.1
SMAD9,"CHPF	1",0.1
SMAD9,"RNF123	1",0.1
SMAD9,"ABTB1	1",0.1
SMAD9,"PSMD8	1",0.1
SMAD9,"KDM6A	1",0.1
SMAD9,"EIF3C	1",0.1
SMAD9,"PPP2R5E	1",0.1
SMAD9,"VPS8	1",0.1
SMAD9,"RANBP9	1",0.1
SMAD9,"CTR9	1",0.1
SMAD9,"AFF1	1",0.1
SMAD9,"XAB2	1",0.1
SMAD9,"TRIM29	1",0.1
SMAD9,"MCM3AP	1",0.1
SMAD9,"PPARD	1",0.1
SMAD9,"EIF3F	1",0.1
SMAD9,"BAZ1A	1",0.1
SMAD9,"ZNF592	1",0.1
SMAD9,"MTMR10	1",0.1
SMAD9,"MAN1A2	1",0.1
SMAD9,"OTUB1	1",0.1
SMAD9,"UBA6	1",0.1
SMAD9,"RMND5A	1",0.1
SMAD9,"PHKA2	1",0.1
SMAD9,"DNAJC7	1",0.1
SMAD9,"TBCD	1",0.1
SMAD9,"YWHAQ	1",0.1
SMAD9,"PNPLA2	1",0.1
SMAD9,"MTMR11	1",0.1
SMAD9,"SMG1	1",0.1
SMAD9,"UBE3A	1",0.1
SMAD9,"DIAPH3	1",0.1
SMAD9,"CLPB	1",0.1
SMAD9,"ZNF83	1",0.1
SMAD9,"MGAT1	1",0.1
SMAD9,"ASB2	1",0.1
SMAD9,"MAN2B1	1",0.1
SMAD9,"UNC45A	1",0.1
SMAD9,"RRBP1	1",0.1
SMAD9,"HUWE1	1",0.1
SMARCB1,"SRC	1",0.1
SMN1,"SNRPB	1",0.1
SMN2,"SNRPB	1",0.1
SMURF2,"TMEM139	1",0.1
SNAP25,"SYT1	1",0.1
SNAP25,"VAMP2	1",0.1
SNAP25,"STX1A	1",0.1
SNIP1,"HIPK1	1",0.1
SNIP1,"ZCCHC7	1",0.1
SNRNP70,"SMURF2	1",0.1
SNRNP70,"PRPF40A	1",0.1
SNRNP70,"HTATSF1	1",0.1
SNRNP70,"GEMIN2	1",0.1
SNRNP70,"SNRPC	1",0.1
SNRNP70,"SCAF11	1",0.1
SNRNP70,"CTDP1	1",0.1
SNRNP70,"NUDT21	1",0.1
SNRNP70,"ZRANB2	1",0.1
SNRNP70,"DDX17	1",0.1
SNRNP70,"SRPK1	1",0.1
SNRPA,"PAPOLA	1",0.1
SNRPB,"COIL	1",0.1
SNRPB,"SNRPD3	1",0.1
SNRPB,"SNRPD1	1",0.1
SNRPB,"STXBP2	1",0.1
SNRPB,"SMNDC1	1",0.1
SNRPB,"TOP3B	1",0.1
SNRPB,"PRMT5	1",0.1
SNRPB,"CTDP1	1",0.1
SNRPB,"DDX20	1",0.1
SNRPB,"GEMIN5	1",0.1
SNRPB,"GEMIN4	1",0.1
SNRPB,"STXBP3	1",0.1
SNRPB,"LSM11	1",0.1
SNRPB,"WDR77	1",0.1
SNRPB,"WBP4	1",0.1
SON,"TRIP6	1",0.1
SON,"YWHAG	1",0.1
SOS1,"ZAP70	1",0.1
SOS1,"SH3KBP1	1",0.1
SOS1,"ABI1	1",0.1
SOS1,"CD2AP	1",0.1
SOS1,"GRAP	1",0.1
SOS1,"NCK2	1",0.1
SOS1,"ABI3	1",0.1
SOS1,"PACSIN1	1",0.1
SOS1,"PACSIN3	1",0.1
SOS1,"FRS2	1",0.1
SOS1,"SNX9	1",0.1
SOS1,"SNX18	1",0.1
SP1,"SREBF1	1",0.1
SP1,"TAL1	1",0.1
SP1,"OGT	1",0.1
SP1,"YY1	1",0.1
SP1,"SREBF2	1",0.1
SP1,"SP4	1",0.1
SP1,"SP3	1",0.1
SP1,"KLF10	1",0.1
SP1,"KLF4	1",0.1
SP1,"SF3A1	1",0.1
SP1,"PER3	1",0.1
SP1,"PPP1R13L	1",0.1
SP1,"DROSHA	1",0.1
SP1,"ZBTB7A	1",0.1
SP1,"MIER1	1",0.1
SP1,"POGZ	1",0.1
SP1,"ZBTB16	1",0.1
SP1,"TAF4	1",0.1
SP1,"AATF	1",0.1
SP1,"MIS18BP1	1",0.1
SP1,"SKIV2L2	1",0.1
SP100,"SNIP1	1",0.1
SPARC,"THBS1	1",0.1
SPARC,"TGFB1	1",0.1
SPARC,"TGM2	1",0.1
SPARC,"VEGFA	1",0.1
SPI1,"SPIB	1",0.1
SPINK1,"CTRC	1",0.1
SPINK1,"NRSN1	1",0.1
SPTA1,"SPTB	1",0.1
SPTA1,"ABI1	1",0.1
SPTA1,"SPTBN2	1",0.1
SPTAN1,"SPTB	1",0.1
SPTAN1,"SRC	1",0.1
SPTAN1,"SYN1	1",0.1
SPTAN1,"ABI1	1",0.1
SPTAN1,"SHANK1	1",0.1
SPTAN1,"TANC1	1",0.1
SPTB,"CSRP3	1",0.1
SPTBN1,"CPNE1	1",0.1
SPTBN1,"CPNE4	1",0.1
SPTBN1,"ACTR1A	1",0.1
SRC,"GNB2L1	1",0.1
SRC,"TERT	1",0.1
SRC,"IKBKG	1",0.1
SRC,"VCL	1",0.1
SRC,"WAS	1",0.1
SRC,"SYN1	1",0.1
SRC,"TXK	1",0.1
SRC,"SYK	1",0.1
SRC,"TYRO3	1",0.1
SRC,"STAT1	1",0.1
SRC,"SRF	1",0.1
SRC,"TIAM1	1",0.1
SRC,"TUB	1",0.1
SRC,"YWHAB	1",0.1
SRC,"STAT5A	1",0.1
SRC,"KIFAP3	1",0.1
SRC,"TRAF6	1",0.1
SRC,"KHDRBS1	1",0.1
SREBF1,"YY1	1",0.1
SREBF1,"SUMO1	1",0.1
SREBF1,"UBE2I	1",0.1
SREBF1,"TWIST2	1",0.1
SRF,"TEAD1	1",0.1
SRGN,"CCL3	1",0.1
SRI,"GCA	1",0.1
SRP19,"IPO7	1",0.1
SRP19,"IPO8	1",0.1
SRPR,"SSR2	1",0.1
SRSF1,"SNRNP70	1",0.1
SRSF2,"SNRNP70	1",0.1
SST,"SSTR1	1",0.1
SST,"SSTR2	1",0.1
SST,"SSTR3	1",0.1
SST,"SSTR4	1",0.1
SST,"SSTR5	1",0.1
SSTR1,"SSTR5	1",0.1
SSTR3,"TP53	1",0.1
SSTR5,"ADCY10	1",0.1
ST7,"GNB2L1	1",0.1
STAT1,"TYK2	1",0.1
STAT1,"GNB2L1	1",0.1
STATH,"PROL1	1",0.1
STX1A,"SYT1	1",0.1
STX1A,"VAMP1	1",0.1
STX1A,"VAMP2	1",0.1
STX1A,"VAMP7	1",0.1
STX1A,"SYT4	1",0.1
STX1A,"STXBP2	1",0.1
STX1A,"SNAP23	1",0.1
STX1A,"VAMP8	1",0.1
STX1A,"NAPA	1",0.1
STX1A,"STX8	1",0.1
STX1A,"UNC13B	1",0.1
STX1A,"STXBP6	1",0.1
STX1A,"SYTL4	1",0.1
STX1A,"STXBP5	1",0.1
STX1A,"CPLX1	1",0.1
STX1A,"TXLNA	1",0.1
STX1A,"TXLNB	1",0.1
STX1A,"SYT7	1",0.1
STX1A,"SNAP29	1",0.1
STX1A,"SNPH	1",0.1
STX4,"VAMP2	1",0.1
STX4,"SYT4	1",0.1
STX4,"VAMP8	1",0.1
STX4,"VAMP3	1",0.1
STX4,"RAB11A	1",0.1
STX4,"STXBP6	1",0.1
STX4,"TXLNG	1",0.1
STX4,"STXBP5	1",0.1
STX4,"TXLNA	1",0.1
STX4,"STXBP3	1",0.1
STX4,"TXLNB	1",0.1
STX4,"SYT7	1",0.1
STX4,"STXBP4	1",0.1
STXBP2,"VAMP2	1",0.1
SUMO2,"SAE1	1",0.1
SUMO2,"UBA2	1",0.1
SUMO2,"CUL3	1",0.1
SUMO2,"CCNE2	1",0.1
SUMO2,"TP53BP2	1",0.1
SUMO2,"KALRN	1",0.1
SUMO3,"TDG	1",0.1
SUMO3,"CUL3	1",0.1
SUMO3,"CCNE2	1",0.1
SUMO3,"TP53BP2	1",0.1
SUMO3,"KALRN	1",0.1
SYK,"VAV1	1",0.1
SYT1,"GNB2L1	1",0.1
SYT1,"SYT4	1",0.1
SYT1,"SYNCRIP	1",0.1
SYT1,"ZDHHC17	1",0.1
SYT1,"STON2	1",0.1
SYT1,"SV2B	1",0.1
SYT1,"NRXN1	1",0.1
SYT1,"TFAP2A	1",0.1
TAF1A,"CD3EAP	1",0.1
TAL1,"KAT2B	1",0.1
TAL1,"SIN3A	1",0.1
TAL1,"ZHX1	1",0.1
TAL1,"NCAPG2	1",0.1
TAL1,"ELSPBP1	1",0.1
TAP1,"TAP2	1",0.1
TAP1,"TAPBP	1",0.1
TAP2,"TAPBP	1",0.1
TBCB,"USP7	1",0.1
TBXA2R,"GNA13	1",0.1
TCL1A,"AKT3	1",0.1
TCP1,"TUBA4A	1",0.1
TCP1,"TUBA8	1",0.1
TCP1,"CCT5	1",0.1
TCP1,"CCT7	1",0.1
TCP10,"PARD6A	1",0.1
TCP10,"PARD6B	1",0.1
TDG,"SNIP1	1",0.1
TDGF1,"ACVR1C	1",0.1
TEAD1,"VGLL1	1",0.1
TEAD1,"YAP1	1",0.1
TEAD1,"VGLL4	1",0.1
TEAD1,"VGLL2	1",0.1
TEC,"VAV1	1",0.1
TEP1,"TERT	1",0.1
TERT,"XPO1	1",0.1
TERT,"PINX1	1",0.1
TERT,"PTGES3	1",0.1
TERT,"SMG6	1",0.1
TERT,"XRCC5	1",0.1
TERT,"MCRS1	1",0.1
TERT,"SMG5	1",0.1
TF,"TFRC	1",0.1
TF,"TFR2	1",0.1
TFAP2A,"DEK	1",0.1
TFAP2A,"TP53	1",0.1
TFAP2A,"WWP1	1",0.1
TFAP2A,"WWP2	1",0.1
TFAP2A,"MAGI1	1",0.1
TFAP2A,"CITED2	1",0.1
TFAP2A,"LDLRAP1	1",0.1
TFAP2A,"CITED4	1",0.1
TFAP2A,"EPN2	1",0.1
TFDP1,"TP53	1",0.1
TFDP1,"NPDC1	1",0.1
TFDP1,"SERTAD2	1",0.1
TFRC,"RANBP9	1",0.1
TFRC,"GABARAP	1",0.1
TG,"HSP90B1	1",0.1
TGFB1,"THBS1	1",0.1
THBS1,"CORO1A	1",0.1
THBS2,"THBS3	1",0.1
TMPO,"BANF1	1",0.1
TMPO,"AKAP8L	1",0.1
TMPO,"GMCL1	1",0.1
TMPO,"SGTB	1",0.1
TMPRSS15,"SPINK1	1",0.1
TNC,"PTPRB	1",0.1
TNFAIP3,"LAPTM5	1",0.1
TNFRSF17,"TRAF1	1",0.1
TNFRSF17,"TRAF2	1",0.1
TNFRSF17,"TRAF3	1",0.1
TNFRSF17,"TNFSF13B	1",0.1
TNFRSF17,"TNFSF13	1",0.1
TNPO1,"SRP19	1",0.1
TOPORS,"SNIP1	1",0.1
TP53BP2,"YES1	1",0.1
TP73,"GNB2L1	1",0.1
TRA@,"TRD@	1",0.1
TRA@,"TRB@	1",0.1
TRA@,"TRAT1	1",0.1
TRB@,"TRD@	1",0.1
TRB@,"TRAT1	1",0.1
TRD@,"TRG@	1",0.1
TRIM23,"CYTH1	1",0.1
TSC22D3,"JUN	1",0.1
TTN,"MYOM1	1",0.1
TTN,"MYOM2	1",0.1
TTN,"TCAP	1",0.1
TTN,"TRIM63	1",0.1
TTN,"OBSCN	1",0.1
TTN,"ANKRD1	1",0.1
TTN,"ANKRD2	1",0.1
TTN,"ANKRD23	1",0.1
TUBA1A,"SDC3	1",0.1
TUBA4A,"ZAP70	1",0.1
TXN,"TXNIP	1",0.1
TXNIP,"SMURF2	1",0.1
TYK2,"VAV1	1",0.1
TYK2,"GNB2L1	1",0.1
TYK2,"IRS2	1",0.1
TYK2,"PRMT5	1",0.1
TYK2,"STAM2	1",0.1
TYK2,"XRCC5	1",0.1
TYRO3,"YES1	1",0.1
TYROBP,"ZAP70	1",0.1
UBA52,"LAPTM5	1",0.1
UBE2B,"RAD18	1",0.1
UBE2B,"UBR2	1",0.1
UBE2I,"SNIP1	1",0.1
UBTF,"CD3EAP	1",0.1
VAMP1,"BCAP31	1",0.1
VAMP1,"SNAP23	1",0.1
VAMP1,"VAPA	1",0.1
VAMP1,"VAPB	1",0.1
VAMP2,"SYP	1",0.1
VAMP2,"SNAP23	1",0.1
VAMP2,"VAMP8	1",0.1
VAMP2,"RABAC1	1",0.1
VAMP2,"STX11	1",0.1
VAMP2,"CPLX1	1",0.1
VAMP2,"VAPA	1",0.1
VAMP2,"VAPB	1",0.1
VAMP2,"SYPL1	1",0.1
VAMP2,"TRPC3	1",0.1
VAV1,"ZYX	1",0.1
VAV1,"LAT	1",0.1
VAV1,"SOCS1	1",0.1
VAV1,"AOC3	1",0.1
VAV1,"BLNK	1",0.1
VAV1,"RACGAP1	1",0.1
VAV1,"PAG1	1",0.1
VIM,"NUP85	1",0.1
WEE1,"BRD8	1",0.1
WNT5A,"FZD5	1",0.1
WNT5A,"FZD1	1",0.1
WRNIP1,"POLD4	1",0.1
YBX1,"TFAP2A	1",0.1
YES1,"ADAM12	1",0.1
YES1,"CD2AP	1",0.1
YES1,"TRPV4	1",0.1
YES1,"GP6	1",0.1
YWHAQ,"EPB41L3	1",0.1
ZAP70,"LAT	1",0.1
ZAP70,"SIT1	1",0.1
ZAP70,"SH2B3	1",0.1
ZAP70,"PAG1	1",0.1
ZAP70,"GAB2	1",0.1
ZAP70,"SLAMF6	1",0.1
ZAP70,"SLA2	1",0.1
ZAP70,"DBNL	1",0.1
ZAP70,"FCRL3	1",0.1
ZAP70,"NFAM1	1",0.1
ZEB1,"DRAP1	1",0.1
ZFYVE9,"NUP155	1",0.1
ZFYVE9,"SUMF2	1",0.1
ZFYVE9,"UBXN11	1",0.1
ZFYVE9,"ZMYND8	1",0.1
ZFYVE9,"CHD6	1",0.1
ZFYVE9,"RHOT2	1",0.1
ZFYVE9,"SPG20	1",0.1
ZFYVE9,"SCYL2	1",0.1
ZMYM5,"SNIP1	1",0.1
ZP2,"ZPBP	1",0.1
ZP3,"ENGASE	1",0.1
