source,target
41519,STX1A
41522,STX1A
41522,STX4
AANAT,F2
ABCB7,FECH
ABCC2,RDX
ABCD1,ABCD3
ABCD2,ABCD3
ABL1,ROS1
ABL1,JUN
ABL1,CBL
ABL1,PTPN6
ABL1,ZAP70
ABL1,RAD51
ABL1,RB1
ABL1,GRB2
ABL1,SRC
ABL1,TP53
ABL1,NTRK1
ABL1,BTK
ABL1,RFX1
ABL1,PTPN12
ABL1,NCK1
ABL1,SLC9A2
ABL1,INPPL1
ABL1,PRKDC
ABL1,EPHB2
ABL1,RAN
ABL1,TUB
ABL1,SOS2
ABL1,BIN1
ABL1,MAP4K1
ABL1,TP73
ABL1,CRKL
ABL1,SH3BP2
ABL1,CASP9
ABL1,PXN
ABL1,APBB1
ABL1,GRIN2D
ABL1,DOK1
ABL1,BCAR1
ABL1,RAD9A
ABL1,MAP4K5
ABL1,PAK2
ABL1,WASF1
ABL1,NCSTN
ABL1,SORBS1
ABL1,ADAM15
ABL1,PAG1
ABL1,RIN1
ABL1,PSTPIP1
ABL1,PTPN18
ABL1,ATM
ABL1,ABI2
ABL1,PLSCR1
ABL1,POLR2A
ABL1,CTNND2
ABL1,EVL
ABL1,YTHDC1
ABL1,GPX1
ABL1,NEDD9
ABL1,SORBS2
ABL1,CABLES2
ABL1,SHD
ABL1,ZDHHC16
ABL1,CABLES1
ABL1,DOK3
ABL1,ABI1
ABL1,RAD52
ACBD3,SMURF2
ACHE,APP
ACHE,COL4A1
ACOX1,SLC2A4
ACOX1,SCP2
ACOX3,SMURF2
ACP1,EPHA2
ACP1,ZAP70
ACP1,SPTAN1
ACP5,SPP1
ACP5,GPC4
ACR,ZP2
ACR,ZP3
ACTG1,PPP1R9A
ACTG1,LGALS13
ACTG1,DSTN
ACTL6A,MYC
ACTN1,SLC2A4
ACTN1,GRIA4
ACTN1,VCL
ACTN2,ADORA2A
ACTN2,ANG
ACTN2,UTRN
ACTN2,SELE
ACTN2,GRIN2B
ACTN2,KCNA4
ACTN2,ACTN3
ACTN2,DLG1
ACTN2,ADAM12
ACTN2,DLG4
ACTN2,DISC1
ACTN2,MYOZ2
ACTN2,MYOZ1
ACTN2,KCNA5
ACTN2,CAMK2A
ACTN2,CAMK2G
ACTN2,CAMK2D
ACTN2,NCOA2
ACTN2,LRRC7
ACTN2,PDLIM1
ACTN2,PALLD
ACTN2,MYPN
ACTN3,NRAP
ACTN4,SLC2A4
ACTN4,PTPN11
ACVR1B,TDGF1
ADAM17,TIMP3
ADCY5,PRKCA
ADCY5,PRKCZ
ADCYAP1,SCTR
ADD3,PRKCA
ADRA1A,FLNC
ADRA1B,FLNC
ADRA1D,FLNC
ADRB1,ARRB1
ADRB2,GRB2
ADRBK1,ARRB1
AES,GTF2E1
AGER,S100A1
AGER,S100B
AHR,RB1
AHR,GTF2F2
AKAP9,CEP55
AKR1B1,SMAD1
ALOX5,GRB2
ALPP,GPLD1
ALPP,PIGK
AMBP,F2
ANK1,EPB42
ANK1,RHAG
ANK1,SPTAN1
ANK1,TTN
ANK1,L1CAM
ANK1,TIAM1
ANK1,OBSCN
ANK1,NBPF3
ANK1,NFASC
ANXA11,SRI
ANXA2,GRB2
ANXA7,SRI
AP1B1,ARRB2
AP1G1,SPTB
AP2A1,SMAD9
AP2A2,SMAD1
AP2B1,ARRB1
APBA1,STX1A
APBA2,LRP1
APBB1,PRNP
APBB1,LRP1
APBB1,TFCP2
APC,JUP
APC,CSNK1E
APC,PRKACA
APC,PPP2R5A
APC,KIFAP3
APC,SIAH1
APC,BUB1
APC,MAPRE1
APC,AXIN1
APC,RP1
APC,AXIN2
APC,ARHGEF4
APC,DLGAP1
APEX1,CSNK2A1
APEX1,GZMA
APEX1,HSPA1A
APEX1,XRCC6
APEX1,NME1
APEX1,HMGB2
APEX1,PCNA
APEX1,TXN
APEX1,TP53
APEX1,XRCC1
APEX1,NXF2
APEX1,FEN1
APEX1,HDAC1
APEX1,EP300
APEX1,HNRNPL
APEX1,HIF1A
APEX1,MUTYH
APEX1,ANP32C
APEX1,DCTN1
APEX1,POLB
APEX1,ANP32A
APEX1,SET
APEX1,UBE2I
APOA1,PDE1A
APOA1,TTR
APOA1,APOB
APOA2,APOC1
APOA2,APOD
APOA2,C4A
APOA2,PLTP
APOA2,APOA1BP
APOA4,GPLD1
APOB,CALR
APOB,CANX
APOB,PPIB
APOB,HSPA5
APOB,HSPA1A
APOB,HSP90AA1
APOB,LIPC
APOB,MTTP
APOB,HSP90B1
APOB,BGN
APOB,LRP2
APOB,LDLR
APOB,PDIA4
APOB,SEC61B
APOB,HSPA8
APOB,SEC61A2
APOD,LEPR
APOE,LRP1
APOE,CTSB
APOE,MAP2
APOE,MAPT
APOE,NEFM
APOE,PLTP
APOE,PRNP
APOE,VLDLR
APOE,LRP2
APOE,SCARB1
APOE,LRP8
APOE,LDLR
APOF,APOA2
APOF,APOA1
APP,EPB41
APP,CLU
AQP1,EPHB2
AQP1,PICK1
AR,JUN
AR,CCND1
AR,GNB2L1
AR,RB1
AR,GTF2F1
AR,GTF2F2
AR,GTF2H1
ARAF,RRAS
ARAF,PIK3R1
ARAF,MAP2K1
ARAF,PKM2
ARAF,RABGGTB
ARAF,HRAS
ARF3,SLC2A4
ARF6,ARRB1
ARF6,ARRB2
ARG1,ARG2
ARHGAP1,PIK3R1
ARHGAP5,SMURF2
ARHGDIA,RDX
ARHGDIB,VAV1
ARID3A,E2F1
ARID4A,EID1
ARID4A,HDAC3
ARNT,SMAD9
ARR3,PTAFR
ARR3,RHO
ARR3,SRC
ARRB1,CLTC
ARRB1,CSK
ARRB1,CXCR2
ARRB1,FGR
ARRB1,OPRD1
ARRB1,PTH1R
ARRB1,PTHLH
ARRB1,MAPK1
ARRB1,SLC9A5
ARRB1,DVL1
ARRB1,CCR5
ARRB1,RALGDS
ARRB1,NSF
ARRB1,MAPK3
ARRB1,DVL2
ARRB1,CYTH2
ARRB1,TRHR
ARRB2,CSNK2A1
ARRB2,CSNK2A2
ARRB2,CLTC
ARRB2,NTSR1
ARRB2,MDM2
ARRB2,OPRD1
ARRB2,OXTR
ARRB2,PTAFR
ARRB2,AVPR2
ARRB2,RALGDS
ARRB2,MAP3K5
ARRB2,CYTH2
ARRB2,MAPK10
ARRB2,NTS
ARRB2,TRH
ARSF,SNRNP70
ART1,PDGFB
ATF3,JUN
ATF3,JUND
ATF4,JUN
ATF4,CEBPB
ATF4,GTF2F2
ATM,RAD51
ATM,E2F1
ATN1,PSMA3
ATN1,GIGYF1
ATN1,SIAH1
ATN1,SIAH2
ATN1,SLIT1
ATN1,TEP1
ATN1,TRIP6
ATN1,PRRC2A
ATN1,BAG6
ATN1,GCC1
ATN1,ALG13
ATN1,KAT6A
ATN1,RBM10
ATN1,KRTAP4-12
ATN1,LTBP4
ATN1,NCK2
ATN1,SYVN1
ATN1,MEGF11
ATN1,RHOXF2
ATN1,PRRC2B
ATN1,EFCAB4B
ATN1,CHRD
ATN1,CBFA2T2
ATP1A1,CFL1
ATP1A1,MAPK3
ATP1A1,FXYD2
ATP1A1,FXYD1
ATP1A1,TPT1
ATP1A2,TPT1
ATP1B1,FXYD1
ATP1B2,NGB
ATR,FLT1
ATR,E2F1
AVP,OXTR
AVPR1A,PRKCA
AXL,GRB2
BAG1,PDGFRB
BAG1,RB1
BAG6,PRPF40A
BAG6,ZFYVE9
BCAT1,SMAD5
BCHE,COLQ
BCR,YWHAB
BCR,YWHAG
BCR,YWHAH
BCR,SFN
BCR,YWHAE
BCR,GRB2
BGN,PLA2G1B
BICD1,RAB6A
BIN1,SOS1
BIN1,MYC
BLK,CBL
BLM,RAD51
BLM,RPA1
BLM,SUMO2
BLM,SUMO3
BMP4,ZFYVE9
BMPR2,PRKCB
BMPR2,MOS
BMX,ITK
BMX,SRC
BRCA2,RAD51
BSG,SLC2A4
BTK,VAV1
BTK,LYN
BTK,CBL
BTK,PRKCB
BTK,ITK
BTK,PRKCZ
BTK,PRKCQ
BTK,PRKCE
BTK,PRKCA
C1QBP,MAPK1
C1QBP,PRKCA
C1QBP,PRKCD
C3,LRP1
C4BPA,LRP1
C6,F2
C7,PLG
C7,CLU
C8A,CD59
C9,CD59
CA2,SLC9A1
CACNA1A,SYT1
CAD,MAPK1
CALD1,GRB2
CALM1,REL
CALM1,PTPRA
CALM1,FER
CALM1,RRAD
CALM1,RALA
CALM1,RALB
CALM1,DDX5
CALM1,SYT1
CALM1,GRM3
CALM1,GRM4
CALM1,KRAS
CALR,LRP1
CAMK2A,PDC
CAMK2A,CEBPB
CAMK2D,RPS18
CAMK2G,RRAD
CAMK2G,RYR1
CAMK2G,SPR
CAMK2G,LRRC7
CAMP,PRTN3
CANX,IFNGR1
CANX,LRP1
CAPN3,FLNC
CAPZA1,S100A1
CAPZA1,S100B
CASK,SDC3
CASP1,TFAP2A
CASP3,LYN
CASP3,DSG3
CASP3,TFAP2A
CASP3,EIF2AK2
CASP3,PRKCZ
CASP3,RAD51
CASP3,RB1
CASP3,PTMA
CASP3,SP1
CASP6,TFAP2A
CASP7,EIF2AK2
CASP8,EIF2AK2
CASP8,GMEB1
CASP9,MAP2K1
CASP9,MAPK1
CASP9,GMEB1
CASQ2,ANKRD1
CASR,PRKCA
CASR,PRKCB
CASR,PRKCG
CAV1,PDGFRA
CAV1,PRNP
CAV1,PTPN11
CAV1,PTPN6
CAV1,PTPN1
CAV1,PTPRF
CAV1,RCVRN
CAV1,GRK1
CAV1,SCP2
CAV1,HRAS
CAV1,SRC
CAV2,SRC
CAV3,SLC8A1
CBFA2T3,PRKAR2A
CBL,VAV1
CBL,FGR
CBL,LYN
CBL,PLCG1
CBL,PTPN6
CBL,TYK2
CBL,ZAP70
CBL,ITK
CBL,SRC
CBL,NOTCH1
CBL,SH3KBP1
CBL,SYK
CBL,SCN5A
CBL,VAV2
CBL,NCK1
CBL,SHC1
CBL,INPPL1
CBL,SLA
CBL,PTK2B
CBL,UBE2G1
CBL,LCP2
CBL,CRKL
CBL,SPRY2
CBL,KHDRBS1
CBL,EPHB6
CBL,UBE2D2
CBL,UBE2G2
CBL,PIK3R2
CBL,UBE2L3
CBL,CD2AP
CBL,SORBS1
CBL,SLA2
CBL,PTPN22
CBL,FRS2
CBL,EIF5B
CBL,CDKL2
CBL,UBASH3B
CBLB,VAV1
CBLB,ZAP70
CCBP2,CCL3
CCBP2,CCL4
CCBP2,CCL5
CCL3,CCL4
CCL3,TGFB1
CCL5,SDC1
CCL5,CCRL1
CCL5,SDC4
CCND1,PCNA
CCND1,RB1
CCND1,SP1
CCND1,TAF1
CCND1,IFI27
CCND1,CDKN1B
CCND1,MYBL2
CCND1,PRKACA
CCND1,NCOA3
CCND1,NCOA1
CCND1,EP300
CCND1,CDK6
CCND1,AKAP8
CCND1,GSK3B
CCND1,CCNDBP1
CCND1,KAT2B
CCND1,RBX1
CCND1,THRA
CCND1,THRB
CCND1,HDAC3
CCND1,ORC4
CCND1,CUL3
CCND1,DMTF1
CCND1,HERC5
CCND1,MCM10
CCND1,NPDC1
CCNH,GTF2E2
CCNH,GTF2H1
CCNT1,MYC
CCNT2,RB1
CCR1,CCL3
CCR1,CCL4
CCR1,CCL5
CCR3,FGR
CCR3,CCL3
CCR3,CCL5
CCR4,CCL3
CCR4,CCL5
CCR5,CCL3
CCR5,CCL4
CCR5,CCL5
CCR8,CCL1
CCR8,CCL4
CD151,ITGA3
CD151,ITGB1
CD1D,TRB@
CD1D,P4HB
CD2,CD59
CD2,CD247
CD2,CD4
CD2,SP1
CD2,SH3KBP1
CD2,MXD1
CD2,CD2AP
CD2,CD2BP2
CD2,PSTPIP1
CD247,ZAP70
CD247,CD28
CD247,TRA@
CD247,TRB@
CD247,TFRC
CD247,JAK3
CD247,SHC1
CD247,SLA
CD247,LY6E
CD247,STAT5A
CD247,UNC119
CD247,STAT5B
CD247,NCR1
CD247,TRAT1
CD247,SH2B3
CD247,GAB2
CD247,TIRAP
CD247,SLA2
CD247,DOCK2
CD247,NCR3
CD27,TRAF2
CD27,TRAF3
CD27,TRAF5
CD27,SIVA1
CD27,CD70
CD28,PIK3R1
CD28,PLCG1
CD28,ITK
CD28,CD86
CD28,GRAP2
CD28,DUSP14
CD28,LRRC23
CD28,GRB2
CD36,YES1
CD36,LYN
CD36,ITGB3
CD36,THBS1
CD36,SRC
CD36,MATK
CD36,ITGA2B
CD38,FCGR3A
CD38,LCK
CD38,PECAM1
CD3D,CD8B
CD3D,CD247
CD3D,TRA@
CD3D,CD8A
CD3D,TRB@
CD3D,CD3G
CD3D,CD3E
CD3E,CD3EAP
CD3E,PIK3R1
CD3E,ZAP70
CD3E,TRB@
CD3EAP,POLR1E
CD3G,TRD@
CD3G,TRA@
CD3G,TRB@
CD4,CD44
CD4,CD38
CD4,PIK3R1
CD4,CD28
CD4,DPP4
CD4,CXCL12
CD4,CCR5
CD4,LAT
CD4,IL16
CD4,UNC119
CD4,SELL
CD4,PIP
CD4,PI4KA
CD4,CD82
CD4,HLA-DQA2
CD4,SPG21
CD4,MARCH4
CD44,SRGN
CD44,MMP7
CD44,TGFBR1
CD44,TGFBR2
CD44,VAV2
CD44,ERBB4
CD44,TIAM1
CD44,DMP1
CD44,ARHGEF1
CD44,NF2
CD47,EPB42
CD47,RHAG
CD47,THBS1
CD5,CD72
CD59,GNAI3
CD59,SRC
CD59,SLC6A8
CD59,NCR1
CD59,NCR3
CD59,SMAD4
CD7,PIK3R1
CD7,SECTM1
CD7,PI4KA
CD7,SNAP29
CD72,GRB2
CD72,PTPN6
CD72,SEMA4D
CD72,BLNK
CD81,KIT
CD81,SHC1
CD82,LRP1
CD8A,CD8B
CD8A,SRSF1
CD8A,LAT
CD8A,SREK1
CD9,CD59
CDC20,TCP1
CDC34,CUL1
CDC34,ROCK1
CDC34,UBB
CDC5L,MELK
CDC6,PCNA
CDC6,PSKH1
CDC6,MYC
CDH1,JUP
CDH1,PTPRM
CDH1,PTPRF
CDH1,RRM2
CDH5,JUP
CDH5,PTPN11
CDH5,PTPRB
CDK1,CEP55
CDK1,MYC
CDK2,POLL
CDK6,PCNA
CDK7,E2F1
CDK7,GTF2H1
CDKN1B,GRB2
CDKN1C,PCNA
CDKN2A,NCL
CDKN2A,RPS7
CDKN2A,HSP90AB1
CDKN2A,TBRG1
CDKN2A,GSPT1
CDKN2A,KIAA1984
CDKN2A,ANKRD12
CDKN2A,ZNF227
CDKN2A,PEX19
CDKN2A,ZFP91
CDKN2A,TPI1
CDKN2A,AHNAK
CDX2,UBB
CEBPB,SPI1
CEBPB,MAPK1
CEBPB,RB1
CEBPB,CCL3
CEBPB,SP1
CEBPB,MYB
CEBPB,MYC
CEBPB,ELK1
CEBPB,SRF
CEBPB,HMGA1
CEBPB,HNRNPK
CEBPB,SMAD4
CEBPB,STAT5A
CEBPB,STAT6
CEBPB,SMARCB1
CEBPB,RPS6KA1
CEBPB,SMARCC1
CEBPB,TRIM28
CEBPB,NOLC1
CEBPB,EP300
CEBPB,SMAD3
CEBPB,SMARCA4
CEBPB,MED23
CEBPB,SPIB
CEBPB,TAF9
CEBPE,MYB
CFL1,SLC2A4
CFTR,PRKCA
CFTR,PRKCE
CFTR,STX1A
CHAT,PRKCA
CHD3,TAL1
CHEK1,UBB
CHEK1,CUL1
CHEK1,CUL4A
CHGA,PLG
CHM,RAB3A
CHM,RAB6A
CHRNA1,ITGA7
CHRND,GRB2
CIITA,NFYB
CISH,PRLR
CISH,PRKCA
CISH,PRKCB
CLIP1,IQGAP1
CLIP1,CLASP2
CLK1,PTPN1
CLK2,PTPN1
CLNS1A,SNRPB
CLNS1A,EPB41L3
CLU,PON1
CLU,PRNP
CLU,TGFBR1
CLU,TGFBR2
CLU,VLDLR
CLU,LRP2
CLU,LRP8
CLU,MMP25
CNGB1,PRPH2
CNN1,PRKCE
CNTN1,PRNP
CNTN1,PTPRB
CNTN1,TNC
COL4A2,ATF7IP
COL4A5,OSM
COL4A5,SERPINE2
COL4A6,OSM
COL4A6,SERPINE2
COL6A2,ABCD3
COPA,PDGFRB
COPB1,PDGFRB
COPB1,PRKCE
CORT,SSTR1
CORT,SSTR2
CORT,SSTR3
CORT,SSTR4
CORT,SSTR5
CPB2,PLG
CPB2,F2
CREBBP,JUN
CREBBP,MECOM
CREBBP,GLI3
CREBBP,PRKCD
CREBBP,MAF
CREBBP,RXRG
CREBBP,DDX5
CREBBP,PTMA
CREBBP,MYB
CRK,GRB2
CRKL,KIT
CRKL,PIK3R1
CRKL,IFNAR1
CRKL,PDGFRA
CRKL,PTPN11
CRKL,TYK2
CRKL,SOS1
CRYAB,EPB41
CSF1R,GRB2
CSF2RA,PIK3R1
CSF3R,GRB2
CSH1,PRLR
CSNK2A1,WEE1
CSTA,EVPL
CTBP1,MECOM
CTBP1,RB1
CTBP1,ZEB1
CTBP2,MECOM
CTGF,LRP1
CTNND1,JUP
CTNND1,PTPN6
CTNND1,PTPRM
CTNND1,FER
CTSB,SLPI
CTSD,SLC2A4
CTSK,SPARC
CTSL1,SLPI
CTSS,SLPI
CTTN,GRB2
CXCR3,PF4
CYB5A,CYP1A1
CYP11A1,SMAD9
CYTH1,ARFRP1
CYTH1,CYTIP
DAB1,PLCG1
DAB1,ITGB3
DAB1,PTPN11
DAB1,LRP1
DAB2,SMURF2
DAB2,FGR
DAB2,ITGB3
DAB2,PRKCB
DAB2,PRKCD
DAB2,PRKCG
DAB2,SRC
DAG1,GRB2
DAPK1,STX1A
DAPK3,PRKCZ
DAPK3,MET
DAXX,PAX5
DCTN1,RAB6A
DCTN1,CLIP1
DDR1,PLCG1
DDR2,SRC
DDX5,PRKCA
DDX5,SMAD3
DDX5,AKAP8
DDX5,DDX17
DGCR2,SMURF2
DHX9,JUN
DHX9,PCNA
DHX9,SNRPB
DIAPH1,PKD2
DLD,SLC2A4
DLG2,KCNA4
DLG3,LPHN1
DLG4,ERBB2
DLG4,YES1
DLG4,LYN
DLG4,PTPRG
DLG4,PRKCA
DLG4,LRP1
DLG4,HTR2A
DLG4,LPHN1
DLX3,PRKCA
DMBT1,SFTPD
DNAJB2,SMAD4
DNM1,PFN2
DNM1,PRNP
DNM1,PRKCA
DNM1,SRC
DNM2,PFN1
DNMT3A,MYC
DNTT,PCNA
DOCK2,VAV1
DOK1,KIT
DOK1,ITGB3
DOK1,PTPN6
DPP4,CCL5
DRD2,GIPC1
DRD3,GRB2
DRD3,GIPC1
DRD4,GRB2
DRG1,TAL1
DSC3,JUP
DSG3,JUP
DST,SMAD9
DTNA,GFI1B
DUSP1,MAPK1
DUSP3,PDGFA
DUSP3,ZAP70
DUSP3,MAPK1
DUSP4,MAPK1
DUSP5,MAPK1
DUSP7,MAPK1
DUT,PPARA
DVL2,RBFOX1
DYNC1LI1,NUP85
E2F1,PHB
E2F1,TFDP1
E2F1,SP1
E2F1,GTF2H1
E2F1,TP53
E2F1,PURA
E2F1,SP4
E2F1,SKP2
E2F1,BRD2
E2F1,SP2
E2F1,SP3
E2F1,NDN
E2F1,TFDP2
E2F1,MNAT1
E2F1,MDM4
E2F1,E2F6
E2F1,TRRAP
E2F1,CUL1
E2F1,CHEK2
E2F1,CTDP1
E2F1,TP53BP1
E2F1,TOPBP1
E2F1,NPDC1
E2F1,SERTAD2
E2F2,RB1
E2F2,TFDP1
E2F2,SP1
E2F3,RB1
E2F3,TFDP1
E2F3,SP1
E2F4,RB1
E2F4,RBL2
E2F4,TFDP1
E2F5,RBL2
E2F5,TFDP1
E2F6,TFDP1
E4F1,SMAD9
E4F1,RB1
EDN1,UBQLN4
EEF1A1,SMAD4
EFNA1,EPHA2
EFNA1,EPHA1
EFNA2,EPHA2
EFNA2,EPHA3
EFNA3,EPHA2
EFNA4,EPHA8
EFNA4,EPHA2
EFNA5,EPHA8
EFNA5,EPHA2
EFNA5,EPHA3
EFNB1,SRC
EFNB2,EPHA3
EGF,GRB2
EGFR,GRB2
EHHADH,SCP2
EIF2AK2,TP53
EIF2AK2,STAT1
EIF2AK2,DNAJC3
EIF2AK2,METAP2
EIF2AK2,RAC1
EIF2AK2,TARBP2
EIF2AK2,TIRAP
EIF2AK2,PTGES3
EIF2AK2,PRKRIR
EIF2AK2,STRBP
EIF2AK2,PRKRIP1
EIF2S1,PRKCD
EIF2S1,MELK
EIF3C,SNIP1
EIF3E,SMAD9
EIF4EBP1,MAPK1
EIF4EBP1,PPP2CA
EIF4G1,ZFYVE9
EIF6,PRKCB
EIF6,GNB2L1
ELANE,SLPI
ELAVL4,NFX1
ELF1,REL
ELF1,RB1
ELF1,NFYB
ELF1,SP1
ELF1,HMGA1
ELF2,LMO2
ELK1,MAPK1
ELK1,GRB2
EN1,JUN
ENO1,PLG
EP300,JUN
EP300,PPARA
EP300,TFAP2A
EP300,PCNA
EP300,PRKCD
EP300,MAF
EP300,TAL1
EP300,PTMA
EP300,MYB
EPB41,MACROD1
EPB41,YWHAB
EPB41,YWHAQ
EPB41,SEC14L1
EPB41,GDI1
EPB41,C2CD2L
EPB41,FKBP2
EPB41L1,YWHAQ
EPB41L1,YWHAZ
EPB41L1,YWHAB
EPB41L2,SPTAN1
EPB41L2,FKBP2
EPB42,SPTAN1
EPB42,KRAS
EPB42,SLC4A2
EPB42,STX12
EPB42,CNO
EPB42,SPINK7
EPHA2,PTPN11
EPHA2,TNFAIP1
EPHA2,SHC1
EPHA2,TIAM1
EPHA2,PTK2
EPHA2,SLA
EPHA2,GRB2
EPHA3,RUFY2
EPHA3,RUFY1
EPHA8,PIK3CG
EPHB1,GRB2
EPHB2,RRAS
EPHB2,SRC
EPHB4,SDC3
EPOR,GRB2
EPRS,RARS
EPS15,LAPTM5
EPS8,ITGB3
EPS8,SRC
ERAS,PIK3R1
ERBB2,GRB7
ERBB2,PAK1
ERBB2,PIK3R2
ERBB2,PTPN18
ERBB2,ERBB2IP
ERBB2,NF2
ERBB2,CD82
ERBB2,ERRFI1
ERBB2,TOB1
ERBB2,MUC4
ERBB2,PICK1
ERBB2,GRB2
ERBB3,PIK3R1
ERBB3,SOS1
ERBB3,GRB2
ERF,MAPK1
ERG,SPI1
ERG,FLI1
ERG,ETV1
ERG,SETDB1
ETS2,ZFYVE9
ETV1,KCNA2
ETV3,DDX20
EVI5,FBXO5
EVPL,SPRR2A
EVPL,SPRR3
EWSR1,SMAD1
EXOSC10,RPE
EZH2,VAV1
F10,SERPINB6
F10,PLG
F10,PLAT
F10,PROS1
F2,SERPINB6
F2,SERPINE1
F2,PROC
F2,PROS1
F2,SERPINE2
F2,F2R
F2,THBD
F2,THBS1
F2,KNG1
F2,GP1BA
F2,F9
F2,SERPINB8
F2,SERPINA5
F2,F2RL2
F2,F2RL3
F2,AKR7A2
F2,HGFAC
F2,ITGA2B
F2,F11
F2,ST13
F2,SPP1
F2,PROZ
F2,PLAU
F2R,ITGAV
F2R,SNX1
F2R,GNA12
F2R,GNA13
F2RL1,PLG
F2RL1,PRTN3
F5,PROC
F5,PROS1
F8,PROC
F8,PROS1
F8,LRP1
F9,LRP1
FAF1,SNIP1
FAM175B,SMURF2
FANCA,SPTAN1
FANCC,SPTAN1
FANCC,SPTA1
FANCD2,RAD51
FAP,PLAUR
FASLG,GRB2
FCGR2B,LYN
FCGR2B,PTPN6
FEN1,PCNA
FER,TMF1
FER,YWHAB
FES,PIK3R1
FES,BCAR1
FES,RASA3
FES,DPYSL5
FES,PLXNA1
FES,HSH2D
FEZ1,BRD1
FGF10,FGFR2
FGF3,EBNA1BP2
FGF5,FGFR2
FGF9,FGFR2
FGFR1,GRB2
FGFR2,PLCG1
FGFR3,GRB2
FGR,SRC
FGR,WAS
FGR,SYK
FGR,PTK2
FGR,HCLS1
FGR,SLAMF1
FGR,INPP5D
FHL2,ZFYVE9
FHL2,TTN
FHL3,MAPK1
FKBP1A,RYR1
FKBP1A,RYR3
FKBP1A,TGFBR1
FKBP1A,YY1
FKBP1A,GLMN
FKBP1A,TGFB1I1
FKBP1A,FKBP4
FKBP1A,TRPC3
FKBP1B,RYR2
FKBP2,ARFGEF1
FKBP3,YY1
FKBP3,HDAC1
FKBP3,HDAC2
FLG,PCSK6
FLNA,RALA
FLNC,FURIN
FLNC,INPPL1
FLNC,MAP2K4
FLNC,SGCD
FLNC,MYOT
FLNC,MYOZ1
FLNC,PHLDB2
FLNC,SGCG
FLNC,KCND2
FLNC,NPHP1
FLNC,MYOZ3
FLT1,KDR
FLT1,VEGFA
FLT1,PLCG2
FLT1,SHC1
FLT1,PGF
FLT1,VEGFB
FLT3,GRB2
FLT3LG,KITLG
FLT4,GRB2
FMNL1,PFN1
FN1,SPARC
FOS,SUMO1
FOS,SUMO2
FOS,SUMO3
FOSL2,JUN
FOSL2,JUNB
FOSL2,JUND
FOXG1,TLE1
FOXG1,TLE3
FOXG1,HDAC1
FOXG1,SMAD1
FOXG1,KDM5B
FOXO4,YWHAZ
FRK,RB1
FTL,SMAD9
FYB,SRC
FYB,BCAR1
GAB1,PIK3R1
GAB1,PLCG1
GAB1,PTPN11
GABPA,SP1
GABRA4,PRKCG
GABRB1,PIK3CA
GABRB2,PRKCB
GABRG2,PRKCB
GABRR1,MAPK1
GABRR1,PRKCA
GABRR2,PRKCA
GAD1,PPP2CB
GAD1,PRKCE
GAD2,PRKCE
GADD45B,PPARA
GADD45B,PCNA
GAPDH,SLC2A4
GATA1,SPI1
GATA1,LMO2
GBA,PSAP
GCNT1,PRKCB
GDI1,RAB6A
GDI2,RAB8A
GDI2,RAB2A
GDI2,RAB4A
GDI2,RAB5A
GHR,PIK3R1
GHR,PTPN11
GHR,PTPN6
GHR,TYK2
GJB1,PRKCA
GLI1,ZIC1
GLI1,ZIC2
GLI1,SUFU
GLI1,STK36
GLI2,ZIC1
GLI2,ZIC2
GLI2,SUFU
GLI2,STK36
GLI3,ZIC3
GLI3,ZIC1
GLI3,SMAD4
GLI3,SMAD2
GLI3,SMAD1
GLI3,TWIST1
GLI3,ZIC2
GLI3,SMAD3
GLI3,SUFU
GLI3,STK36
GLRX,PTPN1
GMFB,MAPK1
GMFB,PRKCA
GNA12,PRKCA
GNA12,TBXA2R
GNAQ,PIK3CA
GNAQ,HTR2A
GNAQ,TBXA2R
GNB2L1,TUBB
GNB2L1,PABPC1
GNB2L1,RASA3
GNB2L1,HABP4
GNB2L1,AGTRAP
GNB2L1,LRP12
GNB2L1,SREK1
GNGT1,RHO
GNGT1,GNB5
GNGT1,PLEKHB1
GOLGA1,RAB6A
GOLGA4,RAB6A
GP1BA,GP5
GP1BA,GP9
GP1BA,SELP
GP5,YWHAZ
GPM6A,PRKCA
GRAP2,GNB2L1
GRB10,KIT
GRB10,PDGFRB
GRB10,MAP2K1
GRB10,SRC
GRB14,PDGFRB
GRB14,PDGFRA
GRB14,PRKCZ
GRB2,RASA1
GRB2,PRRC2A
GRB2,HTT
GRB2,IL2RB
GRB2,IRS1
GRB2,ITGA6
GRB2,ITGB4
GRB2,JAK1
GRB2,JAK2
GRB2,PTPRC
GRB2,MAP2
GRB2,MUC1
GRB2,NGFR
GRB2,HNRNPC
GRB2,RET
GRB2,MET
GRB2,KIT
GRB2,PIK3R1
GRB2,PLCG1
GRB2,PDGFRB
GRB2,PRNP
GRB2,PTPN11
GRB2,PTPN6
GRB2,PTPRA
GRB2,PTPN1
GRB2,MAPK1
GRB2,SOS1
GRB2,ITK
GRB2,CCL5
GRB2,PRKAR1A
GRB2,HRAS
GRB2,SRC
GRB2,TNFRSF1A
GRB2,KDR
GRB2,NTRK1
GRB2,REPS2
GRB2,WAS
GRB2,SH2D1A
GRB2,OCRL
GRB2,SYN1
GRB2,PTPN12
GRB2,SYK
GRB2,MST1R
GRB2,TEK
GRB2,RAPGEF1
GRB2,SHB
GRB2,VAV2
GRB2,SHC1
GRB2,PTK2
GRB2,PTPRE
GRB7,KIT
GRIA2,PRKCA
GRIA2,SPTAN1
GRIA3,LYN
GRIA4,IQGAP1
GRID2,PTPN4
GRIN1,PRKCB
GRIN1,PRKCE
GRIN1,PRKCG
GRIN1,RAP2A
GRIN1,SPTAN1
GRIN1,HRAS
GRIN2D,PRKCB
GRIN2D,PRKCE
GRIN2D,PRKCG
GRIN2D,RAP2A
GRIN2D,SPTAN1
GRIN2D,HRAS
GRK5,RCVRN
GRK5,RHO
GRK5,TBXA2R
GRK6,RCVRN
GRK6,RHO
GRK6,TBXA2R
GRM1,PRKCA
GRN,SLPI
GRN,SMAD9
GSK3A,PRKCA
GSK3A,PRKCB
GSK3A,PRKCD
GSK3A,PRKCG
GSK3B,PTPN1
GSK3B,PRKCB
GTF2A1,GTF2E1
GTF2A1,GTF2E2
GTF2A1,GTF2F1
GTF2A2,GTF2E1
GTF2B,REL
GTF2B,JUN
GTF2B,GTF2E1
GTF2B,GTF2E2
GTF2B,GTF2F1
GTF2B,GTF2F2
GTF2E1,GTF2E2
GTF2E1,GTF2F2
GTF2E1,GTF2H1
GTF2E1,TBP
GTF2E1,TCEA1
GTF2E1,GTF2H4
GTF2E1,SND1
GTF2E1,TRIM24
GTF2E1,TAF6
GTF2E2,GTF2F1
GTF2E2,GTF2F2
GTF2E2,GTF2H1
GTF2E2,XPA
GTF2E2,TBP
GTF2E2,SND1
GTF2E2,MNAT1
GTF2E2,NUP62
GTF2E2,ATF7IP
GTF2E2,SUPT16H
GTF2F1,GTF2F2
GTF2F1,MYC
GTF2F1,TAF1
GTF2F1,SRF
GTF2F1,CTDSP1
GTF2F1,ATF7IP
GTF2F2,JUN
GTF2F2,HTATSF1
GTF2F2,TBP
GTF2F2,TAF5
GTF2F2,C19orf2
GTF2F2,POLR2E
GTF2F2,TRAM2
GTF2H1,PIK3R1
GTF2H1,PLCG1
GTF2H1,TP53
GTF2H1,XPA
GTF2H1,XPC
GTF2H1,HNRNPU
GTF2H1,KIF13A
GTF2H1,ATF7IP
GTF2H1,FUBP1
GTF2H1,MMS19
GTF2H1,GTF2H2
GTF2I,PRRX1
GTF2I,MYC
GTF2I,SRC
GUCY2D,S100B
HBG2,SMAD5
HCFC1,JUN
HCFC1,SP1
HCLS1,LYN
HDAC1,PHB
HDAC1,PCNA
HDAC1,NR2F2
HDAC1,RB1
HDAC1,ARID4A
HDAC1,RBL2
HDAC1,TAL1
HDAC1,PTMA
HDAC1,SP1
HDAC2,ARID4A
HDAC2,PTMA
HDAC2,SP1
HDAC6,TUBB
HDAC6,TUBA1B
HDLBP,SMAD4
HFE,TFRC
HHEX,JUN
HIF1A,JUN
HIST1H1B,MELK
HIST1H1E,CBX5
HIST1H1E,CBX1
HIST1H1E,CBX3
HIST3H3,CBX5
HIST3H3,CBX1
HIST3H3,CBX3
HK2,SLC2A4
HK2,PRKCE
HLA-DQA2,INS
HLA-DQB1,INS
HLA-DRB1,TRA@
HLA-DRB1,TRB@
HLA-DRB3,POMC
HMGA1,JUN
HMGA1,NFYA
HMGA1,SP1
HMGB1,PRKCA
HNRNPA2B1,SNRNP70
HNRNPK,VAV1
HNRNPK,LYN
HNRNPK,PRKCD
HNRNPK,ITK
HNRNPK,SRC
HNRNPU,PTPN11
HRAS,VAV1
HRAS,PIK3R1
HRAS,PIK3CA
HRAS,MAP2K1
HRAS,SOS1
HRAS,PDGFB
HRAS,SRC
HRAS,IRAK1
HRAS,TIAM1
HRAS,MAPK8
HRAS,PIK3CG
HRAS,SOS2
HRAS,DGKZ
HRAS,RALGDS
HRAS,PDE6D
HRAS,SHOC2
HRAS,PIK3CD
HRAS,IRAK2
HRAS,RASGRP1
HRAS,RABAC1
HRAS,BRAP
HRAS,RASSF1
HRAS,RIN1
HRAS,IKZF3
HRAS,RASSF5
HRAS,GPSM2
HRAS,ICMT
HRAS,RASGRP4
HRAS,RGL4
HRAS,RAP1GDS1
HRAS,TTC1
HRAS,RGL1
HRAS,RASIP1
HRAS,RASSF2
HRAS,RIT2
HRAS,ZBTB12
HSP90AA1,SLC2A4
HSPA4,RAF1
HSPA8,REL
HSPA8,RB1
HSPA8,RAF1
HSPA8,SP1
HTR1B,HTR1D
HUS1,PCNA
ID3,PAX5
ID3,SREBF1
IDH2,SLC2A4
IFNA2,IFNAR1
IFNAR1,IFNW1
IFNAR1,IFNB1
IFNAR1,PIK3R1
IFNAR1,PTPN11
IFNAR1,PTPN6
IFNAR1,TYK2
IFNAR1,MAPK1
IFNAR1,GNB2L1
IFNAR1,STAT2
IFNAR1,PRKACA
IFNAR2,GNB2L1
IFNG,IFNGR1
IFNGR1,IFNGR2
IFNGR1,JAK1
IGFBP7,INS
IGFBP7,SDC1
IGFBP7,CCL5
IKBKB,EIF2AK2
IKBKB,PRKCZ
IKBKB,YWHAB
IKBKB,UBB
IL13RA1,TYK2
IL1RAP,PIK3R1
IL6ST,VAV1
IL6ST,OSM
IL6ST,PTPN11
IL6ST,PTPN6
IL6ST,TYK2
IL6ST,PRKCD
ILK,ITGB3
ING1,PCNA
INPP4A,PIK3R1
INPP4A,SMAD1
INPP5D,LYN
INPP5D,PECAM1
INPP5D,PTPN11
INPPL1,SRC
INS,NOV
INS,LRP2
INS,SYTL4
INS,TXNDC17
IRAK1,PRKCZ
IRF3,SERPINB2
IRF4,SPI1
IRF8,SPI1
ISL1,LMO2
ITGA1,TLN1
ITGA2B,ITGB3
ITGA9,SPP1
ITGAV,SPP1
ITGAV,ITGB3
ITGAV,PDGFRA
ITGB2,PRKCA
ITGB2,PRKCB
ITGB2,PRKCD
ITGB2,GNB2L1
ITGB2,PRTN3
ITGB2,CYTH1
ITGB2,TLN1
ITGB3,PDGFRB
ITGB3,PECAM1
ITGB3,PDGFRA
ITGB3,TLN1
ITGB3,THBS1
ITGB3,SRC
ITGB3,TGM2
ITGB3,P2RY2
ITGB3,PTK2
ITGB3,NUMB
ITGB3,PDPK1
ITGB3,ITGB3BP
ITGB3,ANGPTL3
ITGB3,TENC1
ITGB3,VTN
ITK,PLCG1
ITK,WAS
ITK,KPNA2
ITK,LCP2
ITK,LAT
ITK,KHDRBS1
ITK,SOCS1
ITK,SH2D2A
ITK,BLNK
ITSN1,SOS1
JUN,SPI1
JUN,POU1F1
JUN,MAF
JUN,RB1
JUN,NFYA
JUN,SP1
JUN,TPM1
JUN,TAF1
JUN,TBP
JUN,STAT1
JUN,STAT4
JUN,PRKDC
JUN,SMAD4
JUN,PIN1
JUN,MAPK8
JUN,NACA
JUN,SMAD2
JUN,TDG
JUN,SMARCD1
JUN,VDR
JUN,MAPK3
JUN,SUMO1
JUN,NCOA3
JUN,NRIP1
JUN,TGIF1
JUN,NCOA1
JUN,MAPK9
JUN,TCF20
JUN,SMAD3
JUN,TRIP4
JUN,MYBBP1A
JUN,PRKD1
JUN,DDX21
JUN,SPIB
JUN,PACS1
JUN,COPS5
JUN,MAFB
JUN,RFWD2
JUN,HDAC3
JUN,UBE2I
JUN,RBM39
JUN,RAGE
JUN,MAPKAPK5
JUN,BATF
JUN,CREB5
JUN,COBRA1
JUN,TPM2
JUN,PIAS1
JUN,RPL18A
JUN,JDP2
JUN,SNRK
JUN,SUMO2
JUN,SUMO3
JUN,FBXW7
JUNB,SMAD4
JUNB,MAPK8
JUNB,SMAD3
JUNB,BATF
JUNB,JDP2
JUND,TBP
JUND,NFE2L2
JUND,SMAD4
JUND,MAPK8
JUND,MAPK9
JUND,COPS5
JUND,RFWD2
JUND,BATF
JUND,JDP2
JUP,ZFYVE9
JUP,PECAM1
JUP,PTPRF
JUP,PTPRJ
JUP,PKD1
JUP,TCF7L2
JUP,PTPRK
JUP,PKP2
JUP,PTPN14
JUP,BTRC
JUP,AXIN1
KCNA2,KCNA4
KCNA2,PTPRA
KCNA2,KCNAB1
KCNA2,KCNAB2
KCNA2,KCNA5
KCNA2,KCNA3
KCNA4,DLGAP1
KCNA4,SNTG1
KCNB1,STX1A
KCNE1,PRKCA
KCNE1,KCNQ1
KCNJ1,PRKCD
KCNJ4,PRKCD
KIT,LYN
KIT,PIK3R1
KIT,PLCG1
KIT,PTPN11
KIT,PTPN6
KIT,PRKCA
KIT,KITLG
KIT,SRC
KIT,MATK
KIT,STAT1
KIT,PTPRO
KIT,TEC
KIT,PIK3R2
KIT,SOCS1
KIT,GRAP
KIT,GRAP2
KIT,SH2B3
KIT,MPDZ
KIT,SPRED1
KIT,STAP1
KIT,SH2B2
KIT,SPRED2
KITLG,PIK3CD
KITLG,CLEC11A
KLC1,ODF1
KLF5,PRKCD
KLF5,GTF2E2
KLF5,GTF2F2
KLF6,SP1
KLK3,SLPI
KLK3,PTHLH
KLK3,PLG
KLK3,SEMG1
KLK3,SERPINA1
KLK3,SERPINA5
KLK3,PZP
KLRB1,PTPN6
KNG1,PLG
KNG1,PLAUR
KNG1,THBS1
KPNA1,PAX5
KPNA1,SRP19
KPNA2,PAX5
KPNA2,RAG1
KPNA2,PTMA
KPNB1,PTHLH
KPNB1,PTMA
KRAS,PIK3CG
KRAS,RALGDS
KRAS,SHOC2
KRAS,RASSF5
KRAS,RASGRP2
KRAS,RAP1GDS1
KRAS,RASSF2
KRIT1,RAP1A
KRT7,ATF7IP
KRT7,LAPTM5
L1CAM,PRNP
L1CAM,RDX
LAIR1,PTPN11
LAMA3,PLG
LAMA3,PLAT
LAPTM5,SMURF2
LAPTM5,HERC1
LAPTM5,UBAC1
LAPTM5,DCUN1D1
LAPTM5,HEY1
LAPTM5,ANKRD13A
LAPTM5,EPN3
LAPTM5,USP13
LAPTM5,WWP1
LAPTM5,RNF168
LAPTM5,EPN1
LAPTM5,HUWE1
LAPTM5,EPN2
LAPTM5,NEDD4L
LAPTM5,TOM1L2
LASP1,PRKAR2B
LBP,RPS21
LCP2,VAV1
LCP2,LYN
LCP2,PLCG1
LCP2,PTPN6
LCP2,ZAP70
LDLR,PF4
LEPR,PTPN11
LIG4,NHEJ1
LIPC,LRP1
LMNB1,MELK
LMO1,TAL2
LMO1,TAL1
LMO1,LDB1
LMO2,TAL2
LMO2,TAL1
LMO2,RLIM
LMO2,RBBP8
LMO2,KDM5A
LMO2,LDB1
LNPEP,SMAD9
LPHN1,ANKS1A
LPL,LRP1
LRP1,FURIN
LRP1,LTF
LRP1,MDK
LRP1,SERPINE1
LRP1,PLAT
LRP1,PLAUR
LRP1,SCN3A
LRP1,THBS1
LRP1,PDGFB
LRP1,SRC
LRP1,HSP90B1
LRP1,MMP13
LRP1,SHC1
LRP1,MMP14
LRP1,PRKACA
LRP1,GTPBP1
LRP1,MMP15
LRP1,MMP16
LRP1,MMP17
LRP1,MAPK8IP1
LRP1,GIPC1
LRP1,SNX17
LRP1,ITGB1BP1
LRP1,MAPK8IP2
LRP1,NOS1AP
LRP1,GULP1
LRP1,SYNJ2BP
LRP1,ANAPC10
LRP2,SERPINE1
LRP2,TTR
LRP2,SLC9A3
LRP2,TLN1
LRP2,TG
LRP5,SMAD9
LRP5,THBS1
LSAMP,PRNP
LYN,PLCG1
LYN,PECAM1
LYN,PTPN6
LYN,TYK2
LYN,PRKCD
LYN,MATK
LYN,SYK
LYN,PDE4A
LYN,PLCG2
LYN,PRKCQ
LYN,SHC1
LYN,PTK2
LYN,PRKDC
LYN,PIK3CG
LYN,MAPK3
LYN,MAP4K1
LYN,KHDRBS1
LYN,RGS16
LYN,PPP1R8
LYN,NPHS1
LYN,BCAR1
LYN,UNC119
LYN,TRAT1
LYN,SKAP1
LYN,SKAP2
LYN,TRPV4
LYN,PAG1
LYN,GAB2
LYN,PRAM1
LYN,GAB3
LYN,PPP1R15A
LYN,CBLC
LYN,BANK1
LYN,GP6
LYN,EVL
LYN,NEDD9
LYN,CHST15
LYN,SH2B2
LYN,DOK3
MAF,MYB
MAF,USF2
MAF,MAFG
MAF,SOX9
MAF,MAFA
MAFG,PRRX1
MAP2K1,RPS6KA2
MAP2K1,TRAF3
MAP2K1,LAMTOR3
MAP2K1,RPS6KA4
MAP2K1,CPNE1
MAP2K1,CPNE4
MAP2K1,TRIB1
MAP2K1,PEBP4
MAP2K1,MAPK8IP3
MAP2K1,KSR2
MAP2K1,PARVA
MAP3K10,PHB
MAP3K4,MAP2K1
MAP3K5,EIF2AK2
MAP3K5,TXN
MAP3K5,TPD52L1
MAPK1,VAV1
MAPK1,MAP2K1
MAPK1,PTPN5
MAPK1,PTPN1
MAPK1,PTPN7
MAPK1,RB1
MAPK1,RXRA
MAPK1,SREBF1
MAPK1,SP1
MAPK1,ZFP36
MAPK1,TP53
MAPK1,RPS6KA3
MAPK1,SREBF2
MAPK1,SHC1
MAPK1,NKX2-1
MAPK1,UBTF
MAPK1,SCNN1G
MAPK1,MAP2K2
MAPK1,STAT5A
MAPK1,RPS6KA1
MAPK1,RPS6KA2
MAPK1,METAP2
MAPK1,NCOA3
MAPK1,KHDRBS1
MAPK1,PXN
MAPK1,PTPRH
MAPK1,TNFSF11
MAPK1,NCOA1
MAPK1,PTPRR
MAPK1,IER3
MAPK1,SNCG
MAPK1,LAMTOR3
MAPK1,KLF11
MAPK1,PPP1R9B
MAPK1,TNFRSF25
MAPK1,IQGAP1
MAPK1,PEA15
MAPK1,RPS6KA4
MAPK1,STAT5B
MAPK1,DYRK1B
MAPK1,RGS19
MAPK1,HDAC4
MAPK1,GAB2
MAPK1,FRS3
MAPK1,UBR5
MAPK1,GORASP2
MAPK1,TPR
MAPK1,TNIP1
MAPK1,TOB1
MAPK1,MAPKAPK5
MAPK1,MKNK1
MAPK1,DUSP16
MAPK1,CALCOCO1
MAPK1,KSR2
MAPK1,MAFA
MAPK1,NDE1
MAPK1,SORBS3
MAPK1,CEP55
MAPK1,RET
MAPK14,JUNB
MAPK14,PTPN7
MAPK14,MAPK1
MAPK14,RET
MAPK14,SCN8A
MAPK14,GRB2
MAPK3,MAP2K1
MAPK3,PTPN5
MAPK3,PTPN7
MAPK3,RET
MAPK3,SREBF1
MAPK3,TAL2
MAPK3,TAL1
MAPK3,SP1
MAPK7,RXRA
MAPK8,REL
MAPK8,RET
MARCKS,PRKCA
MARCKS,PRKCB
MARK2,GSK3B
MATK,SRC
MBP,MELK
MC2R,POMC
MC5R,POMC
MCHR1,PMCH
MCL1,PCNA
MDM4,RB1
MECOM,HDAC1
MECOM,SMAD3
MECOM,HDAC4
MECOM,KAT2B
MED1,RXRA
MED22,MED8
MED22,MED30
MED22,MED9
MED22,MED11
MEF2A,TEAD1
MEF2C,SP1
MEF2D,SP1
MELK,SF3B1
MEOX1,PAX1
MEOX2,PAX1
MEP1A,PTH
MEP1A,PLG
MEP1A,POMC
MEP1B,PRKCD
MET,SNAPIN
MET,PCBD2
MET,VAV1
MET,SNX2
MET,SMC1A
MET,DNAJA3
MFAP4,SFTPD
MKI67,PRKCB
MKNK2,MAPK1
MMP10,BCAN
MMP12,PLAUR
MMP13,TIMP3
MMP14,TIMP2
MMP14,TIMP3
MMP3,SERPINE1
MMP3,TIMP3
MMP3,TIMP1
MMP3,BCAN
MMP3,CCL13
MMP3,CCL8
MMP3,SPOCK1
MMP3,SPOCK3
MMP7,SPP1
MMP7,PLG
MMP7,SERPINA1
MMP7,BCAN
MMP7,NGF
MNAT1,RB1
MOG,PRNP
MS4A2,GRB2
MSH3,PCNA
MSH4,RPA1
MSH6,PCNA
MST1R,YES1
MST1R,PIK3R1
MST1R,PLCG1
MST1R,SRC
MUTYH,PCNA
MUTYH,RPA1
MXD1,MYC
MYB,PAX5
MYB,MAPK1
MYB,SND1
MYB,TTF2
MYB,MYBBP1A
MYB,HIPK2
MYB,UBE2I
MYB,NLK
MYBPC3,TTN
MYC,MAP2K1
MYC,RB1
MYC,FBXW7
MYC,NFYB
MYC,SP1
MYC,TUBA4A
MYC,YY1
MYC,TIAM1
MYC,MAPK8
MYC,TFAP2B
MYC,SMARCB1
MYC,TP73
MYC,MAPK7
MYC,TUBA3C
MYC,TUBA1A
MYC,TUBA1B
MYC,SUPT3H
MYC,TRRAP
MYC,NMI
MYC,ZBTB17
MYC,PFDN5
MYC,TUBA8
MYC,MYCBP
MYC,RAGE
MYC,MYCBP2
MYC,SPAG9
MYC,MINA
MYLK,PRKCA
MYLK,SRC
MYO7A,PRKAR1A
MYOD1,NR2F2
NAT1,NAA10
NBR1,TTN
NBR1,CIB1
NBR1,FEZ1
NCAM2,PRNP
NCAN,TNC
NCF4,PRKCD
NCF4,TXN
NCK1,RRAS
NCK1,PDGFRB
NCK1,SOS1
ND1,TST
NEDD8,NAE1
NEDD8,CUL2
NEDD8,CUL4B
NEDD8,TP53
NEDD8,PTK2
NEDD9,PTPN11
NEK2,MAPK1
NEK3,VAV1
NEK3,PRLR
NF2,SPTBN1
NFATC1,PIM1
NFATC1,PRKCA
NFATC2,PRKCZ
NFE2L2,PRKCD
NFKBIA,PTPN1
NFKBIB,RXRA
NFYA,NFYB
NFYA,SP1
NFYA,USF1
NFYA,USF2
NFYA,SRF
NFYA,SRSF1
NFYA,NFYC
NFYA,ZHX3
NFYA,ZHX1
NFYA,ZHX2
NFYB,SP1
NFYB,CNTN2
NFYB,TBP
NFYB,TP73
NFYB,NFYC
NFYB,CEBPZ
NFYB,CSDA
NGF,PLG
NIT1,ZFYVE9
NKX2-1,PAX8
NONO,SPI1
NOTCH1,NOV
NOTCH1,RBP3
NOTCH4,DLL4
NOTCH4,MAML1
NOTCH4,FBXW7
NOV,DLL1
NOV,S100A4
NPAS2,RXRA
NPHS1,YES1
NPM1,XPO1
NR0B1,SREBF1
NR2F2,SQSTM1
NR2F2,TRIM24
NR2F2,BCL11A
NR2F2,BCL11B
NR2F2,PIAS1
NR2F2,FAM46A
NR2F6,NR2F2
NR4A1,RPS6KA1
NR4A1,RPS6KA3
NR4A1,RPS6KA5
NR4A1,YWHAZ
NR4A2,RXRA
NR4A2,RXRB
NR5A1,JUN
NR5A1,MAPK1
NR5A1,NFYA
NR5A1,SP1
NR5A1,PITX1
NR5A1,NRIP1
NR5A1,NCOA1
NR5A1,TBX19
NR5A1,SOX9
NR5A1,SOX2
NR5A1,GTF2B
NR5A1,GATA4
NR5A1,EDF1
NR5A1,TRERF1
NR5A1,ZNF653
NR5A1,PIAS1
NR5A1,SOX8
NR5A1,PNRC2
NRAP,TLN1
NRAP,KBTBD10
NRCAM,PTPRB
NRGN,PRKCA
NRGN,PRKCB
NRGN,PRKCG
NSF,STX4
NSMAF,GNB2L1
NTRK1,PLCG1
NTRK1,PTPN1
NTRK1,RAP1A
NTRK2,PTPN1
NTRK3,PLCG1
NTRK3,PTPN1
NTRK3,MAPK1
OAZ1,ODC1
OAZ2,ODC1
ODF1,ODF2
ODF1,TRIP6
ODF1,SPAG4
ODF1,SPAG5
OGG1,PRKCA
OPCML,PRNP
OPRD1,OPRK1
OPRD1,PRKCA
OPRD1,PRKCE
OPRD1,PRKCD
OPRD1,OPRM1
OPRD1,KLHL3
OPRK1,SLC9A3R1
ORC2,RPA1
ORC2,RPA2
OSBP,VAPA
OSM,OSMR
OVGP1,STATH
OXT,OXTR
P4HB,PRNP
P4HB,TG
PA2G4,PRKCA
PA2G4,PRKCB
PA2G4,PRKCG
PA2G4,RB1
PAFAH1B1,CLIP1
PAK1,PLCG1
PAK1,MAP2K1
PAK2,RPS6
PAM,PRKCA
PAM,KALRN
PAM,RASSF9
PAM,UHMK1
PAPPA,PLG
PAPPA,PRG2
PAPPA,TNNI3
PARP1,PCNA
PARP1,RXRA
PARP1,RPS3A
PARP1,TP53
PARP1,XRCC1
PARP1,POLA1
PARP1,PRKDC
PARP1,MYBL2
PARP1,BUB3
PARP1,ZNF423
PARP1,WRN
PARP1,NCOA6
PARP1,APTX
PARP1,XRCC5
PARP1,PARP2
PARP1,SWAP70
PARP1,RBM14
PARP1,SREK1
PARP1,NEDD8
PAWR,PRKCZ
PAX2,RB1
PAX2,MAPK8
PAX2,WT1
PAX2,PAXIP1
PAX2,SFRP2
PAX5,TLE4
PAX7,HIRA
PAX8,WBP2
PAX9,KDM5B
PBX2,RPL4
PCNA,RPA1
PCNA,PTMA
PCNA,XRCC1
PCNA,RFC2
PCNA,SUB1
PCNA,PRKDC
PCNA,CHAF1A
PCNA,RAD9A
PCNA,POLH
PCNA,WRN
PCNA,MYBBP1A
PCNA,GADD45G
PCNA,CCNO
PCNA,APEX2
PCNA,POLE
PCNA,POLB
PCNA,XRCC5
PCNA,POLL
PCNA,DNTTIP2
PCNA,POLD3
PCNA,KCTD13
PCNA,CHTF18
PCNA,DSCC1
PCNA,POLD2
PCNA,POLM
PCNA,CHTF8
PCNA,POLDIP2
PCNT,CEP55
PCOLCE,PLG
PCSK5,REN
PCSK6,PMCH
PDC,YWHAZ
PDC,PRKACA
PDE4D,GNB2L1
PDE6D,RAP1A
PDE6D,RAP2B
PDE6D,GRK1
PDE6D,GRK7
PDE6G,FNBP1
PDGFA,PDGFRA
PDGFA,SPARC
PDGFA,PDAP1
PDGFB,PDGFRB
PDGFB,PDGFRA
PDGFB,THBS1
PDGFB,PDAP1
PDGFRA,PLCG1
PDGFRA,PDGFRB
PDGFRA,PTPN11
PDGFRA,SHB
PDGFRA,SLC9A3R1
PDGFRA,SNX2
PDGFRA,SNX4
PDGFRA,PDGFC
PDGFRA,SNX6
PDGFRB,PIK3R1
PDGFRB,PIK3CA
PDGFRB,PLCG1
PDGFRB,EIF2AK2
PDGFRB,PTPN11
PDGFRB,PTPN1
PDGFRB,SHC1
PDGFRB,PTK2
PDGFRB,PTPRJ
PDGFRB,SNX1
PDGFRB,NCK2
PDGFRB,SLC9A3R1
PDGFRB,PDAP1
PDGFRB,PTPN2
PDGFRB,SNX2
PDGFRB,SNX4
PDGFRB,PDGFD
PDHA1,PDHB
PDHA2,PDHB
PDHB,PDHX
PDIA3,TAP1
PDPK1,PRKCB
PDPK1,PRKCE
PDPK1,PRKCD
PDPK1,PRKCZ
PDZK1,SLC9A3
PDZK1,SLC17A1
PEBP1,MAP2K1
PEBP1,MAPK1
PEBP1,PRKCA
PEBP1,PRKCB
PEBP1,PRKCD
PEBP1,PRKCG
PEBP1,PRKCZ
PECAM1,YES1
PECAM1,PIK3R1
PECAM1,PLCG1
PECAM1,PTPN11
PECAM1,PTPN6
PECAM1,PRKCE
PECAM1,SRC
PEX10,PEX2
PEX19,ABCD3
PF4,PROC
PF4,SRGN
PF4,THBD
PFKFB2,PRKCA
PFKFB2,PRKAA2
PFKFB2,YWHAZ
PFKFB2,PRKACA
PFKFB2,PRKAA1
PFKL,PFKM
PFKP,DYNLL1
PFN1,PIK3R1
PFN1,WASF1
PFN1,WASL
PFN1,RHOQ
PFN1,XPO6
PFN1,ENAH
PFN1,APBB1IP
PFN1,WIPF2
PFN2,SYN1
PFN2,ROCK1
PFN2,VASP
PFN2,FHOD1
PFN2,EVL
PGD,NAA38
PGM1,S100A1
PGM1,S100B
PHB,RB1
PHB,RBL2
PHB,TP53
PHB,SMARCA2
PHB,NCOR1
PHB,SMARCA4
PHB,SIN3A
PHKG1,CTRC
PHKG1,PHKG2
PIAS2,SNIP1
PIGR,RAB3B
PIGR,CCL5
PIGR,AP1M1
PIK3CA,PRKCD
PIK3CA,SH3KBP1
PIK3CA,IRS4
PIK3CA,PIK3R3
PIK3CA,MRAS
PIK3CA,RASD2
PIK3CB,PIK3R1
PIK3CB,PRKCE
PIK3CB,PRKCD
PIK3CD,PIK3R1
PIK3R1,NUP85
PIK3R1,PTPN11
PIK3R1,TYK2
PIK3R1,SRC
PIK3R1,TGFBR1
PIK3R1,TUBG1
PIK3R1,SH3KBP1
PIK3R1,WAS
PIK3R1,SYN1
PIK3R1,RRAS2
PIK3R1,TEK
PIK3R1,TIE1
PIK3R1,SHB
PIK3R1,TYRO3
PIK3R1,SLC9A2
PIK3R1,SHC1
PIK3R1,PTK2
PIK3R1,IRS2
PIK3R1,MAPK8
PIK3R1,RAC1
PIK3R1,TUBA1B
PIK3R1,ADAM12
PIK3R1,BCAR1
PIK3R1,IRS4
PIK3R1,SOCS1
PIK3R1,CD2AP
PIK3R1,HGS
PIK3R1,TOM1L1
PIK3R1,TRAT1
PIK3R1,YWHAG
PIK3R1,AGAP2
PIK3R1,VAV3
PIK3R1,GAB2
PIK3R1,PIK3AP1
PIK3R1,GAB3
PIK3R1,ARHGAP32
PIK3R1,PPM1A
PIK3R1,WBP11
PIK3R1,PTPN6
PIM1,PTPRO
PIM1,SND1
PIM1,CBX3
PIM1,CBX1
PIN1,PTPN1
PIN1,RAB4A
PIN1,UBB
PITPNA,PLCG1
PITX1,POU1F1
PKD1,PKD2
PKD1,TLN1
PKD1,SRC
PKD2,CD2AP
PKD2,TNNI3
PKD2,TRPC1
PKD2,HAX1
PKM2,SORBS2
PKM2,EXOSC5
PKN1,MAP2K6
PKN1,MAPK12
PLA2G1B,PLA2G2A
PLA2G1B,PLAA
PLA2G2A,PLA2R1
PLAT,PLG
PLAT,MAPK1
PLAT,SPARC
PLAT,CLEC3B
PLAT,PLAU
PLAT,MAPK3
PLAT,LRP1B
PLAT,CKAP4
PLAU,PLG
PLAU,PLAUR
PLAUR,VTN
PLAUR,LRP1B
PLCG1,VAV1
PLCG1,ZAP70
PLCG1,GNB2L1
PLCG1,SOS1
PLCG1,SRC
PLCG1,WAS
PLCG1,SYN1
PLCG1,SYK
PLCG1,SHB
PLCG1,PTK2
PLCG1,IRS2
PLCG1,PTPRJ
PLCG1,TUB
PLCG1,SOS2
PLCG1,DGKZ
PLCG1,SH3BP2
PLCG1,LAT
PLCG1,PLD2
PLCG1,KHDRBS1
PLCG1,PKN2
PLCG1,PICALM
PLCG1,BAG3
PLCG1,PRKD1
PLCG1,AGAP2
PLCG1,VAV3
PLCG1,SNAP91
PLCG1,GIT1
PLCG1,USO1
PLCG1,LAT2
PLCG1,TNK1
PLCG1,TRPM7
PLCG1,ARHGAP32
PLCG1,SOCS7
PLCG1,TRPC3
PLD1,PRKCA
PLD1,RALA
PLD2,PRKCA
PLD2,PRKCD
PLEC,SPTAN1
PLEC,SPTA1
PLG,PRNP
PLG,SPARC
PLG,CLEC3B
PLG,THBS1
PLG,SERPINF2
PLG,AMOT
PLG,TFPI2
PLG,RUVBL1
PLG,CDCP1
PLIN1,PRKACA
PLK1,PSMA3
PLK1,PSMA5
PLK1,CEP55
PLN,S100A1
PLN,PPP1R3A
PLN,PRKACA
PLN,SLN
PLSCR1,SLPI
PLSCR1,PRKCD
PMCH,MCHR2
POLA1,RB1
POLB,PRKCA
POLD1,WRNIP1
POLD2,WRNIP1
POLD2,WRN
POLG,SSBP1
POLR3D,POLR3E
POMC,VTN
POU1F1,NR1I2
POU1F1,NR1I3
PPARA,MAPK1
PPARA,RXRA
PPARA,NCOR2
PPARA,NCOR1
PPARA,MAPK3
PPARA,DAP3
PPARA,NRIP1
PPARA,NCOA1
PPARA,MED1
PPARA,PPARGC1A
PPARA,AKAP13
PPARA,GADD45G
PPARA,MED24
PPARA,NR1H3
PPARA,AIP
PPARA,NRBF2
PPARA,PRIC285
PPARA,MECR
PPARG,MAPK1
PPARG,RXRA
PPARG,RXRG
PPM1A,PRKCD
PPP1CA,EIF2AK2
PPP1CA,PRKCD
PPP1CA,ZFYVE9
PPP1CC,EIF2AK2
PPP1R8,MELK
PPP2CA,PRKCD
PPP2CA,RHO
PPP2CB,AXIN1
PPP2CB,PACS1
PPP2CB,LCMT1
PPP2R5A,EIF2AK2
PPP2R5C,PRKCD
PPP4C,REL
PRDX1,PRDX4
PRG2,PRKCZ
PRKACA,NUP85
PRKACA,PTPN7
PRKACA,RRAD
PRKACA,RAP1A
PRKACA,RAP1B
PRKACA,RYR1
PRKACA,RYR2
PRKACA,PRKAR1A
PRKACA,SRC
PRKACB,PKIA
PRKACB,PKIB
PRKAR1A,SLC2A4
PRKAR1A,PRKAR1B
PRKAR1A,PRKX
PRKAR1A,AKAP4
PRKAR1A,RFC2
PRKAR1A,AKAP10
PRKAR1A,AKAP11
PRKAR1A,ARFGEF2
PRKAR1A,AKAP7
PRKAR1B,AKAP1
PRKAR1B,WRN
PRKAR1B,PPP1R9A
PRKAR2A,RYR2
PRKAR2A,SCTR
PRKAR2A,SEMG2
PRKAR2A,PRKX
PRKAR2A,AKAP14
PRKAR2A,AKAP1
PRKAR2A,AKAP9
PRKAR2A,AKAP13
PRKAR2A,AKAP5
PRKAR2A,AKAP3
PRKAR2A,AKAP6
PRKAR2A,AKAP8
PRKAR2A,AKAP10
PRKAR2A,AKAP11
PRKAR2A,AKAP12
PRKAR2A,NBEA
PRKAR2A,RAB32
PRKAR2A,AKAP2
PRKAR2A,ARFGEF2
PRKAR2A,MYCBPAP
PRKAR2A,AKAP7
PRKAR2B,AKAP4
PRKAR2B,AKAP14
PRKAR2B,AKAP1
PRKAR2B,AKAP9
PRKAR2B,AKAP5
PRKAR2B,AKAP10
PRKAR2B,AKAP11
PRKAR2B,NBEA
PRKCA,SPP1
PRKCA,PTPN11
PRKCA,GNB2L1
PRKCA,PRKCZ
PRKCA,RRAD
PRKCA,RHO
PRKCA,SCTR
PRKCA,SEMG1
PRKCA,SEMG2
PRKCA,TERT
PRKCA,SRC
PRKCA,TP53
PRKCA,VCL
PRKCA,VTN
PRKCA,RPL10
PRKCA,XK
PRKCA,PTPN12
PRKCA,SYK
PRKCA,SNAP25
PRKCA,TIAM1
PRKCA,RGS2
PRKCA,YWHAZ
PRKCA,DGKZ
PRKCA,BTG2
PRKCA,TEP1
PRKCA,ARHGEF1
PRKCA,RAC1
PRKCA,HAND1
PRKCA,HAND2
PRKCA,CYTH2
PRKCA,RGS7
PRKCA,SNAP23
PRKCA,FSCN1
PRKCA,STXBP1
PRKCA,SPAG1
PRKCA,PEA15
PRKCA,AKAP5
PRKCA,AKAP12
PRKCA,RGS19
PRKCA,YWHAG
PRKCA,CD163
PRKCA,TRPV6
PRKCA,PLCB1
PRKCA,HSPB8
PRKCA,PRKG1
PRKCA,PTGIR
PRKCA,EDF1
PRKCA,SDPR
PRKCA,KCNE4
PRKCA,ADAP1
PRKCA,AFAP1
PRKCA,TRIM29
PRKCA,PDLIM7
PRKCA,STXBP3
PRKCA,TNNI3
PRKCA,HABP4
PRKCA,TRPC3
PRKCA,PPP1R14A
PRKCA,THOC5
PRKCA,RARA
PRKCA,SDC4
PRKCA,TNNT2
PRKCB,PTPN11
PRKCB,GNB2L1
PRKCB,RRAD
PRKCB,SPTAN1
PRKCB,VTN
PRKCB,RGS2
PRKCB,CYTH2
PRKCB,MAPK6
PRKCB,STXBP1
PRKCB,GNA13
PRKCB,YWHAG
PRKCB,PDLIM5
PRKCB,AFAP1
PRKCB,ZMYND8
PRKCB,RIPK4
PRKCB,PDLIM7
PRKCB,HABP4
PRKCD,PTPN6
PRKCD,PTPRA
PRKCD,PRKCZ
PRKCD,CYTH1
PRKCD,STAT1
PRKCD,SHC1
PRKCD,TIAM1
PRKCD,TAGLN
PRKCD,PRKDC
PRKCD,FSCN1
PRKCD,ADAM9
PRKCD,GNA13
PRKCD,YWHAG
PRKCD,PLCB1
PRKCD,AKT3
PRKCD,PLSCR3
PRKCD,AFAP1
PRKCD,RIPK4
PRKCD,HABP4
PRKCD,PDP2
PRKCD,RASGRP3
PRKCD,PDP1
PRKCD,YWHAB
PRKCE,MAPK1
PRKCE,GNB2L1
PRKCE,SRC
PRKCE,TIAM1
PRKCE,TRPV1
PRKCE,AKAP9
PRKCE,GNA13
PRKCE,VDAC1
PRKCE,PRKD1
PRKCE,PDLIM5
PRKCE,COPB2
PRKCE,ADAP1
PRKCE,AFAP1
PRKCE,PPP1R14A
PRKCG,VTN
PRKCG,TIAM1
PRKCG,RGS2
PRKCG,YWHAB
PRKCG,CYTH2
PRKCG,STXBP1
PRKCG,PNMA1
PRKCG,YWHAG
PRKCG,PDLIM5
PRKCG,PARD3
PRKCG,PARD6A
PRKCG,MARK4
PRKCG,AFAP1
PRKCG,HABP4
PRKCG,PPP1R14A
PRKCG,PARD6B
PRKCH,PTPN11
PRKCI,SRC
PRKCQ,VAV1
PRKCZ,SRC
PRKCZ,YWHAB
PRKCZ,SQSTM1
PRKCZ,TRAF6
PRKCZ,FADD
PRKCZ,MAP2K5
PRKCZ,IRS4
PRKCZ,PARD6A
PRKCZ,FRS2
PRKCZ,AKT3
PRKCZ,FEZ1
PRKCZ,FEZ2
PRKCZ,ADAP1
PRKCZ,AFAP1
PRKCZ,WWC1
PRKCZ,PARD6G
PRKCZ,PDLIM7
PRKCZ,HABP4
PRKCZ,PPP1R14A
PRKCZ,PARD6B
PRKDC,RPA1
PRKDC,RPA2
PRKG1,SPP1
PRKG1,RYR1
PRL,PRLR
PRLR,VAV1
PRLR,PTPN11
PRLR,VAV2
PRLR,TEC
PRLR,YWHAZ
PRLR,SOCS3
PRLR,SOCS2
PRLR,YWHAG
PRM1,SRPK1
PRMT1,IFNAR1
PRMT2,RXRA
PRNP,ADAM23
PRNP,STIP1
PRNP,SPARCL1
PRNP,PVRL1
PRNP,CLSTN1
PRNP,ERI3
PROC,PROS1
PROC,THBD
PROC,PROCR
PROS1,TYRO3
PRPH,PRPH2
PRPH2,ROM1
PRPH2,GRAP2
PRRX1,SRF
PRRX1,MAFF
PRSS1,TST
PRSS2,SLPI
PRTN3,TNF
PRTN3,RELA
PSEN2,SRI
PSG3,ATF7IP
PSMA1,PSMA3
PSMA3,PSMA6
PSMA3,XRN2
PSMB8,LSM1
PSMB9,PSMB10
PSMC3,VHL
PSMC3,PSMC5
PSMC3,PSMC4
PSMC3,PSMC3IP
PSMC5,RXRA
PSMC5,SP1
PSMD7,SLC2A4
PTAFR,RGS4
PTH,PTH1R
PTH,PTH2R
PTH1R,SLC9A3R1
PTH1R,SLC9A3R2
PTHLH,PTH1R
PTK2,PTPN11
PTK2,RET
PTK2,TLN1
PTK2,SRC
PTK2B,VAV1
PTK2B,LYN
PTK2B,PIK3R1
PTK2B,ITGB3
PTK2B,KCNA2
PTK2B,PTPN11
PTK2B,PTPN6
PTK2B,ZAP70
PTK2B,PRKCD
PTK2B,TLN1
PTK2B,SRC
PTMA,VIPR1
PTMA,NCOR1
PTMA,RAN
PTMA,HIST2H2BE
PTMA,HIST3H3
PTMA,HIST1H4A
PTMA,NUP62
PTMA,SET
PTMA,HIST1H2AJ
PTMA,SIN3A
PTMA,HIST2H4A
PTMA,HIST2H3C
PTMA,HIST1H2BG
PTMA,NUTF2
PTMA,PHB2
PTPN1,TYK2
PTPN1,SRC
PTPN1,RRAS2
PTPN1,STAT5A
PTPN1,BCAR1
PTPN1,STAT5B
PTPN11,TNFRSF1A
PTPN11,TEK
PTPN11,TIE1
PTPN11,STAT1
PTPN11,SHC1
PTPN11,IRS2
PTPN11,STAT5A
PTPN11,SPRY2
PTPN11,PXN
PTPN11,SLAMF1
PTPN11,IRS4
PTPN11,STAT5B
PTPN11,MPZL1
PTPN11,SIGLEC7
PTPN11,SIT1
PTPN11,MVP
PTPN11,PILRA
PTPN11,PAG1
PTPN11,GAB2
PTPN11,SLAMF6
PTPN11,SIGLEC11
PTPN11,FRS2
PTPN11,FRS3
PTPN11,BTLA
PTPN11,GAB3
PTPN11,C6orf25
PTPN11,TREML1
PTPN11,LILRB4
PTPN11,SIGLEC12
PTPN3,ZAP70
PTPN6,ROS1
PTPN6,TYK2
PTPN6,ZAP70
PTPN6,SSTR2
PTPN6,SRC
PTPN6,TNFRSF1A
PTPN6,SYK
PTPN6,SIRPA
PTPN6,KHDRBS1
PTPN6,IRS4
PTPN6,STAT5B
PTPN6,BLNK
PTPN6,CLEC4A
PTPN6,PILRA
PTPN6,PAG1
PTPN6,GAB2
PTPN6,SLAMF6
PTPN6,SIGLEC11
PTPN6,BTLA
PTPN6,CUZD1
PTPN6,PILRB
PTPN6,C6orf25
PTPN6,TREML1
PTPN6,LILRB2
PTPN6,LILRB4
PTPN6,SIGLEC12
PTPN6,CD300LF
PTPN6,KLRAP1
PTPRA,PTPRM
PTPRA,PTPRF
PTPRA,SRC
PTPRA,PTPRS
PTPRA,PTPRD
PTPRB,TEK
PTPRB,CNTNAP1
PTPRB,MAGI3
PTPRB,F11R
PTPRF,IRS2
PTPRF,TRIO
PTPRF,BCAR1
PTPRF,PPFIA2
PTPRF,PPFIA3
PTPRF,FRS2
PTPRF,PPFIA1
PTPRM,GNB2L1
PTPRM,PPFIBP1
PTPRZ1,GIT1
PURA,SP1
PVR,VTN
PVR,DYNLT3
PVR,AP1M2
PVR,PVRL1
PVR,PVRL3
PVR,CD226
PXN,TLN1
PXN,SRC
PYGM,S100A1
QARS,RARS
RAB1A,RABGGTB
RAB1A,RABGGTA
RAB1A,GOLGA5
RAB1A,GORASP2
RAB1A,USO1
RAB1A,MICALL1
RAB27A,STX1A
RAB2A,BLZF1
RAB3A,RABGGTB
RAB3A,CASK
RAB3A,RABIF
RAB3A,RPH3AL
RAB3A,RABAC1
RAB3A,SYTL4
RAB3A,SYTL5
RAB3A,RIMS1
RAB3A,RIMS2
RAB3A,RAB3IL1
RAB3A,DMXL2
RAB3A,RAB3IP
RAB3A,RPH3A
RAB3B,RPH3AL
RAB3B,RIMS2
RAB3B,RPH3A
RAB4A,STX4
RAB4A,DYNLL1
RAB4A,RABEP1
RAB4A,KIF3B
RAB4A,CD2AP
RAB4A,RABAC1
RAB4A,RAB11FIP1
RAB4A,DYNC1LI1
RAB4A,RABGEF1
RAB4A,RUFY1
RAB4A,ZFYVE20
RAB5A,STX4
RAB5A,TSC2
RAB5A,SDCBP
RAB5A,RABEP1
RAB5A,RABAC1
RAB5A,EEA1
RAB5A,RIN1
RAB5A,RAB37
RAB5A,USP6NL
RAB5A,TBC1D3F
RAB5A,ALS2CL
RAB5A,RIN2
RAB5A,ZFYVE20
RAB5A,TBC1D3C
RAB5B,TFRC
RAB5B,EEA1
RAB5B,RIN1
RAB5B,RIN3
RAB5B,RIN2
RAB6A,TMF1
RAB6A,RABAC1
RAB6A,ERC1
RAB6A,RABGAP1
RAB6A,SYTL5
RAB6A,KIF20A
RAB6A,BICD2
RAB8A,OPTN
RAB8A,MAP4K2
RAB8A,RPH3AL
RAB8A,SYTL4
RAB8A,RIMS2
RAB8A,RPH3A
RAB8A,PDE6D
RABGGTB,PTP4A2
RAD23A,RPN1
RAD51,RPA1
RAD51,TP53
RAD51,SUMO1
RAD51,DMC1
RAD51,RAD51AP1
RAD51,RAD54L
RAD51,RAD54B
RAD51,C17orf28
RAD51,UBE2I
RAD51,DNAJA3
RAD51,BCCIP
RAD52,RPA1
RAD52,RPA2
RAG1,RAG2
RALA,RASSF5
RALA,CNKSR2
RALA,EXOC5
RALA,EXOC1
RALA,RALBP1
RALA,REPS1
RALA,EXOC3
RALA,EXOC8
RALA,RAB8B
RALA,RALGPS1
RALA,RGL4
RALA,EXOC2
RALA,EXOC4
RALA,EXOC7
RALB,REPS2
RALB,RALBP1
RALB,REPS1
RALB,RGL4
RALGDS,RRAS
RALGDS,RAP1A
RALGDS,RAP2A
RALGDS,RAP2B
RANGAP1,SUMO3
RAP1A,RGS14
RAP1A,RABAC1
RAP1A,RASA3
RAP1A,RASGRP4
RAP1A,RAPGEF6
RAP1A,RGL4
RAP1A,RAP1GDS1
RAP1A,RAPGEF5
RAP1A,RASIP1
RAP1A,APBB1IP
RAP1B,RASSF5
RAP2A,RGS14
RAP2A,RASSF5
RAP2A,RAPGEF6
RAP2A,RAPGEF5
RAP2A,RASIP1
RAP2A,RUNDC3A
RAP2A,TNIK
RAP2B,RAPGEF5
RAPGEF1,HRAS
RARA,SP1
RARB,RXRB
RARG,RXRA
RARS,AIMP1
RB1,TFAP2A
RB1,GNB2L1
RB1,TMPO
RB1,SP1
RB1,TGM2
RB1,SUV39H1
RB1,MORF4L2
RB1,TAF1
RB1,UBTF
RB1,RBBP5
RB1,PRDM2
RB1,SMARCB1
RB1,SP3
RB1,RING1
RB1,SNAPC3
RB1,RBBP9
RB1,RBBP7
RB1,RBBP4
RB1,SNW1
RB1,CBX4
RB1,SMARCA4
RB1,PRKRA
RB1,USP4
RB1,CCNA1
RB1,RBBP8
RB1,TRIP11
RB1,ENC1
RB1,PIK3R3
RB1,TRAP1
RB1,SPIB
RB1,NDC80
RB1,EID1
RB1,RNF40
RB1,KDM5A
RB1,THOC1
RB1,MORF4L1
RB1,ARID3B
RB1,CREG1
RB1,PELP1
RB1,AATF
RB1,HBP1
RB1,LIN9
RB1,RBAK
RBBP4,SP1
RBBP6,ZFYVE9
RBBP8,RBL2
RBL2,SUV39H1
RBL2,TAF1
RBL2,UBTF
RBL2,RBBP9
RBL2,SNW1
RBL2,BRF2
RBL2,CREG1
RBL2,HBP1
RBP4,TTR
RCC1,PTMA
RCC1,CSNK1A1
RCC1,NUP98
RCC1,RAN
RCC1,RANBP1
RCC1,HIST2H2BE
RCC1,KPNA3
RCC1,XPO1
RCC1,RANBP3
RCC1,HIST2H2AA3
RCVRN,GRK1
RDH5,RLBP1
RDX,ROCK1
RDX,CPNE1
RDX,CPNE2
RDX,CPNE4
RDX,GNA13
RDX,SLC9A3R1
RDX,SLC9A3R2
REG3A,REG1A
REG3A,TRHDE
REL,SP1
REL,NKRF
REL,TBP
REN,RENBP
REN,ATP6AP2
RGL2,RAP1B
RHO,GRK1
RHO,SAG
RHOA,PLCG1
RHOA,KCNA2
RHOA,PRKCA
RHOA,TGM2
RHOA,FLNA
RHOA,OPHN1
RHOA,MCF2
RHOA,KTN1
RHOA,VAV2
RHOA,PKN1
RHOA,DGKQ
RHOA,PRKACA
RHOA,ROCK1
RHOA,TRIO
RHOA,ARHGDIA
RHOA,PPP1R12A
RHOA,RTKN
RHOA,CNTNAP1
RHOA,PLD1
RHOA,PKN2
RHOA,PDE6D
RHOA,ARHGAP1
RHOA,ARHGDIB
RHOA,ARHGDIG
RHOA,AKAP13
RHOA,RABAC1
RHOA,ARHGEF4
RHOA,VAV3
RHOA,ARHGEF12
RHOA,CIT
RHOA,ARHGEF11
RHOA,ICMT
RHOA,SRGAP1
RHOA,DAAM1
RHOA,RHPN2
RHOA,SH3BP1
RHOA,ARHGEF2
RHOA,DEF6
RHOA,GMIP
RHOA,RAP1GDS1
RHOA,TRPC1
RHOA,CNKSR1
RHOA,ARHGEF18
RHOA,ARHGEF3
RHOA,ARHGEF25
RHOA,MCF2L
RHOA,RGNEF
RHOA,DOCK7
RHOA,RHPN1
RHOA,SPRED2
RHOB,PGGT1B
RHOB,PDE6D
RHOB,ARHGDIG
RHOB,RHPN2
RHOB,ARHGEF3
RHOC,ROCK1
RHOC,RTKN
RHOC,CIT
RHOG,VAV1
RHOG,MCF2
RHOG,MAP3K11
RHOG,KTN1
RHOG,VAV2
RHOG,DOCK1
RHOG,PLD1
RHOG,ARHGDIG
RHOG,VAV3
RHOG,IQGAP2
RHOG,ECT2
RHOG,ELMO1
RHOG,ELMO2
RHOG,MCF2L
RIT1,RLF
RIT2,RLF
RIT2,SOS1
RLN1,RXFP1
RLN2,RXFP1
RLN2,RXFP2
RNASE1,RNH1
RNASEL,ABCE1
RNF111,SMURF2
RNF2,TFCP2
RNPEP,ZFYVE9
ROR2,WNT5A
ROS1,VAV3
ROS1,LPHN1
RPA1,RPA2
RPA1,RPA3
RPA1,TP53
RPA1,XPA
RPA1,WRN
RPA1,RPA4
RPA1,TREX1
RPA1,HELB
RPA2,RPA3
RPA2,UNG
RPA2,XPA
RPA2,CCNO
RPA2,SERTAD3
RPA3,RPA4
RPL10,YES1
RPL12,IPO11
RPL7A,STAU1
RPLP0,STAU1
RPLP1,RPLP2
RPLP1,PDCD4
RPN1,UBQLN2
RPS13,PDCD4
RPS15,UPF2
RPS25,UPF2
RPS3A,VDAC2
RPS6,STAU1
RPS6,RPS6KB1
RPS6KA1,MAGI1
RPS6KA2,MAGI1
RPS6KA2,SHANK1
RPS6KA3,MAGI1
RPS6KA3,SHANK1
RRAD,YWHAZ
RRAD,TPM2
RRAS,SOS1
RRAS,RASSF5
RRAS,NAV2
RRAS,RASIP1
RRBP1,ATF7IP
RRM1,RRM2
RRM1,RRM2B
RRM2,TP53
RUNX2,JUN
RUNX2,PRKCD
RUNX2,CEBPB
RXRA,SP1
RXRA,TBP
RXRA,NR1H2
RXRA,SRF
RXRA,NCOR2
RXRA,TDG
RXRA,VDR
RXRA,NCOA3
RXRA,NCOA4
RXRA,NRIP1
RXRA,NCOA1
RXRA,BRD8
RXRA,TADA3
RXRA,NR1I2
RXRA,TRIM24
RXRA,NR1I3
RXRA,ZNHIT3
RXRA,TRIP4
RXRA,JMJD1C
RXRA,TRIP10
RXRA,COPS2
RXRA,PPARGC1A
RXRA,NR0B2
RXRA,GADD45G
RXRA,NCOA6
RXRA,MED24
RXRA,THRA
RXRA,THRB
RXRA,NCOA2
RXRA,EDF1
RXRA,ITGB3BP
RXRA,NSD1
RXRA,DNTTIP2
RXRA,NRBF2
RXRA,RNF8
RXRA,ZBTB16
RXRA,MECR
RXRA,TAF11
RXRA,PSMC3IP
RXRB,NR1H2
RXRB,NCOA3
RXRB,NCOA1
RXRB,NR1I2
RXRB,NR2E3
RXRB,NR0B2
RXRB,AKAP13
RXRB,THRA
RXRB,TAF11
RXRG,SRF
RXRG,THRB
RYR1,S100A1
RYR1,RYR2
RYR1,TRDN
RYR1,HOMER2
RYR1,HOMER3
RYR1,HOMER1
RYR2,RYR3
RYR2,SRI
RYR2,AKAP6
RYR2,HOMER1
S100A1,S100B
S100A1,CACYBP
S100A1,S100A4
S100A11,S100B
S100A13,SYT1
S100A2,TPM1
S100A2,TPM3
S100A2,TPM2
S100B,TP53
S100B,IQGAP1
S100B,NDRG1
S100B,CACYBP
S100B,TNIP1
S100B,STK38
S100B,AHNAK
S1PR1,PDGFRB
S1PR1,HTR1D
SCARB2,THBS1
SCNN1A,STX1A
SCNN1B,STX1A
SCNN1G,STX1A
SCP2,ACAA2
SCT,SCTR
SCTR,CPAMD8
SDC1,CASK
SDC1,SDCBP
SDC3,TUBB
SDCBP,SOX4
SELP,SELPLG
SELP,AP1M1
SELP,SNX17
SEMG1,SEMG2
SEMG1,TGM1
SEMG2,TGM1
SERPINA1,PRTN3
SERPINA3,CTSG
SERPINA3,CTRL
SERPINA3,CTRB1
SERPINA3,CMA1
SERPINA3,MMP1
SERPINA3,CELA1
SERPINA3,ELANE
SERPINA3,MST1
SERPINA3,KLK2
SERPINA3,ERBB2
SERPINA3,KLK3
SERPINA3,F5
SERPINA3,POLA1
SERPINA3,CTRC
SERPINA3,DNAJC1
SERPINA5,PLAT
SERPINA5,PROC
SERPINA5,SEMG2
SERPINA5,THBD
SERPINB13,PLG
SERPINB13,PRTN3
SERPINB2,RB1
SERPINB2,PLAU
SERPINB6,PLG
SERPINB6,PROC
SERPINB6,PLAU
SERPINC1,SDC2
SERPINC1,KLK2
SERPINC1,PLG
SERPINC1,F2
SERPINE1,PLG
SERPINE1,PLAT
SERPINE1,PLAU
SERPINE1,VTN
SERPINE1,LRP1B
SERPING1,PLG
SERPING1,PLAT
SERPING1,SELP
SERPING1,F2
SERPINH1,SLC2A4
SERPINI1,PLG
SERPINI1,PLAT
SETDB1,SNIP1
SF3A2,SMURF2
SF3B1,SNIP1
SGTA,TMPO
SH3BP2,VAV1
SH3BP2,ZAP70
SHB,VAV1
SHB,ZAP70
SHB,SRC
SHC1,ZAP70
SHC1,SP1
SHC1,SRC
SIAH2,VAV1
SKIL,CDC16
SKIL,FZR1
SKIL,CPNE1
SKIL,CPNE2
SKIL,CPNE4
SKIL,SMURF2
SKIV2L,SNRPB
SKP2,UBB
SKP2,WEE1
SLA,VAV1
SLA,ZAP70
SLC2A4,RAB7A
SLC2A4,STRN3
SLC2A4,MVP
SLC2A4,PDIA6
SLC2A4,UBA52
SLC2A4,LEPREL4
SLC2A4,UBE2N
SLC2A4,KBTBD10
SLC2A4,ARFIP1
SLC2A4,LEPRE1
SLC2A4,MAP1S
SLC2A4,FAR1
SLC2A4,ESYT2
SLC2A4,C1QTNF5
SLC2A4,CCDC116
SLC2A4,FKBP10
SLC6A4,STX1A
SLC6A9,STX1A
SLC8A1,TRPC3
SLC9A1,YWHAB
SLC9A1,MAP4K4
SLC9A1,CHP
SLC9A1,TESC
SLC9A2,SPTAN1
SLC9A2,SPTA1
SLC9A2,SRC
SLC9A3,SLC9A3R1
SLC9A3,SLC9A3R2
SLC9A3,CHP
SLC9A3,CHP2
SMAD1,SMAD5
SMAD1,ZBTB44
SMAD1,TTF2
SMAD1,MLL2
SMAD1,SF3B1
SMAD1,RFX1
SMAD1,ZSCAN4
SMAD1,PSMD11
SMAD1,SOX5
SMAD1,VPS24
SMAD1,TTF1
SMAD1,STARD13
SMAD1,PIGQ
SMAD1,PUM1
SMAD1,ANKRD27
SMAD1,ICK
SMAD1,ZDHHC3
SMAD1,SMARCE1
SMAD1,ZNF510
SMAD1,PSMD1
SMAD1,ZNF76
SMAD1,HBP1
SMAD1,SNRNP70
SMAD2,SKIL
SMAD2,SP1
SMAD2,ZEB1
SMAD2,MYC
SMAD3,SKIL
SMAD3,PAX8
SMAD3,PRTN3
SMAD3,SPTBN1
SMAD3,ZEB1
SMAD3,MYC
SMAD4,SMAD5
SMAD4,SKIL
SMAD4,TDG
SMAD4,MYOD1
SMAD4,PRPF40A
SMAD4,ODZ3
SMAD4,RFX1
SMAD4,ATF7IP
SMAD4,PSMD11
SMAD4,DCP1B
SMAD4,HMG20A
SMAD4,XPO5
SMAD4,RPL28
SMAD4,TCTA
SMAD4,RALA
SMAD4,GPNMB
SMAD4,PSG9
SMAD4,TH1L
SMAD4,MAPK13
SMAD4,TM9SF2
SMAD4,ZBED5
SMAD4,CNKSR1
SMAD4,RMND5B
SMAD4,UHRF2
SMAD4,MAPK1
SMAD4,PSG2
SMAD4,C16orf57
SMAD4,SNRNP70
SMAD4,SPTBN1
SMAD5,SF3B1
SMAD5,MTMR10
SMAD5,PNKP
SMAD5,SFPQ
SMAD5,SNRPA
SMAD5,PSMD11
SMAD5,U2AF2
SMAD5,SOX5
SMAD5,RBM4
SMAD5,RYR2
SMAD5,VPS24
SMAD5,PPIL4
SMAD5,SNRNP70
SMAD5,WWP1
SMAD7,ZNF107
SMAD7,ZBTB44
SMAD7,TTF2
SMAD7,MYOD1
SMAD7,SOX5
SMAD7,ASH1L
SMAD7,ZBTB11
SMAD7,SOX13
SMAD7,TTF1
SMAD9,SVEP1
SMAD9,PIR
SMAD9,MLL2
SMAD9,ERVV-1
SMAD9,SF3B1
SMAD9,CPXM2
SMAD9,EXPH5
SMAD9,RFX1
SMAD9,LEMD3
SMAD9,ZSCAN4
SMAD9,KIAA0226
SMAD9,SECISBP2
SMAD9,ZNF484
SMAD9,ZNF587
SMAD9,ARHGAP9
SMAD9,PKP2
SMAD9,PELP1
SMAD9,TMEM57
SMAD9,ASH2L
SMAD9,SNRNP70
SMAD9,HEY1
SMAD9,PSAP
SMAD9,TTC37
SMAD9,NAGK
SMAD9,SIL1
SMAD9,DNAJA3
SMAD9,DKK1
SMAD9,PABPC4
SMAD9,PLEC
SMAD9,STAG1
SMAD9,CEP135
SMAD9,EVC2
SMAD9,ARID1B
SMAD9,MAN1C1
SMAD9,CHPF
SMAD9,RNF123
SMAD9,ABTB1
SMAD9,PSMD8
SMAD9,KDM6A
SMAD9,EIF3C
SMAD9,PPP2R5E
SMAD9,VPS8
SMAD9,RANBP9
SMAD9,CTR9
SMAD9,AFF1
SMAD9,XAB2
SMAD9,TRIM29
SMAD9,MCM3AP
SMAD9,PPARD
SMAD9,EIF3F
SMAD9,BAZ1A
SMAD9,ZNF592
SMAD9,MTMR10
SMAD9,MAN1A2
SMAD9,OTUB1
SMAD9,UBA6
SMAD9,RMND5A
SMAD9,PHKA2
SMAD9,DNAJC7
SMAD9,TBCD
SMAD9,YWHAQ
SMAD9,PNPLA2
SMAD9,MTMR11
SMAD9,SMG1
SMAD9,UBE3A
SMAD9,DIAPH3
SMAD9,CLPB
SMAD9,ZNF83
SMAD9,MGAT1
SMAD9,ASB2
SMAD9,MAN2B1
SMAD9,UNC45A
SMAD9,RRBP1
SMAD9,HUWE1
SMARCB1,SRC
SMN1,SNRPB
SMN2,SNRPB
SMURF2,TMEM139
SNAP25,SYT1
SNAP25,VAMP2
SNAP25,STX1A
SNIP1,HIPK1
SNIP1,ZCCHC7
SNRNP70,SMURF2
SNRNP70,PRPF40A
SNRNP70,HTATSF1
SNRNP70,GEMIN2
SNRNP70,SNRPC
SNRNP70,SCAF11
SNRNP70,CTDP1
SNRNP70,NUDT21
SNRNP70,ZRANB2
SNRNP70,DDX17
SNRNP70,SRPK1
SNRPA,PAPOLA
SNRPB,COIL
SNRPB,SNRPD3
SNRPB,SNRPD1
SNRPB,STXBP2
SNRPB,SMNDC1
SNRPB,TOP3B
SNRPB,PRMT5
SNRPB,CTDP1
SNRPB,DDX20
SNRPB,GEMIN5
SNRPB,GEMIN4
SNRPB,STXBP3
SNRPB,LSM11
SNRPB,WDR77
SNRPB,WBP4
SON,TRIP6
SON,YWHAG
SOS1,ZAP70
SOS1,SH3KBP1
SOS1,ABI1
SOS1,CD2AP
SOS1,GRAP
SOS1,NCK2
SOS1,ABI3
SOS1,PACSIN1
SOS1,PACSIN3
SOS1,FRS2
SOS1,SNX9
SOS1,SNX18
SP1,SREBF1
SP1,TAL1
SP1,OGT
SP1,YY1
SP1,SREBF2
SP1,SP4
SP1,SP3
SP1,KLF10
SP1,KLF4
SP1,SF3A1
SP1,PER3
SP1,PPP1R13L
SP1,DROSHA
SP1,ZBTB7A
SP1,MIER1
SP1,POGZ
SP1,ZBTB16
SP1,TAF4
SP1,AATF
SP1,MIS18BP1
SP1,SKIV2L2
SP100,SNIP1
SPARC,THBS1
SPARC,TGFB1
SPARC,TGM2
SPARC,VEGFA
SPI1,SPIB
SPINK1,CTRC
SPINK1,NRSN1
SPTA1,SPTB
SPTA1,ABI1
SPTA1,SPTBN2
SPTAN1,SPTB
SPTAN1,SRC
SPTAN1,SYN1
SPTAN1,ABI1
SPTAN1,SHANK1
SPTAN1,TANC1
SPTB,CSRP3
SPTBN1,CPNE1
SPTBN1,CPNE4
SPTBN1,ACTR1A
SRC,GNB2L1
SRC,TERT
SRC,IKBKG
SRC,VCL
SRC,WAS
SRC,SYN1
SRC,TXK
SRC,SYK
SRC,TYRO3
SRC,STAT1
SRC,SRF
SRC,TIAM1
SRC,TUB
SRC,YWHAB
SRC,STAT5A
SRC,KIFAP3
SRC,TRAF6
SRC,KHDRBS1
SREBF1,YY1
SREBF1,SUMO1
SREBF1,UBE2I
SREBF1,TWIST2
SRF,TEAD1
SRGN,CCL3
SRI,GCA
SRP19,IPO7
SRP19,IPO8
SRPR,SSR2
SRSF1,SNRNP70
SRSF2,SNRNP70
SST,SSTR1
SST,SSTR2
SST,SSTR3
SST,SSTR4
SST,SSTR5
SSTR1,SSTR5
SSTR3,TP53
SSTR5,ADCY10
ST7,GNB2L1
STAT1,TYK2
STAT1,GNB2L1
STATH,PROL1
STX1A,SYT1
STX1A,VAMP1
STX1A,VAMP2
STX1A,VAMP7
STX1A,SYT4
STX1A,STXBP2
STX1A,SNAP23
STX1A,VAMP8
STX1A,NAPA
STX1A,STX8
STX1A,UNC13B
STX1A,STXBP6
STX1A,SYTL4
STX1A,STXBP5
STX1A,CPLX1
STX1A,TXLNA
STX1A,TXLNB
STX1A,SYT7
STX1A,SNAP29
STX1A,SNPH
STX4,VAMP2
STX4,SYT4
STX4,VAMP8
STX4,VAMP3
STX4,RAB11A
STX4,STXBP6
STX4,TXLNG
STX4,STXBP5
STX4,TXLNA
STX4,STXBP3
STX4,TXLNB
STX4,SYT7
STX4,STXBP4
STXBP2,VAMP2
SUMO2,SAE1
SUMO2,UBA2
SUMO2,CUL3
SUMO2,CCNE2
SUMO2,TP53BP2
SUMO2,KALRN
SUMO3,TDG
SUMO3,CUL3
SUMO3,CCNE2
SUMO3,TP53BP2
SUMO3,KALRN
SYK,VAV1
SYT1,GNB2L1
SYT1,SYT4
SYT1,SYNCRIP
SYT1,ZDHHC17
SYT1,STON2
SYT1,SV2B
SYT1,NRXN1
SYT1,TFAP2A
TAF1A,CD3EAP
TAL1,KAT2B
TAL1,SIN3A
TAL1,ZHX1
TAL1,NCAPG2
TAL1,ELSPBP1
TAP1,TAP2
TAP1,TAPBP
TAP2,TAPBP
TBCB,USP7
TBXA2R,GNA13
TCL1A,AKT3
TCP1,TUBA4A
TCP1,TUBA8
TCP1,CCT5
TCP1,CCT7
TCP10,PARD6A
TCP10,PARD6B
TDG,SNIP1
TDGF1,ACVR1C
TEAD1,VGLL1
TEAD1,YAP1
TEAD1,VGLL4
TEAD1,VGLL2
TEC,VAV1
TEP1,TERT
TERT,XPO1
TERT,PINX1
TERT,PTGES3
TERT,SMG6
TERT,XRCC5
TERT,MCRS1
TERT,SMG5
TF,TFRC
TF,TFR2
TFAP2A,DEK
TFAP2A,TP53
TFAP2A,WWP1
TFAP2A,WWP2
TFAP2A,MAGI1
TFAP2A,CITED2
TFAP2A,LDLRAP1
TFAP2A,CITED4
TFAP2A,EPN2
TFDP1,TP53
TFDP1,NPDC1
TFDP1,SERTAD2
TFRC,RANBP9
TFRC,GABARAP
TG,HSP90B1
TGFB1,THBS1
THBS1,CORO1A
THBS2,THBS3
TMPO,BANF1
TMPO,AKAP8L
TMPO,GMCL1
TMPO,SGTB
TMPRSS15,SPINK1
TNC,PTPRB
TNFAIP3,LAPTM5
TNFRSF17,TRAF1
TNFRSF17,TRAF2
TNFRSF17,TRAF3
TNFRSF17,TNFSF13B
TNFRSF17,TNFSF13
TNPO1,SRP19
TOPORS,SNIP1
TP53BP2,YES1
TP73,GNB2L1
TRA@,TRD@
TRA@,TRB@
TRA@,TRAT1
TRB@,TRD@
TRB@,TRAT1
TRD@,TRG@
TRIM23,CYTH1
TSC22D3,JUN
TTN,MYOM1
TTN,MYOM2
TTN,TCAP
TTN,TRIM63
TTN,OBSCN
TTN,ANKRD1
TTN,ANKRD2
TTN,ANKRD23
TUBA1A,SDC3
TUBA4A,ZAP70
TXN,TXNIP
TXNIP,SMURF2
TYK2,VAV1
TYK2,GNB2L1
TYK2,IRS2
TYK2,PRMT5
TYK2,STAM2
TYK2,XRCC5
TYRO3,YES1
TYROBP,ZAP70
UBA52,LAPTM5
UBE2B,RAD18
UBE2B,UBR2
UBE2I,SNIP1
UBTF,CD3EAP
VAMP1,BCAP31
VAMP1,SNAP23
VAMP1,VAPA
VAMP1,VAPB
VAMP2,SYP
VAMP2,SNAP23
VAMP2,VAMP8
VAMP2,RABAC1
VAMP2,STX11
VAMP2,CPLX1
VAMP2,VAPA
VAMP2,VAPB
VAMP2,SYPL1
VAMP2,TRPC3
VAV1,ZYX
VAV1,LAT
VAV1,SOCS1
VAV1,AOC3
VAV1,BLNK
VAV1,RACGAP1
VAV1,PAG1
VIM,NUP85
WEE1,BRD8
WNT5A,FZD5
WNT5A,FZD1
WRNIP1,POLD4
YBX1,TFAP2A
YES1,ADAM12
YES1,CD2AP
YES1,TRPV4
YES1,GP6
YWHAQ,EPB41L3
ZAP70,LAT
ZAP70,SIT1
ZAP70,SH2B3
ZAP70,PAG1
ZAP70,GAB2
ZAP70,SLAMF6
ZAP70,SLA2
ZAP70,DBNL
ZAP70,FCRL3
ZAP70,NFAM1
ZEB1,DRAP1
ZFYVE9,NUP155
ZFYVE9,SUMF2
ZFYVE9,UBXN11
ZFYVE9,ZMYND8
ZFYVE9,CHD6
ZFYVE9,RHOT2
ZFYVE9,SPG20
ZFYVE9,SCYL2
ZMYM5,SNIP1
ZP2,ZPBP
ZP3,ENGASE
