A1CF,2
A2M,6
AAAS,4
AADAT,2
AANAT,1
AARS,1
AARS2,1
AASDHPPT,1
AASS,4
AATF,1
ABAT,9
ABCA1,6
ABCA10,1
ABCA12,2
ABCA2,1
ABCA3,1
ABCA4,12
ABCA6,1
ABCA7,1
ABCA8,1
ABCA9,1
ABCB1,6
ABCB10,1
ABCB11,2
ABCB4,1
ABCB5,1
ABCB6,1
ABCB7,2
ABCB8,1
ABCC1,2
ABCC10,1
ABCC11,1
ABCC2,2
ABCC3,2
ABCC4,2
ABCC5,3
ABCC6,1
ABCC8,72
ABCC9,4
ABCD1,2
ABCD2,1
ABCD3,1
ABCG1,2
ABCG2,2
ABCG4,1
ABCG5,2
ABCG8,2
ABHD5,1
ABI1,1
ABI2,1
ABL1,84
ABL2,3
ABLIM1,1
ABLIM2,1
ABLIM3,1
ABR,1
ACAA1,1
ACACA,1
ACACB,5
ACAD8,2
ACADL,1
ACADM,3
ACADS,3
ACADSB,2
ACADVL,2
ACAT1,1
ACD,2
ACE,34
ACE2,2
ACER1,1
ACER2,1
ACER3,1
ACHE,144
ACIN1,1
ACLY,1
ACMSD,1
ACO2,2
ACOT8,1
ACOX1,1
ACOX2,1
ACOX3,1
ACP5,1
ACSL1,2
ACSL3,1
ACSL4,3
ACSL5,1
ACSL6,1
ACSM1,1
ACSM2B,1
ACSS1,2
ACSS2,2
ACTA1,3
ACTA2,1
ACTB,6
ACTC1,3
ACTG1,4
ACTG2,1
ACTN1,2
ACTN2,4
ACTN3,2
ACTN4,2
ACTR1A,2
ACTR1B,1
ACTR2,1
ACTR3,1
ACVR1B,2
ACVR1C,2
ACVR2A,2
ACVR2B,2
ADA,16
ADAL,1
ADAM10,4
ADAM12,2
ADAM17,5
ADAM9,1
ADAMTS14,1
ADAMTS2,1
ADAMTS3,1
ADAR,3
ADARB1,2
ADC,2
ADCY1,12
ADCY2,6
ADCY3,6
ADCY4,6
ADCY5,6
ADCY6,6
ADCY7,6
ADCY8,6
ADCY9,6
ADCYAP1,1
ADCYAP1R1,1
ADD1,2
ADH1A,6
ADH1B,10
ADH1C,20
ADH4,3
ADH6,1
ADH7,2
ADHFE1,1
ADI1,1
ADIPOQ,1
ADK,1
ADM,1
ADM2,1
ADORA1,10
ADORA2A,11
ADORA2B,4
ADORA3,2
ADRA1A,79
ADRA1B,43
ADRA1D,26
ADRA2A,180
ADRA2B,70
ADRA2C,93
ADRB1,44
ADRB2,48
ADRB3,11
ADRBK1,3
ADSL,1
ADSS,1
ADSSL1,1
AFMID,1
AGAP2,1
AGER,1
AGL,1
AGMAT,1
AGO1,4
AGO2,4
AGO3,4
AGO4,4
AGPAT1,1
AGPAT2,1
AGPAT3,1
AGPAT4,1
AGPAT5,1
AGPAT6,1
AGPAT9,1
AGPS,1
AGRN,4
AGT,3
AGTR1,11
AGTR2,1
AGXT,7
AGXT2,4
AHCTF1,2
AHCY,4
AIM2,1
AIMP1,1
AIMP2,1
AK1,1
AK2,1
AK3,1
AK5,1
AKAP1,1
AKAP10,1
AKAP13,1
AKAP5,2
AKAP9,1
AKR1B1,58
AKR1B10,2
AKR1C1,14
AKR1C3,24
AKR1C4,3
AKR1D1,1
AKT1,50
AKT1S1,3
AKT2,64
AKT3,6
ALAD,8
ALAS1,2
ALAS2,1
ALB,4
ALCAM,1
ALDH18A1,1
ALDH1A1,5
ALDH2,12
ALDH4A1,1
ALDH5A1,3
ALDH6A1,1
ALDH7A1,1
ALDH9A1,2
ALDOA,8
ALDOB,1
ALDOC,1
ALG1,1
ALG10,1
ALG10B,1
ALG11,1
ALG12,1
ALG13,1
ALG14,1
ALG2,1
ALG3,1
ALG5,1
ALG6,1
ALG8,1
ALG9,1
ALKBH2,1
ALKBH3,1
ALMS1,1
ALOX12,1
ALOX12B,1
ALOX15,1
ALOX15B,1
ALOX5,14
ALOX5AP,1
ALYREF,4
AMACR,2
AMBP,2
AMD1,4
AMDHD1,1
AMER1,1
AMICA1,3
AMN,1
AMOT,1
AMOTL1,1
AMOTL2,1
AMPD1,1
AMPD2,1
AMPD3,1
AMY1A,5
AMY1B,1
AMY1C,1
AMY2A,1
AMY2B,1
ANAPC1,5
ANAPC10,5
ANAPC11,5
ANAPC13,1
ANAPC2,5
ANAPC4,5
ANAPC5,5
ANAPC7,5
ANGPT1,1
ANGPT2,1
ANGPT4,1
ANGPTL4,2
ANK1,1
ANK2,1
ANK3,1
ANKLE2,2
ANKRD1,1
ANO1,1
ANO10,1
ANO2,1
ANO3,1
ANO4,1
ANO5,2
ANO6,1
ANO7,1
ANO8,1
ANO9,1
ANP32A,2
ANPEP,2
ANXA1,3
AP1B1,3
AP1G1,3
AP1M1,3
AP1M2,3
AP1S1,3
AP1S2,3
AP1S3,3
AP2A1,5
AP2A2,5
AP2B1,5
AP2M1,6
AP2S1,5
AP3B1,1
AP3M1,1
AP3S1,1
AP4B1,1
AP4E1,1
APAF1,2
APBB1IP,2
APC,10
APCS,3
APEX1,1
APH1A,3
APH1B,3
APIP,1
APITD1,2
APITD1-CORT,2
APLN,1
APLNR,1
APOA1,12
APOA2,3
APOA5,1
APOB,4
APOBEC1,2
APOBEC3G,1
APOC2,3
APOC3,3
APOE,18
APOL1,1
APP,4
APPL1,1
APRT,4
AQP1,2
AQP10,1
AQP11,1
AQP2,1
AQP3,1
AQP4,1
AQP5,1
AQP6,1
AQP7,1
AQP8,1
AQP9,1
AR,164
ARAP1,1
ARAP2,1
ARAP3,1
ARCN1,1
ARF1,4
ARF3,1
ARFGAP1,2
ARFGEF2,1
ARG1,12
ARG2,3
ARHGAP1,1
ARHGAP10,2
ARHGAP11A,1
ARHGAP11B,1
ARHGAP12,1
ARHGAP15,1
ARHGAP17,1
ARHGAP18,1
ARHGAP19,1
ARHGAP20,1
ARHGAP22,1
ARHGAP23,1
ARHGAP24,1
ARHGAP25,1
ARHGAP26,1
ARHGAP29,1
ARHGAP30,1
ARHGAP31,1
ARHGAP32,1
ARHGAP33,1
ARHGAP35,2
ARHGAP36,1
ARHGAP39,2
ARHGAP4,1
ARHGAP44,1
ARHGAP5,1
ARHGAP6,1
ARHGAP8,1
ARHGAP9,1
ARHGDIA,1
ARHGDIB,1
ARHGDIG,1
ARHGEF1,1
ARHGEF11,2
ARHGEF12,2
ARHGEF16,1
ARHGEF17,1
ARHGEF18,1
ARHGEF2,1
ARHGEF25,1
ARHGEF3,1
ARHGEF4,1
ARHGEF6,2
ARHGEF7,2
ARHGEF9,6
ARIH1,1
ARIH2,1
ARNT,1
ARNTL,1
ARPC1A,1
ARPC2,1
ARPC3,1
ARPC4,1
ARPC4-TTLL3,1
ARPC5,1
ARPP19,2
ARRB1,4
ARRB2,3
ARSA,2
ARSB,3
ARSD,2
ARSE,2
ARSF,2
ARSG,2
ARSH,2
ARSI,2
ARSJ,2
ARSK,2
ART1,2
ARTN,1
ASAH1,1
ASAH2,1
ASB1,1
ASB10,1
ASB11,1
ASB12,1
ASB13,1
ASB14,1
ASB15,1
ASB16,1
ASB17,1
ASB18,1
ASB2,1
ASB3,1
ASB4,1
ASB5,1
ASB6,1
ASB7,1
ASB8,1
ASB9,1
ASIC1,2
ASIC2,1
ASIC3,1
ASIC5,1
ASL,3
ASMT,1
ASNS,8
ASPSCR1,1
ASS1,4
ATF1,3
ATF2,2
ATF3,1
ATF4,1
ATF6,1
ATG12,1
ATG5,1
ATG7,1
ATIC,7
ATM,12
ATP10A,1
ATP10B,1
ATP10D,1
ATP11A,1
ATP11B,1
ATP11C,1
ATP12A,1
ATP1A1,15
ATP1A2,2
ATP1A3,1
ATP1A4,1
ATP1B1,2
ATP1B2,2
ATP1B3,2
ATP2A1,2
ATP2A2,4
ATP2A3,2
ATP2B1,2
ATP2B2,2
ATP2B3,2
ATP2B4,2
ATP2C1,7
ATP2C2,1
ATP4A,5
ATP4B,1
ATP5A1,2
ATP5B,2
ATP5C1,1
ATP5D,6
ATP5E,1
ATP5F1,1
ATP5G1,2
ATP5H,1
ATP5I,1
ATP5J,1
ATP5J2,1
ATP5L,1
ATP5O,1
ATP6,1
ATP6AP2,1
ATP6V0A1,3
ATP6V0A2,3
ATP6V0A4,3
ATP6V0B,3
ATP6V0C,3
ATP6V0D1,4
ATP6V0D2,3
ATP6V0E1,3
ATP6V0E2,3
ATP6V1A,3
ATP6V1B1,3
ATP6V1B2,3
ATP6V1C1,3
ATP6V1C2,3
ATP6V1D,3
ATP6V1E1,3
ATP6V1E2,3
ATP6V1F,3
ATP6V1G1,3
ATP6V1G2,3
ATP6V1G3,3
ATP6V1H,3
ATP7A,4
ATP7B,1
ATP8,1
ATP8A1,1
ATP8A2,1
ATP8B1,1
ATP8B2,1
ATP8B3,1
ATP8B4,1
ATP9A,1
ATP9B,1
ATR,6
ATRIP,1
AUH,1
AURKA,11
AURKB,2
AVP,3
AVPR1A,6
AVPR1B,3
AVPR2,10
AXIN1,2
AZI1,1
AZIN1,1
B2M,2
B3GALT6,2
B3GAT1,4
B3GAT2,2
B3GAT3,4
B3GNT1,2
B3GNT2,3
B3GNT3,3
B3GNT4,3
B3GNT5,1
B3GNT6,1
B3GNT7,3
B3GNT8,1
B3GNT9,1
B3GNTL1,1
B4GALT1,24
B4GALT2,3
B4GALT3,3
B4GALT4,3
B4GALT5,3
B4GALT6,3
B4GALT7,4
B9D2,2
BAAT,1
BAD,4
BAIAP2,1
BAK1,1
BAMBI,1
BANF1,3
BAX,1
BBC3,1
BBOX1,1
BCAN,2
BCAP31,2
BCAR1,2
BCAT1,6
BCAT2,7
BCHE,29
BCKDHA,1
BCKDHB,1
BCL10,1
BCL2,56
BCL2L1,2
BCL2L11,2
BCMO1,2
BCR,4
BCS1L,2
BDH1,1
BDKRB1,1
BDKRB2,1
BDP1,2
BEST1,3
BEST2,1
BEST3,1
BEST4,1
BGN,2
BHLHE40,1
BHLHE41,1
BHMT,3
BID,1
BIRC2,2
BIRC3,1
BIRC5,2
BLK,1
BLM,2
BLMH,1
BLNK,1
BLOC1S1,1
BLOC1S3,1
BLOC1S4,1
BLOC1S6,1
BLVRA,2
BLVRB,7
BLZF1,2
BMF,1
BMP1,2
BMP10,1
BMP2,2
BMP4,1
BMP7,1
BMPR1A,2
BMPR1B,2
BMPR2,1
BMX,1
BNIP2,1
BOC,1
BPNT1,1
BRAF,54
BRCA1,6
BRCA2,8
BRF1,2
BRF2,2
BRIP1,1
BRK1,1
BRPF3,1
BRS3,1
BSG,3
BSND,1
BTC,3
BTK,2
BTLA,1
BTRC,5
BUB1,2
BUB1B,4
BUB3,4
C17orf70,1
C19orf10,1
C19orf40,1
C1GALT1,1
C1GALT1C1,1
C1QA,1
C1QB,1
C1QBP,1
C1QC,1
C1R,1
C1S,11
C2,2
C3,4
C3AR1,1
C4A,2
C4B,2
C4B_2,1
C4BPA,1
C4BPB,1
C5,4
C5AR1,1
C5AR2,1
C6,1
C7,1
C8A,1
C8B,1
C8G,1
C8orf44-SGK3,1
C9,1
CA1,23
CA12,4
CA13,1
CA14,1
CA2,190
CA3,1
CA4,16
CA5A,1
CA5B,1
CA6,1
CA7,1
CA9,2
CAB39,1
CAB39L,1
CABLES1,1
CABLES2,1
CACNA1A,24
CACNA1B,1
CACNA1C,72
CACNA1D,2
CACNA1E,2
CACNA1G,8
CACNA1H,10
CACNA1I,6
CACNA1S,1
CACNA2D2,2
CACNA2D3,1
CACNB1,12
CACNB2,3
CACNB3,3
CACNB4,4
CACNG2,1
CACNG3,1
CACNG4,1
CACNG8,1
CAD,1
CADM1,1
CADM2,1
CADM3,1
CALCA,3
CALCB,1
CALCR,2
CALCRL,1
CALD1,1
CALM1,9
CALM2,9
CALM3,216
CALR,2
CALU,1
CAMK2A,2
CAMK2B,2
CAMK2D,2
CAMK2G,2
CAMK4,4
CAMKK1,1
CAMP,1
CANX,4
CAP1,2
CAP2,1
CAPZA1,2
CAPZA2,2
CAPZB,1
CARD11,1
CARD9,1
CARM1,1
CARS,1
CARS2,1
CASC3,2
CASC5,2
CASK,1
CASP1,4
CASP10,2
CASP2,2
CASP3,20
CASP4,1
CASP6,1
CASP7,1
CASP8,2
CASP9,4
CASQ1,1
CASQ2,1
CASR,1
CAT,2
CAV1,2
CBL,3
CBLB,1
CBR1,1
CBS,5
CBX5,1
CCAR1,2
CCBL1,10
CCBL2,1
CCBP2,1
CCK,1
CCKAR,1
CCKBR,1
CCL11,1
CCL16,1
CCL17,1
CCL19,1
CCL2,4
CCL20,1
CCL21,1
CCL22,1
CCL23,1
CCL25,1
CCL27,1
CCL28,1
CCL3,1
CCL3L1,1
CCL3L3,1
CCL4,1
CCL4L1,1
CCL4L2,1
CCL5,2
CCL7,1
CCNA1,3
CCNA2,3
CCNB1,2
CCNB2,2
CCNC,4
CCND1,7
CCND2,1
CCND3,1
CCNE1,2
CCNE2,2
CCNH,6
CCNO,1
CCNT1,5
CCNT2,5
CCP110,1
CCR1,1
CCR10,1
CCR2,2
CCR3,1
CCR4,1
CCR5,2
CCR6,2
CCR7,1
CCR8,1
CCR9,1
CCRL1,1
CCRN4L,1
CCT2,1
CCT3,1
CCT4,1
CCT5,1
CCT6A,1
CCT7,1
CCT8,1
CD14,1
CD151,2
CD160,1
CD163,1
CD177,1
CD19,3
CD2,2
CD200,1
CD200R1,1
CD207,1
CD226,1
CD24,1
CD244,1
CD247,2
CD274,1
CD28,3
CD2AP,1
CD2BP2,2
CD300E,1
CD300LB,1
CD34,1
CD36,4
CD3D,1
CD3E,1
CD3G,1
CD4,2
CD40,2
CD40LG,1
CD44,3
CD46,1
CD47,2
CD48,1
CD55,2
CD58,1
CD63,1
CD72,1
CD74,1
CD79A,1
CD79B,1
CD80,6
CD81,1
CD84,1
CD86,9
CD8A,1
CD8B,2
CD9,1
CD96,1
CD97,1
CDA,1
CDC14A,1
CDC16,5
CDC20,5
CDC23,5
CDC25A,1
CDC25B,3
CDC25C,1
CDC26,5
CDC27,5
CDC34,1
CDC37,2
CDC40,4
CDC42,5
CDC45,3
CDC6,3
CDC7,3
CDCA5,2
CDCA8,2
CDH1,24
CDH10,1
CDH11,1
CDH12,1
CDH13,1
CDH15,2
CDH18,1
CDH2,2
CDH24,1
CDH3,2
CDH4,2
CDH5,1
CDH6,1
CDH7,1
CDH8,1
CDH9,1
CDIPT,1
CDK1,48
CDK11A,1
CDK11B,1
CDK19,1
CDK2,685
CDK4,6
CDK5,21
CDK5R1,1
CDK5RAP2,1
CDK6,1
CDK7,12
CDK8,4
CDK9,5
CDKN1A,5
CDKN1B,5
CDKN2A,21
CDKN2B,9
CDKN2C,1
CDKN2D,1
CDO1,2
CDON,1
CDS1,1
CDS2,1
CDT1,3
CEBPA,1
CEBPB,1
CEBPD,1
CENPA,2
CENPC1,2
CENPE,4
CENPF,2
CENPH,2
CENPI,2
CENPJ,2
CENPK,2
CENPL,2
CENPM,2
CENPN,2
CENPO,2
CENPP,2
CENPQ,2
CENPT,2
CEP135,1
CEP152,1
CEP164,1
CEP250,1
CEP290,5
CEP41,1
CEP57,1
CEP63,1
CEP70,1
CEP72,1
CEP76,1
CEP78,1
CEPT1,1
CER1,2
CERK,1
CERS1,1
CERS2,1
CERS3,1
CERS4,1
CERS5,1
CERS6,1
CETN2,1
CETP,1
CFB,2
CFC1,2
CFD,4
CFH,3
CFHR3,1
CFI,1
CFL1,3
CFP,1
CFTR,21
CGA,2
CGB,1
CGB5,1
CGB7,1
CGB8,1
CGN,1
CH25H,1
CHAT,2
CHCHD4,1
CHD9,1
CHEK1,2
CHEK2,1
CHKA,1
CHKB,1
CHL1,1
CHMP2A,1
CHMP2B,1
CHMP3,1
CHMP4A,1
CHMP4B,1
CHMP4C,1
CHMP5,1
CHMP6,1
CHMP7,1
CHN1,1
CHN2,1
CHPF,2
CHPF2,2
CHPT1,1
CHRDL1,1
CHRFAM7A,1
CHRM1,75
CHRM2,61
CHRM3,112
CHRM4,35
CHRM5,31
CHRNA1,2
CHRNA2,20
CHRNA3,1
CHRNA4,20
CHRNA5,1
CHRNA6,1
CHRNA7,1
CHRNA9,1
CHRNB2,2
CHRNB3,1
CHRNB4,1
CHRND,2
CHRNE,1
CHRNG,1
CHST1,2
CHST11,2
CHST12,2
CHST13,2
CHST14,2
CHST15,2
CHST2,2
CHST3,2
CHST5,2
CHST6,2
CHST7,2
CHST9,2
CHSY1,2
CHSY3,2
CHUK,4
CIAO1,1
CIAPIN1,1
CIITA,2
CISH,1
CKAP5,2
CKB,1
CKM,4
CKMT1A,1
CKMT1B,1
CKMT2,1
CKS1B,1
CLASP1,3
CLASP2,3
CLCN1,1
CLCN2,1
CLCN3,1
CLCN4,1
CLCN5,1
CLCN6,1
CLCN7,1
CLCNKA,1
CLCNKB,1
CLDN1,1
CLDN10,1
CLDN11,1
CLDN12,1
CLDN14,1
CLDN15,1
CLDN16,1
CLDN17,1
CLDN18,1
CLDN19,1
CLDN2,1
CLDN20,1
CLDN22,1
CLDN23,1
CLDN3,1
CLDN4,1
CLDN5,1
CLDN6,1
CLDN7,1
CLDN8,1
CLDN9,1
CLEC5A,1
CLINT1,1
CLIP1,2
CLNS1A,2
CLOCK,1
CLP1,4
CLPS,3
CLSPN,2
CLTA,5
CLTB,1
CLTC,2
CLTCL1,1
CLU,1
CMA1,15
CMPK1,6
CNDP2,1
CNOT1,2
CNOT10,2
CNOT11,2
CNOT2,2
CNOT3,2
CNOT4,2
CNOT6,2
CNOT6L,2
CNOT7,2
CNOT8,2
CNPY3,1
CNR1,3
CNR2,2
CNTN1,3
CNTN2,1
CNTN6,1
CNTNAP1,1
CNTRL,2
COASY,1
COL10A1,1
COL11A1,2
COL11A2,4
COL12A1,1
COL13A1,1
COL14A1,1
COL15A1,1
COL16A1,1
COL17A1,2
COL18A1,2
COL19A1,1
COL1A1,9
COL1A2,6
COL20A1,1
COL21A1,1
COL22A1,1
COL23A1,1
COL24A1,1
COL25A1,1
COL26A1,1
COL27A1,1
COL28A1,1
COL2A1,9
COL3A1,3
COL4A1,9
COL4A2,3
COL4A3,6
COL4A3BP,1
COL4A4,6
COL4A5,3
COL4A6,1
COL5A1,3
COL5A2,3
COL5A3,3
COL6A1,6
COL6A2,3
COL6A3,3
COL6A5,3
COL6A6,3
COL7A1,2
COL8A1,1
COL8A2,2
COL9A1,3
COL9A2,3
COL9A3,3
COLGALT1,1
COLGALT2,1
COMT,18
COPA,1
COPB1,1
COPB2,1
COPE,1
COPG1,1
COPZ1,1
COQ2,2
COQ3,1
COQ5,1
COQ6,1
COQ7,1
COX1,1
COX17,1
COX2,1
COX3,1
COX4I1,1
COX5A,1
COX5B,1
COX6A1,1
COX6B1,1
COX6C,1
COX7A2L,1
COX7B,1
COX7C,1
COX8A,1
CP,1
CPA3,1
CPD,1
CPE,2
CPLX1,1
CPOX,1
CPS1,1
CPSF1,4
CPSF2,4
CPSF3,4
CPSF4,1
CPSF6,1
CPSF7,4
CPT1A,4
CPT1B,1
CPT2,2
CR1,1
CRAT,3
CRB3,1
CREB1,12
CREBBP,8
CRH,3
CRHR1,1
CRHR2,1
CRK,3
CRKL,2
CRLS1,1
CRMP1,1
CROT,3
CRTAM,1
CRTAP,1
CRY1,1
CRY2,1
CS,2
CSAD,2
CSF2,1
CSF2RA,1
CSF2RB,1
CSGALNACT1,2
CSGALNACT2,2
CSH1,2
CSH2,2
CSK,4
CSN2,1
CSNK1A1,1
CSNK1D,2
CSNK1E,2
CSNK1G2,1
CSNK2A1,69
CSNK2A2,3
CSNK2B,3
CSPG4,2
CSPG5,2
CST3,1
CSTF1,4
CSTF2,4
CSTF3,4
CTDP1,4
CTDSP2,1
CTGF,2
CTH,5
CTLA4,4
CTNNA1,2
CTNNA2,1
CTNNB1,24
CTNND1,1
CTPS1,1
CTPS2,1
CTRB2,1
CTSA,2
CTSB,28
CTSC,2
CTSD,48
CTSE,1
CTSF,8
CTSG,4
CTSH,1
CTSK,2
CTSL1,2
CTSL2,4
CTSO,1
CTSS,24
CTSZ,2
CUBN,2
CUL1,5
CUL2,2
CUL3,1
CUL5,3
CUL7,2
CUX1,1
CX3CL1,1
CX3CR1,1
CXADR,2
CXCL1,1
CXCL10,1
CXCL11,1
CXCL12,1
CXCL13,1
CXCL16,1
CXCL2,1
CXCL3,1
CXCL5,1
CXCL6,1
CXCL9,1
CXCR1,1
CXCR2,1
CXCR3,1
CXCR4,4
CXCR5,1
CXCR6,1
CXCR7,1
CXXC1,1
CYB5A,2
CYB5R3,3
CYBA,2
CYBB,2
CYBRD1,1
CYC1,2
CYCS,14
CYFIP2,1
CYLD,3
CYP11A1,4
CYP11B1,12
CYP11B2,4
CYP17A1,12
CYP19A1,20
CYP1A1,1
CYP1A2,1
CYP1B1,1
CYP21A2,4
CYP24A1,2
CYP26A1,1
CYP26B1,1
CYP26C1,1
CYP27A1,1
CYP27B1,2
CYP2A13,1
CYP2A6,1
CYP2A7,1
CYP2B6,1
CYP2C18,1
CYP2C19,1
CYP2C8,1
CYP2C9,1
CYP2D6,1
CYP2E1,1
CYP2F1,1
CYP2J2,1
CYP2R1,2
CYP2S1,1
CYP2U1,1
CYP2W1,1
CYP39A1,1
CYP3A4,1
CYP3A43,1
CYP3A5,1
CYP3A7,1
CYP46A1,1
CYP4A11,1
CYP4B1,1
CYP4F11,1
CYP4F12,1
CYP4F2,1
CYP4F3,1
CYP4F8,1
CYP51A1,3
CYP7A1,1
CYP7B1,2
CYP8B1,1
CYSLTR1,5
CYSLTR2,1
CYTB,9
D2HGDH,1
DAB2,1
DAD1,1
DAGLA,2
DAGLB,2
DAK,1
DAO,1
DAPK1,3
DAPK2,1
DAPK3,1
DAPP1,1
DARC,1
DARS,1
DARS2,1
DBF4,3
DBH,3
DBNL,1
DBP,1
DBT,1
DCC,9
DCK,1
DCN,2
DCP1A,2
DCP1B,2
DCP2,2
DCPS,14
DCTD,1
DCTN1,9
DCTN2,2
DCTN3,2
DCTN4,1
DCTN5,1
DCTN6,1
DCX,1
DDB1,1
DDB2,1
DDC,2
DDIT3,1
DDOST,3
DDX11,1
DDX20,2
DDX23,2
DDX58,1
DDX6,2
DECR1,1
DEFA1,1
DEFA1B,1
DEFA3,1
DEFA4,1
DEFA5,1
DEFA6,1
DEFB1,1
DEFB103A,1
DEFB103B,1
DEFB104A,1
DEFB104B,1
DEFB105A,1
DEFB105B,1
DEFB106A,1
DEFB106B,1
DEFB107A,1
DEFB107B,1
DEFB108B,1
DEFB110,1
DEFB112,1
DEFB113,1
DEFB114,1
DEFB115,1
DEFB116,1
DEFB118,1
DEFB119,1
DEFB121,1
DEFB123,1
DEFB124,1
DEFB125,1
DEFB126,1
DEFB127,1
DEFB128,1
DEFB129,1
DEFB130,1
DEFB131,1
DEFB132,1
DEFB133,1
DEFB134,1
DEFB135,1
DEFB136,1
DEFB4A,1
DEFB4B,1
DEGS1,1
DEGS2,1
DEPDC1B,1
DEPDC7,1
DES,4
DET1,1
DFFA,1
DFFB,1
DGAT1,1
DGAT2,1
DGCR8,1
DGKA,2
DGKB,2
DGKD,2
DGKE,2
DGKG,2
DGKH,2
DGKI,2
DGKK,2
DGKQ,2
DGKZ,2
DGUOK,1
DHCR24,1
DHCR7,2
DHFR,56
DHFRL1,1
DHODH,25
DHPS,2
DHRS3,2
DHX38,4
DHX9,2
DIABLO,1
DICER1,1
DIDO1,2
DIO1,1
DIO2,1
DIO3,1
DIS3,2
DKC1,2
DLAT,3
DLC1,1
DLD,6
DLG1,2
DLG3,2
DLG4,2
DLK1,2
DLL1,3
DLL4,3
DLST,1
DMC1,1
DMD,3
DNA2,2
DNAJB11,1
DNAJB9,1
DNAJC19,1
DNAJC3,1
DNAJC5,1
DNAJC6,1
DNAJC8,2
DNAL4,1
DNASE2,1
DNER,2
DNM1,4
DNM1L,1
DNM2,10
DNM3,3
DOCK1,3
DOCK10,1
DOCK11,1
DOCK2,2
DOCK3,1
DOCK4,1
DOCK5,1
DOCK6,1
DOCK7,1
DOCK8,1
DOCK9,1
DOHH,1
DOK1,1
DOK2,1
DOLK,1
DOLPP1,1
DPAGT1,1
DPEP1,1
DPEP2,1
DPM1,1
DPM2,1
DPM3,1
DPP4,50
DPYD,7
DPYS,1
DPYSL2,1
DPYSL3,1
DPYSL4,1
DPYSL5,1
DRD1,47
DRD2,67
DRD3,28
DRD4,24
DRD5,18
DROSHA,1
DSCAM,1
DSCAML1,1
DSE,2
DSG1,1
DSG2,1
DSG3,1
DSN1,2
DSP,5
DST,2
DTNBP1,1
DTX1,2
DTX2,2
DTX3L,1
DTX4,2
DTYMK,9
DUSP3,3
DUSP4,3
DUSP6,3
DUSP7,3
DUT,2
DVL2,1
DYNC1H1,2
DYNC1I1,1
DYNC1I2,2
DYNC1LI2,1
DYNC2H1,2
DYNC2LI1,1
DYNLL1,3
DYNLL2,2
DYRK1A,1
DZIP3,1
E2F1,1
E2F2,1
E2F3,1
E2F4,3
E2F5,3
EARS2,1
EBF1,1
EBP,1
ECHS1,1
ECI1,2
ECT2,1
EDC3,2
EDC4,2
EDEM1,1
EDEM2,1
EDEM3,1
EDN1,1
EDN2,1
EDN3,3
EDNRA,3
EDNRB,8
EEF1A1,2
EEF1B2,2
EEF1D,2
EEF1E1,1
EEF1G,2
EEF2,2
EEF2K,1
EFEMP1,1
EFEMP2,1
EFTUD2,2
EGF,8
EGFR,352
EGLN1,1
EGLN2,1
EGLN3,1
EGR1,1
EHD1,1
EHD2,1
EHD3,1
EIF1AX,3
EIF2AK2,2
EIF2AK3,2
EIF2B1,2
EIF2B2,2
EIF2B3,2
EIF2B4,2
EIF2B5,2
EIF2S1,3
EIF2S2,3
EIF2S3,3
EIF3A,3
EIF3B,3
EIF3C,3
EIF3D,3
EIF3E,3
EIF3F,3
EIF3G,3
EIF3H,3
EIF3I,3
EIF3J,3
EIF3K,3
EIF4A1,5
EIF4A2,5
EIF4A3,3
EIF4B,5
EIF4E,28
EIF4E2,1
EIF4E3,1
EIF4EBP1,3
EIF4G1,6
EIF4G2,1
EIF4G3,1
EIF4H,3
EIF5,2
EIF5A,1
EIF5A2,1
EIF5B,2
ELANE,5
ELAVL1,2
ELK1,3
ELL,4
ELMO1,2
ELMO2,1
ELN,2
ELOVL1,1
ELOVL2,1
ELOVL3,2
ELOVL4,1
ELOVL5,1
ELOVL6,1
ELOVL7,1
EMD,2
EMILIN1,1
EMILIN2,1
EMILIN3,1
EMR1,1
EMR2,1
EMR3,1
ENAH,2
ENO1,1
ENO2,1
ENO3,1
ENOPH1,1
ENPEP,1
ENPP1,6
ENPP7,1
ENSA,2
EP300,6
EPAS1,1
EPB41L1,1
EPHB2,1
EPHX2,7
EPN1,2
EPO,1
EPRS,5
EPS15,2
EPS15L1,2
EPT1,1
ERAP1,1
ERAP2,1
ERBB2,108
ERBB2IP,1
ERBB3,6
ERBB4,3
ERCC1,1
ERCC2,6
ERCC3,5
ERCC4,1
ERCC5,1
ERCC6,3
ERCC6L,2
ERCC8,2
EREG,3
ERN1,1
ERO1L,1
ESAM,1
ESCO1,1
ESCO2,1
ESPL1,2
ESR1,118
ESR2,30
ESRRA,1
ESRRB,1
ESRRG,1
ETF1,3
ETFA,1
ETFB,1
ETFDH,1
ETHE1,1
ETNK1,1
ETNK2,1
EVL,2
EXOC1,2
EXOC2,2
EXOC3,2
EXOC4,2
EXOC5,2
EXOC6,2
EXOC7,2
EXOC8,2
EXOSC1,2
EXOSC2,2
EXOSC3,2
EXOSC4,2
EXOSC5,2
EXOSC6,2
EXOSC7,2
EXOSC8,2
EXOSC9,2
EXT1,4
EXT2,4
EXTL3,1
EZR,1
F10,78
F11,9
F11R,3
F12,2
F13A1,2
F13B,1
F2,300
F2R,2
F2RL1,1
F2RL2,2
F2RL3,2
F3,4
F5,4
F7,36
F8,2
F9,4
FABP1,1
FABP4,2
FABP6,3
FADD,2
FADS1,2
FADS2,1
FAH,1
FAM13A,1
FAM13B,1
FAM213B,1
FAM96B,1
FANCA,1
FANCB,1
FANCC,1
FANCD2,1
FANCE,1
FANCF,1
FANCG,1
FANCI,1
FANCL,1
FANCM,1
FAR1,1
FAR2,1
FARP2,1
FARS2,1
FARSA,1
FARSB,1
FAS,4
FASLG,1
FASN,2
FBLIM1,1
FBLN1,1
FBLN2,1
FBLN5,2
FBN1,12
FBN2,1
FBN3,1
FBP1,1
FBP2,1
FBXL3,2
FBXL5,1
FBXO17,1
FBXO2,1
FBXO27,1
FBXO3,1
FBXO4,2
FBXO44,1
FBXO5,2
FBXO6,2
FBXW10,1
FBXW11,1
FBXW2,1
FBXW4,1
FBXW5,1
FBXW7,4
FBXW8,1
FBXW9,1
FCER1G,1
FCGR1A,21
FCGR1B,1
FCGR2A,1
FCGR2B,1
FCGR3A,2
FDFT1,1
FDPS,11
FDX1,1
FDX1L,1
FDXR,1
FECH,1
FEN1,3
FER,1
FERMT2,1
FES,2
FFAR1,2
FFAR2,1
FFAR3,1
FFAR4,1
FGA,54
FGB,4
FGD1,1
FGD2,1
FGD3,1
FGD4,1
FGF1,27
FGF10,6
FGF16,3
FGF17,3
FGF18,3
FGF19,3
FGF2,18
FGF20,3
FGF22,3
FGF23,3
FGF3,3
FGF4,3
FGF5,3
FGF6,3
FGF7,3
FGF8,3
FGF9,3
FGFR1,16
FGFR1OP,2
FGFR1OP2,1
FGFR2,54
FGFR3,18
FGFR4,6
FGG,4
FGR,2
FH,3
FHL2,1
FIG4,2
FIGF,2
FKBP14,1
FKBP1A,15
FKBP6,2
FKBP9,1
FLAD1,1
FLNA,8
FLNB,2
FLNC,1
FLT1,5
FLT4,5
FLVCR1,1
FMO1,1
FMO2,1
FMO3,1
FMOD,2
FN1,3
FNTA,1
FOS,2
FOXA3,1
FOXH1,2
FOXO1,4
FOXO3,4
FOXO4,3
FPGS,2
FPR1,1
FPR2,1
FPR3,1
FRS2,3
FRS3,2
FSHB,2
FSHR,15
FST,1
FSTL1,1
FSTL3,1
FTCD,4
FTH1,2
FTL,4
FURIN,4
FUS,4
FUT8,1
FXN,2
FXYD1,1
FXYD2,1
FXYD3,1
FXYD4,1
FXYD6,1
FXYD6-FXYD2,1
FXYD7,1
FYB,2
FYN,12
FZD1,1
FZD10,1
FZD2,1
FZD3,1
FZD4,1
FZD5,1
FZD6,1
FZD7,1
FZD8,1
FZD9,1
FZR1,3
G0S2,1
G3BP2,1
G6PC,2
G6PC2,2
G6PC3,2
G6PD,4
GAB1,3
GAB2,3
GABBR1,6
GABBR2,2
GABRA1,134
GABRA2,92
GABRA3,90
GABRA4,66
GABRA5,90
GABRA6,64
GABRB1,2
GABRB2,2
GABRB3,2
GABRG2,4
GABRG3,2
GABRR1,46
GABRR2,2
GABRR3,2
GAD1,2
GAD2,1
GAK,1
GAL,1
GAL3ST1,1
GALC,1
GALE,7
GALK1,1
GALNS,2
GALNT1,1
GALNT10,1
GALNT11,1
GALNT12,1
GALNT13,1
GALNT14,1
GALNT15,1
GALNT16,1
GALNT18,1
GALNT2,1
GALNT3,1
GALNT4,1
GALNT5,1
GALNT6,1
GALNT7,1
GALNT8,1
GALNT9,1
GALNTL5,1
GALNTL6,1
GALR1,1
GALR2,1
GALR3,1
GALT,1
GAMT,8
GAN,1
GANAB,1
GAPDH,5
GAPDHS,5
GARS,2
GART,3
GAS2,1
GAS6,2
GAST,1
GATA1,2
GATA2,1
GATA3,1
GATA4,1
GATA5,1
GATA6,1
GATM,6
GBA,12
GBA2,1
GBA3,1
GBE1,1
GBF1,1
GBP1,1
GBP2,1
GBP3,1
GBP4,1
GBP5,1
GBP6,1
GBP7,1
GC,2
GCDH,2
GCG,3
GCGR,2
GCH1,2
GCHFR,1
GCK,30
GCKR,2
GCLC,2
GCLM,2
GCNT1,1
GCNT3,1
GCNT4,1
GCNT7,1
GDA,1
GDF1,2
GDF5,4
GDI1,1
GDI2,1
GDNF,2
GEMIN2,2
GEMIN4,2
GEMIN5,2
GEMIN6,2
GEMIN7,2
GFAP,1
GFER,1
GFPT1,1
GFPT2,1
GFRA1,1
GFRA2,1
GFRA4,1
GGCT,1
GGCX,14
GGPS1,1
GGT1,1
GGT5,1
GGT6,1
GGT7,1
GH1,2
GH2,2
GHR,4
GHRH,1
GHRHR,2
GHRL,2
GHSR,1
GINS1,2
GINS2,2
GINS4,2
GIP,2
GIPR,1
GJA1,3
GJA10,2
GJA3,1
GJA4,1
GJA5,1
GJA8,1
GJA9,1
GJB1,1
GJB2,5
GJB3,3
GJB4,1
GJB5,1
GJB6,2
GJB7,1
GJC1,2
GJC2,1
GJD2,2
GJD3,1
GJD4,1
GK,1
GLA,1
GLB1,6
GLCE,2
GLIPR1,1
GLP1R,6
GLP2R,1
GLRA1,11
GLRA2,4
GLRA3,4
GLRA4,1
GLRB,2
GLRX,1
GLS,2
GLS2,2
GLUD1,6
GLUL,4
GLYAT,1
GM2A,4
GMIP,1
GMNN,3
GMPPA,1
GMPPB,1
GMPR,1
GMPR2,1
GMPS,1
GNA11,3
GNA12,2
GNA13,2
GNA14,3
GNA15,3
GNAI1,4
GNAI2,4
GNAI3,3
GNAL,2
GNAO1,1
GNAQ,3
GNAS,12
GNAT1,1
GNAT2,1
GNAT3,1
GNAZ,1
GNB1,5
GNB2,5
GNB3,5
GNB4,5
GNB5,5
GNG10,5
GNG11,5
GNG12,5
GNG13,5
GNG2,5
GNG3,5
GNG4,5
GNG5,5
GNG7,5
GNG8,5
GNGT1,5
GNGT2,5
GNPAT,1
GNPNAT1,1
GNRH1,1
GNRH2,1
GNRHR,9
GNS,3
GOLGA2,2
GORASP1,2
GORASP2,2
GOSR2,1
GOT1,5
GOT2,4
GP1BB,1
GP5,1
GP6,1
GP9,1
GPAA1,1
GPAM,1
GPAT2,1
GPBAR1,1
GPC1,4
GPC2,3
GPC3,3
GPC4,3
GPC5,3
GPC6,3
GPCPD1,1
GPD1,1
GPD1L,1
GPD2,1
GPER,1
GPHN,1
GPI,8
GPR132,1
GPR17,1
GPR18,1
GPR39,1
GPR4,1
GPR55,1
GPR65,1
GPR68,1
GPR75-ASB3,1
GPRC6A,1
GPT,4
GPT2,1
GPX1,1
GPX2,1
GPX4,1
GRAP,1
GRAP2,2
GRB10,1
GRB14,1
GRB2,12
GRB7,2
GREM2,1
GRHL1,1
GRHPR,1
GRIA1,7
GRIA2,38
GRIA3,3
GRIA4,1
GRIK1,2
GRIK2,21
GRIK3,1
GRIK4,1
GRIK5,1
GRIN1,7
GRIN2A,7
GRIN2B,6
GRIN2C,4
GRIN2D,4
GRIP1,1
GRIP2,1
GRK5,1
GRM1,3
GRM2,1
GRM3,1
GRM4,1
GRM5,2
GRM6,1
GRM7,1
GRM8,1
GRP,1
GRPEL1,1
GRPEL2,1
GRPR,1
GSK3A,4
GSK3B,80
GSN,4
GSPT2,3
GSR,13
GSS,6
GSTA1,7
GSTA2,2
GSTA3,2
GSTA4,1
GSTA5,1
GSTM1,6
GSTM4,6
GSTM5,1
GSTO1,1
GSTO2,1
GSTP1,13
GSTZ1,2
GTF2A1,3
GTF2A2,3
GTF2B,3
GTF2E1,3
GTF2E2,3
GTF2F1,5
GTF2F2,5
GTF2H1,5
GTF2H2,5
GTF2H3,5
GTF2H4,5
GTF3A,2
GTF3C1,2
GTF3C2,2
GTF3C3,2
GTF3C4,2
GTF3C5,2
GUCY1A2,1
GUCY1A3,1
GUCY1B3,1
GUK1,1
GUSB,2
GXYLT1,2
GXYLT2,2
GYG1,1
GYG2,1
GYS1,1
GYS2,1
GZMB,1
GZMH,1
GZMM,1
H1F0,1
H2AFB1,3
H2AFX,4
H2AFZ,3
H3F3A,3
H3F3B,3
HAAO,1
HABP4,1
HACL1,1
HADH,4
HADHA,2
HADHB,1
HAL,1
HAO1,1
HARS,1
HARS2,1
HAS1,2
HAS2,2
HAS3,2
HAUS2,1
HBA1,2
HBA2,20
HBB,60
HBD,1
HBE1,1
HBEGF,3
HBG1,1
HBG2,1
HCAR2,1
HCAR3,1
HCK,8
HCN1,1
HCN2,1
HCN3,1
HCN4,2
HCRT,1
HCRTR1,1
HCRTR2,1
HCST,1
HDAC1,5
HDAC10,2
HDAC11,2
HDAC2,3
HDAC3,5
HDAC4,2
HDAC5,2
HDAC6,2
HDAC7,2
HDAC8,28
HDAC9,2
HDC,2
HDGF,1
HEBP1,1
HECTD3,1
HELZ2,2
HEPH,1
HERC2,1
HERC5,1
HERPUD1,1
HES1,3
HES5,2
HEXA,2
HEXB,6
HEY1,2
HEY2,2
HEYL,2
HFE2,1
HGD,1
HGF,4
HGS,3
HGSNAT,2
HIBADH,1
HIBCH,1
HIF1A,3
HIF1AN,1
HIF3A,1
HIP1R,1
HIST1H1A,1
HIST1H1B,1
HIST1H1C,1
HIST1H1D,1
HIST1H1E,1
HIST1H2AB,3
HIST1H2AC,3
HIST1H2AD,3
HIST1H2AE,3
HIST1H2AJ,3
HIST1H2BA,3
HIST1H2BB,3
HIST1H2BC,3
HIST1H2BD,6
HIST1H2BE,3
HIST1H2BF,3
HIST1H2BG,3
HIST1H2BH,3
HIST1H2BI,3
HIST1H2BJ,3
HIST1H2BK,3
HIST1H2BL,3
HIST1H2BM,3
HIST1H2BN,3
HIST1H2BO,3
HIST1H3A,3
HIST1H3B,3
HIST1H3C,3
HIST1H3D,3
HIST1H3E,3
HIST1H3F,3
HIST1H3G,3
HIST1H3H,3
HIST1H3I,3
HIST1H3J,3
HIST1H4A,3
HIST1H4B,3
HIST1H4C,3
HIST1H4D,3
HIST1H4E,3
HIST1H4F,3
HIST1H4H,3
HIST1H4I,3
HIST1H4J,3
HIST1H4K,3
HIST1H4L,3
HIST2H2AA3,3
HIST2H2AA4,3
HIST2H2AC,3
HIST2H2BE,3
HIST2H3A,3
HIST2H3C,3
HIST2H3D,3
HIST2H4A,3
HIST2H4B,3
HIST3H2BB,3
HIST3H3,2
HIST4H4,3
HJURP,1
HK1,8
HK2,2
HK3,2
HLA-A,2
HLA-B,1
HLA-C,1
HLA-DMB,1
HLA-DOA,1
HLA-DOB,1
HLA-DPA1,1
HLA-DPB1,1
HLA-DQA1,5
HLA-DQA2,1
HLA-DQB1,8
HLA-DQB2,1
HLA-DRA,1
HLA-DRB1,21
HLA-DRB3,1
HLA-DRB4,1
HLA-DRB5,1
HLA-E,1
HLA-F,1
HLA-G,1
HMBS,1
HMG20B,1
HMGA1,1
HMGB1,2
HMGB2,1
HMGCL,1
HMGCR,17
HMGCS1,1
HMGCS2,1
HMHA1,1
HMMR,2
HMOX1,18
HMOX2,2
HNF1B,3
HNF4A,2
HNF4G,2
HNRNPA0,2
HNRNPA1,2
HNRNPA2B1,2
HNRNPA3,2
HNRNPC,2
HNRNPD,3
HNRNPF,2
HNRNPH1,2
HNRNPH2,2
HNRNPK,2
HNRNPL,2
HNRNPM,2
HNRNPR,2
HNRNPU,2
HNRNPUL1,2
HP,1
HPD,2
HPGD,1
HPGDS,11
HPR,1
HPRT1,7
HPSE,2
HPSE2,2
HPX,1
HRAS,210
HRG,1
HRH1,79
HRH2,12
HRH3,2
HRH4,2
HS2ST1,2
HS3ST1,2
HS3ST2,2
HS3ST3A1,10
HS3ST3B1,2
HS3ST4,2
HS3ST5,2
HS6ST1,2
HS6ST2,2
HS6ST3,2
HSCB,1
HSD11B1,36
HSD17B1,18
HSD17B10,9
HSD17B12,1
HSD17B3,2
HSD17B4,3
HSD17B7,1
HSD3B1,6
HSD3B2,12
HSD3B7,2
HSP90AA1,270
HSP90AB1,26
HSP90B1,16
HSPA1A,2
HSPA1B,2
HSPA2,2
HSPA5,3
HSPA8,4
HSPA9,1
HSPB1,2
HSPD1,2
HSPG2,3
HTR1A,45
HTR1B,27
HTR1D,24
HTR1E,6
HTR1F,5
HTR2A,66
HTR2B,19
HTR2C,38
HTR3A,18
HTR3B,1
HTR3C,1
HTR3D,1
HTR3E,1
HTR4,5
HTR5A,1
HTR6,9
HTR7,14
HUS1,1
HUWE1,1
HYAL1,2
HYAL2,2
HYOU1,1
IAPP,3
IARS,1
IARS2,1
IBSP,1
ICAM1,4
ICAM2,2
ICAM3,2
ICAM4,2
ICOS,1
ICOSLG,1
IDH1,4
IDH2,1
IDH3A,1
IDH3B,1
IDH3G,2
IDI1,1
IDI2,1
IDO1,1
IDO2,1
IDS,2
IDUA,2
IFI16,1
IFI27,1
IFI30,1
IFI35,1
IFI6,1
IFIH1,1
IFIT1,1
IFIT2,1
IFIT3,1
IFITM1,1
IFITM2,1
IFITM3,1
IFNA1,2
IFNA10,2
IFNA13,2
IFNA14,2
IFNA16,2
IFNA17,2
IFNA2,2
IFNA21,2
IFNA4,2
IFNA5,2
IFNA6,2
IFNA7,2
IFNA8,2
IFNAR1,9
IFNAR2,9
IFNB1,4
IFNG,4
IFNGR1,2
IFNGR2,2
IGF1,6
IGF1R,18
IGF2,9
IGF2BP1,1
IGF2BP2,1
IGF2BP3,1
IGF2R,1
IGFALS,1
IGFBP1,1
IGFBP2,1
IGFBP3,1
IGFBP4,1
IGFBP5,1
IGFBP6,1
IKBKB,12
IKBKE,1
IKBKG,6
IL18,1
IL1A,1
IL1B,4
IL1R1,1
IL1R2,1
IL1RAP,1
IL1RN,1
IL2,14
IL2RA,8
IL2RB,4
IL2RG,1
IL3,1
IL3RA,1
IL4I1,1
IL5,1
IL5RA,1
IL6,1
IL6R,1
IL6ST,1
IL7,1
IL7R,1
IL8,2
ILK,1
IMPA1,2
IMPA2,1
IMPDH1,10
IMPDH2,8
INADL,1
INCENP,2
INHBA,1
INHBB,1
INPP1,1
INPP4A,1
INPP4B,1
INPP5A,1
INPP5B,2
INPP5D,3
INPP5E,1
INPP5J,1
INPP5K,1
INPPL1,2
INS,15
INSIG1,2
INSIG2,3
INSL3,1
INSL5,1
INSM1,1
INSR,20
IP6K1,1
IP6K2,2
IP6K3,1
IPMK,1
IPPK,1
IQGAP1,2
IRAK1,3
IRAK2,2
IRAK4,1
IRF1,2
IRF2,2
IRF3,1
IRF4,1
IRF5,1
IRF6,2
IRF7,1
IRF8,1
IRF9,1
IRS1,3
IRS2,3
IRS4,1
ISCU,1
ISG15,1
ISG20,1
ISYNA1,1
ITCH,3
ITGA1,3
ITGA10,1
ITGA11,1
ITGA2,3
ITGA2B,6
ITGA3,2
ITGA4,6
ITGA5,4
ITGA6,4
ITGA7,1
ITGA8,2
ITGA9,2
ITGAD,1
ITGAE,1
ITGAL,24
ITGAM,3
ITGAV,5
ITGAX,2
ITGB1,6
ITGB2,3
ITGB3,32
ITGB3BP,3
ITGB4,3
ITGB5,4
ITGB6,2
ITGB7,2
ITGB8,2
ITK,2
ITM2B,1
ITPA,1
ITPK1,2
ITPKA,4
ITPKB,1
ITPKC,1
ITPR1,5
ITPR2,5
ITPR3,5
ITSN1,1
IVD,2
IYD,1
JAG1,6
JAG2,3
JAK1,1
JAK2,3
JAK3,1
JAM2,2
JAM3,2
JMJD1C,1
JMJD7-PLA2G4B,2
JUN,6
JUNB,2
JUP,2
KALRN,1
KARS,1
KAT2A,4
KAT2B,5
KCNA1,8
KCNA10,1
KCNA2,1
KCNA3,1
KCNA4,1
KCNA5,1
KCNA6,1
KCNA7,1
KCNAB1,1
KCNAB2,1
KCNAB3,1
KCNB1,2
KCNB2,1
KCNC1,1
KCNC2,2
KCNC3,1
KCNC4,1
KCND1,1
KCND2,1
KCND3,1
KCNF1,1
KCNG1,1
KCNG2,2
KCNG3,1
KCNG4,1
KCNH1,1
KCNH2,42
KCNH3,1
KCNH4,1
KCNH5,1
KCNH6,5
KCNH7,5
KCNH8,1
KCNJ1,8
KCNJ10,1
KCNJ11,42
KCNJ12,1
KCNJ14,1
KCNJ15,1
KCNJ16,1
KCNJ2,4
KCNJ3,1
KCNJ4,1
KCNJ5,1
KCNJ6,1
KCNJ8,1
KCNJ9,1
KCNK1,3
KCNK10,1
KCNK13,1
KCNK16,1
KCNK17,1
KCNK18,1
KCNK2,2
KCNK3,1
KCNK4,1
KCNK6,2
KCNK7,1
KCNK9,1
KCNMA1,18
KCNMB1,2
KCNMB2,2
KCNMB3,2
KCNMB4,2
KCNN1,1
KCNN2,1
KCNN3,1
KCNN4,4
KCNQ1,8
KCNQ2,6
KCNQ3,2
KCNQ4,1
KCNQ5,1
KCNS1,1
KCNS2,1
KCNS3,2
KCNV1,1
KCNV2,1
KDELR3,1
KDM1A,1
KDR,19
KDSR,1
KEAP1,1
KERA,2
KHK,1
KHSRP,2
KIAA1598,1
KIDINS220,1
KIF11,24
KIF13A,1
KIF15,2
KIF18A,4
KIF20A,4
KIF22,2
KIF23,4
KIF26A,2
KIF2A,4
KIF2B,4
KIF2C,4
KIF3A,3
KIF3B,3
KIF3C,2
KIF4A,3
KIF4B,3
KIF5A,2
KIF5B,3
KIF9,1
KIFAP3,3
KIFC1,1
KIFC3,1
KIR2DL1,1
KIR2DL2,1
KIR2DL3,1
KIR2DL4,1
KIR2DS1,1
KIR2DS2,1
KIR2DS4,1
KIR3DL1,1
KIR3DL2,1
KIRREL,1
KIRREL2,1
KIRREL3,1
KISS1,1
KISS1R,2
KIT,60
KITLG,3
KL,3
KLB,3
KLC1,2
KLC2,2
KLC3,2
KLC4,2
KLF5,1
KLHDC3,1
KLHL13,1
KLHL20,1
KLHL21,1
KLHL9,1
KLK1,1
KLK13,1
KLK2,2
KLK3,1
KLKB1,2
KLRC1,1
KLRC2,1
KLRC4-KLRK1,1
KLRD1,1
KLRG1,1
KLRK1,1
KMO,1
KNG1,2
KNTC1,2
KPNA1,3
KPNA2,1
KPNA3,1
KPNA4,1
KPNA5,1
KPNA7,1
KPNB1,4
KRAS,90
KRBOX4,1
KRT14,3
KRT5,2
KYNU,3
L1CAM,6
L2HGDH,1
LAMA1,2
LAMA2,1
LAMA3,9
LAMB1,2
LAMB3,3
LAMC1,2
LAMC2,3
LAMP2,1
LARS,1
LARS2,1
LAT,2
LATS1,1
LATS2,1
LBP,1
LBR,2
LCAT,1
LCK,52
LCLAT1,1
LCP2,2
LCT,1
LDHA,5
LDHB,8
LDHD,1
LDLR,6
LEFTY1,1
LEFTY2,2
LEMD2,2
LEMD3,2
LEP,1
LEPRE1,1
LEPREL1,1
LEPREL2,1
LFNG,1
LGALS3,1
LGMN,3
LHB,2
LHCGR,18
LIG1,3
LIG3,1
LIG4,2
LILRA1,1
LILRB1,1
LILRB2,1
LILRB3,1
LILRB4,1
LILRB5,1
LIMK1,2
LIMK2,1
LIMS1,1
LIMS2,1
LIN37,1
LIN52,1
LIN54,1
LIN9,1
LINGO1,1
LIPE,1
LMAN1,1
LMNA,45
LMNB1,4
LMOD1,1
LNPEP,2
LOC100133267,1
LOC100287515,1
LOC100507709,1
LOC100507714,1
LOC100509457,1
LOC100996758,1
LOC101060233,2
LOC101060267,1
LOC101060278,1
LOC101060318,3
LOC101060402,1
LOC101060422,1
LOC101060446,1
LOC101060460,2
LOC101060503,1
LOC101060511,3
LOC101060521,2
LOC101060525,1
LOC101060541,5
LOC101060545,1
LOC101060555,2
LOC101060570,1
LOC101060613,1
LOC101060629,1
LOC101060714,2
LONP2,1
LOX,1
LOXL1,1
LOXL2,1
LOXL3,1
LOXL4,1
LPAR1,1
LPAR2,1
LPAR3,1
LPAR4,1
LPAR6,2
LPCAT1,1
LPCAT2,1
LPCAT3,1
LPCAT4,1
LPGAT1,1
LPIN1,1
LPIN2,1
LPIN3,1
LPL,4
LRAT,4
LRP1,3
LRP10,2
LRP12,2
LRP2,16
LRP8,3
LRR1,1
LRRC16A,1
LRRC41,1
LRRFIP1,1
LRSAM1,1
LSM1,2
LSM10,4
LSM11,4
LSM2,3
LSM3,2
LSM4,2
LSM5,2
LSM6,2
LSM7,2
LSS,3
LTA4H,18
LTB4R,1
LTB4R2,1
LTBP1,1
LTBP2,1
LTBP3,1
LTBP4,1
LTC4S,1
LTF,7
LUM,2
LY96,1
LYN,3
LYPLA1,1
LYRM4,1
LYVE1,2
LYZ,1
LZTS1,2
M6PR,1
MAD1L1,2
MAD2L1,4
MAD2L2,1
MADCAM1,2
MAFF,1
MAFG,1
MAFK,1
MAG,2
MAGED1,2
MAGI2,1
MAGOH,5
MALT1,1
MAML1,4
MAML2,4
MAML3,4
MAMLD1,4
MAN1A1,1
MAN1A2,1
MAN1B1,5
MAN1C1,1
MAN2A1,1
MAN2A2,1
MANEA,1
MAOA,40
MAOB,31
MAP2K1,40
MAP2K2,5
MAP2K3,2
MAP2K4,2
MAP2K5,1
MAP2K6,3
MAP2K7,2
MAP3K1,1
MAP3K14,1
MAP3K3,1
MAP3K7,2
MAP3K8,1
MAPK1,126
MAPK10,34
MAPK11,7
MAPK12,4
MAPK13,3
MAPK14,400
MAPK3,40
MAPK7,3
MAPK8,5
MAPK9,2
MAPKAP1,3
MAPKAPK2,48
MAPKAPK3,3
MAPRE1,2
MAPT,3
MARCKS,1
MARS,1
MARS2,1
MASP1,1
MASP2,1
MASTL,2
MAT1A,4
MAT2A,1
MAT2B,1
MATK,1
MAU2,2
MAVS,1
MBD4,1
MBL2,2
MBOAT1,1
MBOAT2,1
MBOAT4,1
MBOAT7,1
MBTPS1,2
MBTPS2,4
MC1R,1
MC2R,2
MC3R,1
MC4R,1
MC5R,1
MCCC1,1
MCCC2,1
MCEE,1
MCF2,1
MCF2L,1
MCFD2,1
MCHR1,1
MCHR2,1
MCM10,3
MCM2,3
MCM3,3
MCM4,3
MCM5,3
MCM6,3
MCM7,3
MCM8,3
MCOLN1,1
MDC1,1
MDH1,3
MDH2,2
MDM2,50
ME1,2
MED1,3
MED10,2
MED11,1
MED12,4
MED13,2
MED13L,1
MED14,2
MED15,2
MED16,2
MED17,2
MED18,1
MED19,1
MED20,2
MED21,1
MED22,1
MED23,2
MED24,2
MED25,2
MED26,2
MED27,2
MED29,1
MED30,2
MED31,2
MED4,2
MED6,2
MED7,2
MED8,2
MED9,1
MEF2A,4
MEF2B,1
MEF2BNB-MEF2B,1
MEF2C,4
MEF2D,1
MEFV,1
MEN1,8
MERTK,1
MET,30
METTL3,2
MFAP1,1
MFAP2,1
MFAP3,1
MFAP4,1
MFAP5,1
MFGE8,1
MFN1,1
MFN2,1
MFNG,1
MGAM,3
MGAT1,1
MGAT2,1
MGAT3,1
MGAT4A,1
MGAT4B,1
MGAT4C,1
MGAT5,1
MGLL,3
MGRN1,1
MGST1,1
MGST2,1
MGST3,1
MIB1,2
MIB2,2
MICB,1
MINPP1,1
MIP,1
MIS12,2
MIS18A,1
MIS18BP1,1
MKNK1,2
MKRN1,1
MLEC,1
MLF1IP,2
MLH1,4
MLH3,1
MLLT4,1
MLN,1
MLNR,1
MLST8,3
MLX,1
MLXIPL,1
MMAA,2
MME,7
MMP1,18
MMP10,1
MMP11,1
MMP12,15
MMP13,14
MMP14,1
MMP15,1
MMP16,2
MMP17,1
MMP19,2
MMP2,18
MMP20,1
MMP24,1
MMP25,1
MMP3,44
MMP7,1
MMP8,15
MMP9,36
MMRN1,1
MMS19,1
MNAT1,6
MOB1A,1
MOB1B,1
MOCOS,1
MOCS1,1
MOCS2,2
MOCS3,1
MOGS,1
MOV10,3
MPC1,1
MPC2,1
MPG,1
MPI,1
MPL,1
MPP5,1
MRC1,1
MRC2,1
MRE11A,4
MRI1,1
MRVI1,1
MSH4,1
MSH5,1
MSMO1,1
MSN,1
MST4,1
MT2A,1
MTAP,5
MTERF,2
MTHFD1,5
MTHFR,6
MTM1,1
MTMR1,1
MTMR14,1
MTMR2,1
MTMR3,1
MTMR4,2
MTMR6,1
MTMR7,1
MTNR1A,3
MTNR1B,3
MTOR,3
MTR,4
MTRR,6
MTTP,2
MTX1,1
MTX2,1
MUC1,1
MUC13,1
MUC15,1
MUC16,1
MUC17,1
MUC2,1
MUC20,1
MUC21,1
MUC4,1
MUC5B,1
MUC6,1
MUC7,1
MUCL1,1
MUT,2
MUTYH,1
MVD,1
MVK,1
MX1,1
MX2,1
MYB,1
MYBL2,1
MYBPC1,1
MYBPC2,1
MYBPC3,2
MYC,39
MYD88,2
MYF5,1
MYF6,1
MYH10,1
MYH11,2
MYH14,1
MYH2,2
MYH3,1
MYH4,1
MYH6,2
MYH8,2
MYH9,6
MYL1,1
MYL12B,2
MYL2,1
MYL3,1
MYL4,1
MYL6,2
MYL6B,1
MYL9,2
MYLK,1
MYO10,2
MYO18A,1
MYO1C,2
MYO5A,3
MYO5B,1
MYO6,4
MYO9A,1
MYO9B,2
MYOD1,1
MYOG,1
NADK,1
NADSYN1,1
NAGLU,2
NAGS,1
NALCN,1
NAMPT,2
NAPA,1
NAPEPLD,1
NAPRT1,1
NARFL,1
NARS,1
NARS2,1
NAT1,1
NAT2,1
NBN,2
NCALD,1
NCAM1,2
NCAN,3
NCAPD2,2
NCAPG,2
NCAPH,2
NCBP1,6
NCBP2,6
NCF1,2
NCF2,2
NCF4,2
NCK1,4
NCK2,3
NCKAP1,1
NCKIPSD,1
NCOA1,2
NCOA2,2
NCOA3,1
NCOA6,1
NCOR1,6
NCOR2,5
NCR2,1
NCSTN,3
ND1,1
ND2,1
ND3,1
ND4,1
ND4L,1
ND5,1
ND6,1
NDC80,2
NDE1,2
NDEL1,2
NDOR1,1
NDST1,2
NDST2,2
NDST3,2
NDST4,2
NDUFA1,1
NDUFA10,1
NDUFA11,1
NDUFA12,1
NDUFA13,1
NDUFA2,1
NDUFA3,1
NDUFA4,1
NDUFA5,1
NDUFA6,1
NDUFA7,1
NDUFA8,1
NDUFA9,1
NDUFAB1,1
NDUFB1,1
NDUFB10,1
NDUFB11,1
NDUFB2,1
NDUFB3,1
NDUFB4,1
NDUFB5,1
NDUFB6,1
NDUFB7,1
NDUFB8,1
NDUFB9,1
NDUFC1,1
NDUFC2,2
NDUFS1,1
NDUFS2,1
NDUFS3,1
NDUFS4,1
NDUFS5,1
NDUFS6,1
NDUFS7,1
NDUFS8,1
NDUFV1,1
NDUFV2,1
NDUFV3,1
NEB,2
NECAP1,1
NEDD1,1
NEDD4,2
NEDD4L,4
NEFL,1
NEK2,2
NEK6,2
NEK7,2
NEK9,2
NELFA,4
NELFB,4
NELFCD,4
NELFE,4
NEO1,1
NET1,1
NEU1,3
NEU2,1
NEU4,1
NEURL,2
NEURL1B,2
NEUROD1,1
NEUROG3,1
NFASC,1
NFATC1,1
NFATC2,1
NFATC3,1
NFE2,1
NFKB1,9
NFKB2,2
NFKBIA,6
NFKBIB,2
NFKBIE,1
NFS1,3
NFYA,1
NFYB,1
NFYC,1
NGEF,1
NGF,1
NGFR,1
NGFRAP1,1
NHP2L1,2
NINL,1
NIPBL,2
NKX2-2,1
NKX6-1,1
NLRC4,1
NLRC5,1
NLRP1,1
NLRP3,1
NLRX1,1
NMB,1
NMBR,1
NME1,1
NME1-NME2,1
NME2,1
NME4,1
NMNAT1,3
NMNAT2,1
NMNAT3,4
NMS,1
NMT1,2
NMT2,1
NMU,1
NMUR1,1
NMUR2,1
NNMT,1
NNT,3
NOD1,2
NOD2,4
NODAL,1
NOG,4
NOP56,1
NOS1,50
NOS2,78
NOS3,123
NOSIP,1
NOSTRIN,1
NOTCH1,12
NOTCH2,15
NOTCH3,5
NOTCH4,5
NPAS2,2
NPB,1
NPBWR1,1
NPBWR2,1
NPC1L1,1
NPEPPS,1
NPFF,1
NPFFR1,1
NPFFR2,1
NPHP4,2
NPHS1,1
NPHS2,1
NPM1,2
NPPA,2
NPS,1
NPSR1,1
NPW,1
NPY,1
NPY1R,1
NPY2R,1
NPY4R,1
NPY5R,1
NQO1,11
NR0B1,4
NR0B2,1
NR1D1,2
NR1D2,1
NR1H2,4
NR1H3,1
NR1H4,3
NR1I2,10
NR1I3,1
NR2C1,1
NR2C2,1
NR2C2AP,1
NR2E1,1
NR2E3,2
NR2F1,1
NR2F6,1
NR3C1,39
NR3C2,22
NR4A1,4
NR4A2,1
NR4A3,1
NR5A1,2
NR5A2,2
NR6A1,1
NRAS,45
NRBF2,1
NRBP1,1
NRCAM,1
NRF1,1
NRG1,3
NRG2,3
NRG3,3
NRG4,3
NRP1,2
NRP2,2
NRTN,1
NSDHL,2
NSF,1
NSL1,2
NT5C,1
NT5C1A,1
NT5C1B,1
NT5C1B-RDH14,1
NT5C2,2
NT5C3A,1
NT5E,1
NT5M,2
NTHL1,1
NTN1,2
NTN3,1
NTN4,1
NTRK1,6
NTRK2,1
NTS,1
NTSR1,1
NTSR2,1
NUBP1,1
NUBP2,1
NUDC,2
NUDT1,1
NUDT10,1
NUDT11,1
NUDT15,1
NUDT16,1
NUDT18,1
NUDT21,4
NUDT3,1
NUDT4,1
NUDT5,1
NUDT9,2
NUF2,2
NUMA1,1
NUMB,3
NUP107,6
NUP133,6
NUP153,4
NUP155,4
NUP160,6
NUP188,4
NUP205,4
NUP210,4
NUP214,6
NUP35,4
NUP37,6
NUP43,6
NUP50,4
NUP54,4
NUP62,4
NUP85,6
NUP88,4
NUP93,4
NUP98,6
NUPL1,4
NUPL2,4
NXF1,2
OAS1,1
OAS2,1
OAS3,1
OASL,1
OAT,4
OAZ1,1
OAZ2,1
OAZ3,1
OBSCN,1
OCLN,1
OCRL,6
ODAM,1
ODC1,8
ODF2,1
OFD1,2
OGDH,1
OGG1,1
OGN,2
OIP5,1
OLR1,1
OMD,2
OMG,1
ONECUT1,1
ONECUT3,1
OPHN1,1
OPLAH,1
OPN1LW,4
OPN1MW,4
OPN1MW2,2
OPN1SW,2
OPN3,1
OPN4,1
OPN5,1
OPRD1,31
OPRK1,32
OPRL1,1
OPRM1,40
OPTN,2
OR10A2,1
OR10A3,1
OR10A4,1
OR10A5,1
OR10A6,1
OR10A7,1
OR10AD1,1
OR10AG1,1
OR10C1,1
OR10G2,1
OR10G3,1
OR10G4,1
OR10G7,1
OR10G8,1
OR10G9,1
OR10H1,1
OR10H2,1
OR10H3,1
OR10H4,1
OR10H5,1
OR10J1,1
OR10J3,1
OR10J5,1
OR10K1,1
OR10K2,1
OR10P1,1
OR10Q1,1
OR10R2,1
OR10S1,1
OR10T2,1
OR10V1,1
OR10W1,1
OR10X1,1
OR10Z1,1
OR11A1,1
OR11G2,1
OR14A16,1
OR14C36,1
OR14I1,1
OR14J1,1
OR1A1,1
OR1A2,1
OR1B1,1
OR1C1,1
OR1D2,1
OR1D5,1
OR1E1,1
OR1E2,1
OR1F1,1
OR1G1,1
OR1I1,1
OR1J1,1
OR1J2,1
OR1J4,1
OR1K1,1
OR1L1,1
OR1L3,1
OR1L4,1
OR1L6,1
OR1L8,1
OR1M1,1
OR1N1,1
OR1N2,1
OR1Q1,1
OR1S1,1
OR1S2,1
OR2A1,1
OR2A12,1
OR2A14,1
OR2A2,1
OR2A25,1
OR2A4,1
OR2A42,1
OR2A5,1
OR2AE1,1
OR2AG1,1
OR2AG2,1
OR2AK2,1
OR2AP1,1
OR2AT4,1
OR2B11,1
OR2B2,1
OR2B3,1
OR2B6,1
OR2C1,1
OR2C3,1
OR2D2,1
OR2D3,1
OR2F1,1
OR2F2,1
OR2G2,1
OR2G3,1
OR2G6,1
OR2H1,1
OR2H2,1
OR2J2,1
OR2J3,1
OR2K2,1
OR2L13,1
OR2L2,1
OR2L3,1
OR2L5,1
OR2L8,1
OR2M2,1
OR2M3,1
OR2M4,1
OR2M5,1
OR2M7,1
OR2S2,1
OR2T1,1
OR2T10,1
OR2T11,1
OR2T12,1
OR2T2,1
OR2T27,1
OR2T29,1
OR2T3,1
OR2T33,1
OR2T34,1
OR2T35,1
OR2T4,1
OR2T5,1
OR2T6,1
OR2T8,1
OR2V1,1
OR2V2,1
OR2W1,1
OR2W3,1
OR2W5,1
OR2Y1,1
OR2Z1,1
OR3A1,1
OR3A2,1
OR3A3,1
OR4A15,1
OR4A16,1
OR4A47,1
OR4A5,1
OR4B1,1
OR4C11,1
OR4C12,1
OR4C13,1
OR4C15,1
OR4C16,1
OR4C3,1
OR4C46,1
OR4C6,1
OR4D1,1
OR4D10,1
OR4D11,1
OR4D2,1
OR4D5,1
OR4D6,1
OR4D9,1
OR4E2,1
OR4F15,1
OR4F16,1
OR4F17,1
OR4F21,1
OR4F29,1
OR4F3,1
OR4F4,1
OR4F5,1
OR4F6,1
OR4K1,1
OR4K13,1
OR4K14,1
OR4K15,1
OR4K17,1
OR4K2,1
OR4K5,1
OR4L1,1
OR4M1,1
OR4M2,1
OR4N2,1
OR4N4,1
OR4N5,1
OR4P4,1
OR4Q3,1
OR4S1,1
OR4S2,1
OR4X1,1
OR4X2,1
OR51A2,1
OR51A4,1
OR51A7,1
OR51B2,1
OR51B4,1
OR51B5,1
OR51B6,1
OR51D1,1
OR51E1,1
OR51E2,1
OR51F2,1
OR51G1,1
OR51G2,1
OR51I1,1
OR51I2,1
OR51L1,1
OR51Q1,1
OR51S1,1
OR51T1,1
OR51V1,1
OR52A1,1
OR52A5,1
OR52B2,1
OR52B4,1
OR52B6,1
OR52D1,1
OR52E2,1
OR52E4,1
OR52E6,1
OR52E8,1
OR52H1,1
OR52I1,1
OR52I2,1
OR52J3,1
OR52K1,1
OR52K2,1
OR52L1,1
OR52M1,1
OR52N1,1
OR52N2,1
OR52N4,1
OR52N5,1
OR52R1,1
OR52W1,1
OR56A1,1
OR56A3,1
OR56A4,1
OR56A5,1
OR56B1,1
OR56B4,1
OR5A1,1
OR5A2,1
OR5AC2,1
OR5AK2,1
OR5AN1,1
OR5AP2,1
OR5AR1,1
OR5AS1,1
OR5AU1,1
OR5B12,1
OR5B17,1
OR5B2,1
OR5B21,1
OR5B3,1
OR5C1,1
OR5D13,1
OR5D14,1
OR5D16,1
OR5D18,1
OR5F1,1
OR5H1,1
OR5H14,1
OR5H15,1
OR5H2,1
OR5H6,1
OR5I1,1
OR5J2,1
OR5K1,1
OR5K2,1
OR5K3,1
OR5K4,1
OR5L1,1
OR5L2,1
OR5M1,1
OR5M10,1
OR5M11,1
OR5M3,1
OR5M8,1
OR5M9,1
OR5P2,1
OR5P3,1
OR5R1,1
OR5T1,1
OR5T2,1
OR5T3,1
OR5V1,1
OR5W2,1
OR6A2,1
OR6B1,1
OR6B2,1
OR6B3,1
OR6C1,1
OR6C2,1
OR6C3,1
OR6C4,1
OR6C6,1
OR6C65,1
OR6C68,1
OR6C70,1
OR6C74,1
OR6C75,1
OR6C76,1
OR6F1,1
OR6K2,1
OR6K3,1
OR6K6,1
OR6M1,1
OR6N1,1
OR6N2,1
OR6P1,1
OR6Q1,1
OR6S1,1
OR6T1,1
OR6V1,1
OR6X1,1
OR6Y1,1
OR7A10,1
OR7A17,1
OR7A5,1
OR7C1,1
OR7C2,1
OR7D2,1
OR7D4,1
OR7E24,1
OR7G1,1
OR7G2,1
OR7G3,1
OR8A1,1
OR8B12,1
OR8B3,1
OR8B4,1
OR8B8,1
OR8D1,1
OR8D2,1
OR8D4,1
OR8G5,1
OR8H1,1
OR8H2,1
OR8H3,1
OR8I2,1
OR8J1,1
OR8J3,1
OR8K1,1
OR8K3,1
OR8K5,1
OR8S1,1
OR8U1,1
OR9A2,1
OR9A4,1
OR9G1,1
OR9G4,1
OR9I1,1
OR9K2,1
OR9Q1,1
OR9Q2,1
ORAI1,2
ORC1,3
ORC2,3
ORC3,3
ORC4,3
ORC5,3
ORC6,3
OSBPL1A,1
OSTM1,1
OTC,5
OTUD5,1
OXCT1,1
OXER1,1
OXT,1
OXTR,2
P2RX1,1
P2RX7,1
P2RY1,2
P2RY10,1
P2RY11,1
P2RY12,12
P2RY13,1
P2RY14,1
P2RY2,1
P2RY4,1
P2RY6,1
P4HB,2
PABPC1,4
PABPN1,5
PACS1,1
PAFAH1B1,2
PAG1,3
PAH,20
PAICS,1
PAIP1,2
PAK1,3
PAK2,4
PAK3,1
PAK4,1
PAK6,1
PAK7,1
PALB2,1
PAM16,1
PAN2,2
PAN3,2
PANK1,1
PANK2,2
PANK3,1
PANK4,1
PANX1,2
PANX2,1
PAOX,1
PAPOLA,4
PAPPA,1
PAPPA2,1
PAPSS1,1
PAPSS2,1
PARD3,2
PARD6A,2
PARD6B,1
PARD6G,1
PARK2,1
PARN,2
PARP1,24
PARS2,1
PARVA,1
PARVB,1
PATL1,2
PAX4,1
PC,3
PCBD1,1
PCBP1,2
PCBP2,3
PCCA,1
PCCB,2
PCF11,4
PCK1,8
PCK2,1
PCM1,1
PCNA,3
PCNT,2
PCOLCE,1
PCSK1,1
PCSK2,1
PCSK5,1
PCSK6,2
PCYT1A,1
PCYT1B,1
PCYT2,1
PDCD1,1
PDCD1LG2,1
PDE10A,20
PDE11A,2
PDE1A,4
PDE1B,4
PDE1C,3
PDE2A,2
PDE3A,22
PDE3B,9
PDE4A,15
PDE4B,26
PDE4C,1
PDE4D,21
PDE5A,13
PDE6A,1
PDE6B,2
PDE6G,1
PDE7A,4
PDE7B,2
PDE8A,1
PDE8B,1
PDE9A,1
PDGFA,8
PDGFB,8
PDGFC,1
PDGFD,1
PDGFRA,18
PDGFRB,21
PDHA1,1
PDHB,2
PDHX,1
PDIA3,2
PDIA5,1
PDIA6,1
PDK1,1
PDK2,1
PDK3,1
PDK4,1
PDP1,1
PDP2,1
PDPK1,65
PDPR,1
PDS5A,2
PDS5B,2
PDSS1,1
PDSS2,1
PDX1,3
PDXK,6
PDYN,1
PECAM1,2
PELI1,1
PELI2,1
PELI3,1
PEMT,1
PENK,1
PER1,1
PER2,1
PEX11A,1
PEX19,1
PEX3,1
PF4,2
PFAS,1
PFDN1,1
PFDN2,1
PFDN4,1
PFDN5,1
PFDN6,1
PFKFB1,5
PFKFB2,1
PFKFB3,1
PFKFB4,1
PFKL,1
PFKM,1
PFKP,1
PFN1,2
PFN2,1
PGAM1,1
PGAM2,1
PGAP1,1
PGD,1
PGF,1
PGK1,1
PGLS,1
PGM1,1
PGM2,1
PGM3,1
PGR,36
PGS1,1
PHAX,2
PHF21A,1
PHF5A,2
PHGDH,1
PHKA1,1
PHKA2,1
PHKB,1
PHKG1,1
PHKG2,1
PHLPP1,3
PHLPP2,3
PHOSPHO1,1
PHYH,1
PI4K2A,1
PI4K2B,1
PI4KA,1
PI4KB,1
PIAS1,1
PICALM,1
PICK1,1
PIGA,1
PIGB,1
PIGC,1
PIGF,1
PIGG,1
PIGH,1
PIGK,1
PIGL,1
PIGM,1
PIGN,1
PIGO,1
PIGP,1
PIGQ,1
PIGS,1
PIGT,1
PIGU,1
PIGV,1
PIGW,1
PIGX,1
PIK3AP1,1
PIK3C2A,2
PIK3C2B,1
PIK3C2G,1
PIK3C3,3
PIK3CA,6
PIK3CB,6
PIK3CD,4
PIK3CG,36
PIK3R1,12
PIK3R2,6
PIK3R3,5
PIK3R4,3
PIK3R5,3
PIK3R6,3
PIKFYVE,1
PIN1,1
PIP4K2A,1
PIP4K2B,1
PIP5K1A,1
PIP5K1B,1
PIP5K1C,2
PISD,1
PITPNA,2
PITPNB,1
PJA1,1
PJA2,1
PKLR,6
PKM,6
PKMYT1,1
PKP1,1
PLA2G10,1
PLA2G12A,1
PLA2G16,1
PLA2G1B,1
PLA2G2A,14
PLA2G2D,1
PLA2G2E,1
PLA2G2F,1
PLA2G3,1
PLA2G4A,9
PLA2G4B,2
PLA2G4C,1
PLA2G4D,1
PLA2G4E,1
PLA2G4F,1
PLA2G5,1
PLA2G6,4
PLA2G7,1
PLAT,12
PLAU,33
PLAUR,10
PLB1,3
PLBD1,1
PLCB1,3
PLCB2,3
PLCB3,3
PLCB4,2
PLCD1,1
PLCD3,1
PLCE1,1
PLCG1,6
PLCG2,4
PLCH1,1
PLCH2,1
PLCZ1,1
PLD1,2
PLD2,2
PLD3,2
PLD4,2
PLD6,1
PLEC,6
PLEK,1
PLEKHG2,1
PLEKHG5,1
PLG,40
PLIN1,2
PLIN2,1
PLK1,2
PLK4,1
PLOD1,4
PLOD2,1
PLOD3,1
PLXNA1,1
PLXNA2,1
PLXNA3,1
PLXNA4,1
PLXNB1,2
PLXNB3,1
PLXNC1,1
PLXND1,1
PMAIP1,1
PMCH,1
PMEPA1,1
PMF1,2
PMF1-BGLAP,2
PML,1
PMM1,1
PMM2,1
PMPCA,1
PMPCB,1
PMVK,1
PNLIP,9
PNLIPRP2,1
PNMT,14
PNOC,1
PNP,19
PNPLA2,1
PNPLA3,1
PNPLA8,1
PNPO,3
POC1B-GALNT4,1
POFUT1,1
POGLUT1,1
POLA1,12
POLA2,3
POLB,3
POLD1,4
POLD2,3
POLD3,3
POLD4,3
POLE,4
POLE2,4
POLH,1
POLR1A,2
POLR1B,2
POLR1C,2
POLR1D,2
POLR2A,6
POLR2B,6
POLR2C,6
POLR2D,6
POLR2E,6
POLR2F,6
POLR2G,6
POLR2H,6
POLR2I,6
POLR2J,6
POLR2K,6
POLR2L,6
POLR3A,2
POLR3B,2
POLR3C,2
POLR3D,2
POLR3E,2
POLR3F,2
POLR3G,2
POLR3GL,2
POLR3H,2
POLR3K,2
POLRMT,2
POM121,4
POMC,6
POT1,2
POU2F1,2
PPA1,2
PPA2,2
PPAP2A,1
PPAP2B,1
PPAP2C,1
PPAPDC1A,1
PPAPDC1B,1
PPARA,24
PPARD,10
PPARG,228
PPARGC1A,2
PPARGC1B,1
PPAT,1
PPBP,2
PPCDC,1
PPCS,1
PPIA,10
PPIB,1
PPIL2,1
PPIP5K1,1
PPIP5K2,1
PPM1A,2
PPM1B,1
PPM1L,1
PPOX,1
PPP1CA,2
PPP1CB,3
PPP1CC,16
PPP1R12A,1
PPP1R12B,1
PPP1R15A,1
PPP1R1B,1
PPP2CA,10
PPP2CB,8
PPP2R1A,10
PPP2R1B,7
PPP2R2A,4
PPP2R2D,2
PPP2R3B,1
PPP2R5A,5
PPP2R5B,6
PPP2R5C,5
PPP2R5D,7
PPP2R5E,5
PPP3CA,2
PPP3CB,2
PPP3CC,2
PPP3R1,3
PPY,1
PRCP,1
PRDM4,1
PRDM9,1
PREB,2
PRELP,2
PRIM1,3
PRIM2,3
PRKAA1,3
PRKAA2,3
PRKAB1,4
PRKAB2,3
PRKACA,7
PRKACB,7
PRKACG,6
PRKAG1,2
PRKAG2,3
PRKAG3,2
PRKAR1A,6
PRKAR1B,6
PRKAR2A,6
PRKAR2B,7
PRKCA,24
PRKCB,8
PRKCD,7
PRKCE,4
PRKCG,5
PRKCH,2
PRKCI,2
PRKCQ,15
PRKCSH,2
PRKCZ,2
PRKD1,1
PRKDC,1
PRKG1,2
PRKG2,2
PRKRA,1
PRL,3
PRLH,1
PRLHR,1
PRLR,4
PRMT5,2
PRNP,1
PROC,4
PRODH,1
PROK1,1
PROK2,1
PROKR1,1
PROKR2,1
PROS1,9
PROZ,1
PRPF4,2
PRPF6,2
PRPF8,2
PRPS1,3
PRPS1L1,1
PRPS2,1
PRSS1,101
PRSS2,2
PRSS3,8
PSAP,6
PSAT1,2
PSEN2,3
PSENEN,3
PSIP1,1
PSMA1,12
PSMA2,12
PSMA3,12
PSMA4,12
PSMA5,12
PSMA6,12
PSMA7,12
PSMA8,12
PSMB1,12
PSMB10,12
PSMB11,12
PSMB2,12
PSMB3,12
PSMB4,12
PSMB5,12
PSMB6,12
PSMB7,12
PSMB8,12
PSMB9,12
PSMC1,12
PSMC2,12
PSMC3,12
PSMC4,12
PSMC5,12
PSMC6,12
PSMD1,12
PSMD10,12
PSMD11,12
PSMD12,12
PSMD13,12
PSMD14,12
PSMD2,12
PSMD3,12
PSMD4,12
PSMD5,12
PSMD6,12
PSMD7,12
PSMD8,12
PSMD9,12
PSME1,12
PSME2,12
PSME3,12
PSME4,12
PSMF1,12
PSPH,1
PSPN,1
PSTPIP1,1
PTAFR,2
PTBP1,2
PTCH1,3
PTCH2,1
PTDSS1,1
PTDSS2,1
PTEN,32
PTF1A,1
PTGDR,1
PTGDR2,1
PTGDS,1
PTGER1,6
PTGER2,3
PTGER3,1
PTGER4,1
PTGES,1
PTGES3,1
PTGFR,5
PTGIR,8
PTGIS,3
PTGR1,1
PTGS1,66
PTGS2,168
PTH,1
PTH1R,4
PTH2,1
PTH2R,1
PTHLH,1
PTK2,6
PTK2B,6
PTPN1,165
PTPN11,12
PTPN2,1
PTPN6,4
PTPRA,1
PTPRC,2
PTPRU,1
PTRF,2
PTS,1
PTTG1,2
PUM1,1
PVR,2
PVRL1,1
PVRL2,2
PVRL3,1
PVRL4,1
PXN,4
PYCARD,1
PYCR1,2
PYGB,1
PYGL,13
PYGM,50
PYY,1
QARS,1
QDPR,3
QPRT,1
QRFP,1
QRFPR,1
RAB10,1
RAB11A,1
RAB11FIP2,1
RAB13,1
RAB14,1
RAB1A,2
RAB1B,2
RAB27A,1
RAB2A,2
RAB3A,1
RAB4A,1
RAB5A,1
RAB5C,1
RAB7A,1
RAB8A,2
RAC1,6
RAC2,3
RAC3,1
RACGAP1,3
RAD1,1
RAD17,1
RAD21,3
RAD23B,1
RAD50,2
RAD51,2
RAD51B,1
RAD51C,1
RAD52,1
RAD9A,1
RAD9B,1
RAE1,4
RAET1E,1
RAF1,14
RALA,2
RALB,1
RALBP1,1
RALGAPA2,1
RALGAPB,1
RALGDS,1
RAMP1,1
RAMP2,1
RAMP3,1
RAN,3
RANBP1,1
RANBP2,6
RANBP9,1
RANGAP1,2
RAP1A,4
RAP1B,4
RAP1GAP,1
RAP1GAP2,1
RAPGEF1,2
RAPGEF4,4
RARA,14
RARB,14
RARG,13
RARS,1
RARS2,1
RASA1,1
RASGRF1,1
RASGRF2,2
RASGRP1,3
RASGRP2,3
RASGRP3,1
RB1,16
RBBP4,1
RBBP7,1
RBBP8,1
RBCK1,1
RBL1,3
RBL2,1
RBM5,2
RBM8A,5
RBMX,2
RBP1,4
RBP2,2
RBP3,2
RBP4,2
RBPJ,4
RBX1,4
RCC1,1
RCC2,2
RCHY1,1
RCOR1,1
RDH10,2
RDH11,2
RDH12,2
RDH5,4
RDH8,2
RDX,1
REC8,2
REL,1
RELA,3
REN,36
REV1,1
RFC1,3
RFC2,3
RFC3,3
RFC4,3
RFC5,3
RFK,3
RFNG,1
RFT1,1
RFWD2,1
RGL1,1
RGMA,1
RGMB,1
RGR,1
RHAG,3
RHBG,2
RHCG,2
RHEB,1
RHO,84
RHOA,3
RHOB,3
RHOBTB1,1
RHOBTB2,1
RHOC,2
RHOD,1
RHOF,1
RHOG,3
RHOH,1
RHOJ,1
RHOQ,1
RHOT1,1
RHOT2,1
RHOU,1
RHOV,1
RICTOR,3
RILP,1
RIMS1,1
RIPK1,2
RIPK2,3
RIPK3,1
RIT1,1
RIT2,1
RLBP1,4
RLN2,1
RLN3,1
RNASEL,1
RND1,1
RNF103-CHMP3,1
RNF111,3
RNF123,1
RNF125,1
RNF135,1
RNF138,1
RNF144B,1
RNF182,1
RNF19B,1
RNF220,1
RNF25,1
RNF34,1
RNF4,1
RNF41,2
RNF6,1
RNGTT,4
RNMT,4
RNPS1,5
ROBO1,1
ROBO2,1
ROBO3,1
ROCK1,12
ROCK2,2
RORA,2
RORC,1
RPA1,5
RPA2,5
RPA3,5
RPA4,3
RPE,1
RPE65,4
RPIA,1
RPL10,5
RPL10A,5
RPL11,5
RPL12,5
RPL13,5
RPL13A,5
RPL14,5
RPL15,5
RPL17,5
RPL18,5
RPL18A,5
RPL19,5
RPL21,5
RPL22,5
RPL23,5
RPL23A,5
RPL24,5
RPL26,5
RPL26L1,5
RPL27,5
RPL27A,5
RPL28,5
RPL29,5
RPL3,5
RPL30,5
RPL31,5
RPL32,5
RPL34,5
RPL35,5
RPL35A,5
RPL36,5
RPL36A,5
RPL37,5
RPL37A,5
RPL38,5
RPL39,5
RPL3L,5
RPL4,5
RPL41,5
RPL5,5
RPL6,5
RPL7,5
RPL7A,5
RPL8,5
RPL9,5
RPLP0,5
RPLP1,5
RPLP2,5
RPN1,2
RPN2,2
RPS10,5
RPS11,5
RPS12,5
RPS13,5
RPS14,5
RPS15,5
RPS15A,5
RPS16,5
RPS17,5
RPS17L,5
RPS18,5
RPS19,5
RPS2,5
RPS20,5
RPS21,5
RPS23,5
RPS24,5
RPS25,5
RPS26,5
RPS27,7
RPS27A,22
RPS28,5
RPS29,5
RPS3,5
RPS3A,5
RPS4X,5
RPS4Y1,5
RPS5,5
RPS6,6
RPS6KA1,5
RPS6KA2,5
RPS6KA3,10
RPS6KA4,1
RPS6KA5,4
RPS6KA6,2
RPS6KB1,1
RPS6KB2,3
RPS7,5
RPS8,5
RPS9,5
RPSA,5
RPTOR,1
RQCD1,2
RRAS,2
RRH,1
RRM1,5
RRM2,2
RRM2B,1
RRN3,2
RSF1,1
RSU1,1
RTEL1,1
RTN4,1
RTN4R,1
RUNX2,1
RUVBL1,1
RXFP1,1
RXFP2,1
RXFP3,1
RXFP4,1
RXRA,33
RXRB,11
RXRG,6
RYR1,3
RYR2,2
RYR3,1
S100A12,2
S100B,10
S1PR1,1
S1PR2,1
S1PR3,1
S1PR4,1
S1PR5,1
SAA1,3
SACM1L,1
SAMM50,1
SAR1B,4
SARM1,1
SARS,1
SARS2,1
SAT1,1
SATB1,1
SAV1,1
SC5D,1
SCAP,1
SCARB1,1
SCG3,1
SCN1A,16
SCN1B,2
SCN2A,1
SCN2B,1
SCN3A,1
SCN3B,1
SCN4A,5
SCN5A,145
SCN7A,1
SCN8A,1
SCN9A,20
SCNN1A,4
SCNN1B,6
SCNN1D,2
SCNN1G,6
SCP2,2
SCT,1
SCTR,1
SDC1,3
SDC2,3
SDC3,3
SDC4,3
SDCBP,1
SDCCAG8,1
SDHA,10
SDHB,1
SDHC,1
SDHD,1
SEC11A,2
SEC11C,2
SEC13,5
SEC23A,4
SEC24A,4
SEC24B,4
SEC24C,6
SEC24D,4
SEC31A,3
SEC61A1,3
SEC61A2,3
SEC61B,3
SEC61G,3
SEH1L,6
SELL,2
SELP,4
SELPLG,1
SEMA3A,1
SEMA3E,1
SEMA4A,2
SEMA4D,1
SEMA5A,1
SEMA6A,1
SEMA6D,1
SEMA7A,1
SEMG1,1
SERP1,1
SERPINA1,2
SERPINB2,2
SERPINB6,1
SERPINB8,1
SERPINC1,10
SERPINE1,28
SERPINF2,1
SERPING1,2
SERPINH1,1
SET,2
SF3A1,2
SF3A2,2
SF3A3,2
SF3B1,2
SF3B14,2
SF3B2,2
SF3B3,2
SF3B4,2
SF3B5,2
SFI1,1
SFN,2
SFTPA1,1
SFTPA2,1
SFTPD,1
SGK1,1
SGK2,1
SGK3,1
SGMS1,1
SGMS2,1
SGOL1,2
SGOL2,2
SGPL1,1
SGPP1,1
SGPP2,1
SGSH,2
SH2B1,3
SH2B2,2
SH2B3,2
SH3D19,1
SH3GL2,5
SH3KBP1,3
SHC1,5
SHC2,1
SHC3,1
SHMT1,7
SI,2
SIAH1,1
SIAH2,1
SIGLEC14,1
SIGLEC15,1
SIKE1,1
SIN3A,2
SIN3B,1
SIPA1,1
SIRPA,2
SIRPB1,2
SIRPG,2
SKA1,2
SKA2,2
SKAP2,1
SKI,2
SKIL,2
SKIV2L,1
SKP1,5
SKP2,2
SLBP,4
SLC10A1,1
SLC10A2,1
SLC10A6,2
SLC11A1,2
SLC11A2,1
SLC12A1,12
SLC12A2,3
SLC12A3,8
SLC12A4,2
SLC12A5,2
SLC12A6,1
SLC12A7,1
SLC13A1,2
SLC13A2,2
SLC13A3,2
SLC13A4,2
SLC13A5,2
SLC14A1,2
SLC14A2,2
SLC15A1,2
SLC15A2,2
SLC15A3,2
SLC15A4,2
SLC16A1,4
SLC16A10,2
SLC16A3,4
SLC16A7,2
SLC16A8,4
SLC17A1,2
SLC17A3,1
SLC17A5,2
SLC17A6,2
SLC17A7,3
SLC17A8,2
SLC18A1,2
SLC18A2,45
SLC18A3,1
SLC19A1,1
SLC19A2,1
SLC19A3,1
SLC1A1,6
SLC1A2,3
SLC1A3,3
SLC1A4,2
SLC1A5,2
SLC1A6,3
SLC1A7,3
SLC20A1,1
SLC20A2,1
SLC22A1,4
SLC22A11,1
SLC22A12,1
SLC22A15,1
SLC22A16,1
SLC22A18,1
SLC22A2,4
SLC22A3,2
SLC22A4,1
SLC22A5,2
SLC22A6,1
SLC22A7,1
SLC22A8,1
SLC23A1,1
SLC23A2,1
SLC24A1,1
SLC24A2,1
SLC24A3,1
SLC24A4,1
SLC24A5,1
SLC24A6,1
SLC25A1,1
SLC25A10,3
SLC25A11,1
SLC25A12,2
SLC25A13,2
SLC25A15,1
SLC25A16,1
SLC25A17,1
SLC25A2,1
SLC25A20,1
SLC25A21,1
SLC25A28,1
SLC25A32,1
SLC25A37,1
SLC25A4,18
SLC25A5,2
SLC25A6,3
SLC26A1,1
SLC26A2,2
SLC26A3,1
SLC26A4,2
SLC26A6,1
SLC26A7,1
SLC26A9,1
SLC27A1,2
SLC27A2,1
SLC27A4,1
SLC27A5,1
SLC27A6,1
SLC28A1,1
SLC28A2,1
SLC28A3,1
SLC29A1,1
SLC29A2,1
SLC29A3,1
SLC29A4,1
SLC2A1,4
SLC2A10,1
SLC2A11,1
SLC2A12,1
SLC2A13,1
SLC2A2,3
SLC2A3,2
SLC2A4,4
SLC2A5,2
SLC2A6,1
SLC2A7,1
SLC2A8,1
SLC2A9,1
SLC30A1,1
SLC30A2,1
SLC30A3,1
SLC30A5,2
SLC30A6,2
SLC30A7,2
SLC30A8,1
SLC31A1,1
SLC32A1,3
SLC33A1,1
SLC34A1,1
SLC34A2,1
SLC34A3,1
SLC35A1,1
SLC35A2,1
SLC35A3,1
SLC35B2,1
SLC35B4,1
SLC35C1,2
SLC35D1,2
SLC35D2,1
SLC36A1,4
SLC36A2,2
SLC37A4,2
SLC38A1,3
SLC38A2,3
SLC38A3,4
SLC38A4,2
SLC38A5,2
SLC39A1,1
SLC39A10,1
SLC39A14,1
SLC39A2,1
SLC39A3,1
SLC39A4,1
SLC39A5,1
SLC39A6,1
SLC39A7,1
SLC39A8,1
SLC3A1,2
SLC3A2,3
SLC40A1,1
SLC41A1,1
SLC41A2,1
SLC43A1,2
SLC43A2,2
SLC44A1,3
SLC44A2,3
SLC44A3,3
SLC44A4,3
SLC44A5,3
SLC46A1,2
SLC47A1,2
SLC47A2,2
SLC4A1,8
SLC4A10,1
SLC4A2,1
SLC4A3,1
SLC4A4,1
SLC4A5,1
SLC4A7,1
SLC4A8,1
SLC4A9,1
SLC5A1,2
SLC5A11,1
SLC5A2,1
SLC5A3,1
SLC5A5,3
SLC5A6,4
SLC5A7,3
SLC5A8,2
SLC5A9,1
SLC6A1,3
SLC6A11,3
SLC6A12,4
SLC6A13,3
SLC6A14,3
SLC6A15,3
SLC6A18,3
SLC6A19,6
SLC6A2,98
SLC6A20,3
SLC6A3,102
SLC6A5,2
SLC6A6,3
SLC6A7,2
SLC6A8,3
SLC6A9,2
SLC7A1,6
SLC7A10,3
SLC7A11,12
SLC7A2,4
SLC7A3,6
SLC7A5,3
SLC7A6,3
SLC7A7,3
SLC7A8,6
SLC7A9,3
SLC8A1,4
SLC8A2,2
SLC8A3,2
SLC9A1,6
SLC9A2,1
SLC9A3,1
SLC9A4,1
SLC9A5,1
SLC9A6,1
SLC9A7,1
SLC9A8,1
SLC9A9,1
SLC9B1,1
SLC9B2,1
SLC9C1,1
SLC9C2,1
SLCO1A2,2
SLCO1B1,2
SLCO1B3,2
SLCO1C1,1
SLCO2A1,1
SLCO2B1,1
SLCO3A1,1
SLCO4A1,1
SLCO4C1,1
SLIT1,1
SLIT2,1
SLIT3,1
SMAD1,1
SMAD2,3
SMAD3,3
SMAD4,12
SMAD5,1
SMAD6,1
SMAD7,2
SMAD9,1
SMARCA5,1
SMARCD3,1
SMC1A,5
SMC1B,2
SMC2,2
SMC3,3
SMC4,2
SMG1,2
SMG5,2
SMG6,2
SMG7,2
SMG8,2
SMG9,2
SMN1,2
SMN2,2
SMO,1
SMOX,1
SMPD1,1
SMPD2,2
SMPD3,1
SMPD4,1
SMS,1
SMUG1,1
SMURF1,2
SMURF2,3
SNAP23,1
SNAP25,3
SNAPC1,2
SNAPC2,2
SNAPC3,2
SNAPC4,2
SNAPC5,2
SNAPIN,1
SNCA,2
SNF8,1
SNRNP200,2
SNRNP40,2
SNRNP70,2
SNRPA,2
SNRPA1,2
SNRPB,5
SNRPB2,2
SNRPD1,3
SNRPD2,3
SNRPD3,5
SNRPE,5
SNRPF,5
SNRPG,5
SNUPN,2
SNW1,4
SNX2,1
SNX5,1
SNX9,1
SOCS1,2
SOCS2,1
SOCS3,1
SOCS6,1
SOD1,1
SORBS1,1
SORBS3,1
SORT1,1
SOS1,5
SOS2,2
SP1,3
SP100,1
SPAG9,1
SPARC,1
SPC24,2
SPC25,2
SPCS1,2
SPCS2,2
SPCS3,2
SPDL1,2
SPHK1,2
SPHK2,1
SPN,1
SPO11,1
SPP1,1
SPR,4
SPRY1,2
SPRY2,2
SPSB1,1
SPSB2,1
SPSB4,1
SPTA1,2
SPTAN1,3
SPTB,2
SPTBN1,2
SPTBN2,2
SPTBN4,1
SPTBN5,1
SPTLC1,2
SPTLC2,2
SPTLC3,1
SQLE,3
SQRDL,1
SQSTM1,2
SRC,308
SRD5A1,6
SRD5A2,6
SRD5A3,2
SREBF1,3
SREBF2,5
SRGAP1,2
SRGAP2,2
SRGAP3,2
SRGN,1
SRM,1
SRP14,2
SRP19,2
SRP54,2
SRP68,2
SRP72,2
SRP9,2
SRPR,2
SRPRB,2
SRRM1,4
SRSF1,4
SRSF11,4
SRSF2,4
SRSF3,4
SRSF4,4
SRSF5,4
SRSF6,4
SRSF7,4
SRSF9,4
SSNA1,1
SSR1,2
SSR2,2
SSR3,2
SSR4,2
SSRP1,4
SST,1
SSTR1,2
SSTR2,1
SSTR3,1
SSTR4,1
SSTR5,1
ST3GAL1,3
ST3GAL2,3
ST3GAL3,4
ST3GAL4,4
ST3GAL6,3
ST6GAL1,1
ST6GALNAC2,1
ST6GALNAC3,1
ST6GALNAC4,1
ST8SIA2,2
ST8SIA3,1
ST8SIA4,1
ST8SIA6,1
STAB2,2
STAG1,3
STAG2,3
STAG3,2
STAM,3
STAM2,3
STAR,4
STARD13,1
STARD4,2
STARD5,2
STARD6,2
STARD8,1
STAT1,6
STAT2,1
STAT3,6
STAT5A,3
STAT5B,3
STAT6,1
STEAP3,1
STIM1,2
STIP1,1
STK11,4
STK24,1
STK3,1
STK4,1
STRA6,2
STRADA,1
STRADB,1
STRAP,1
STS,2
STT3A,1
STUB1,2
STX10,2
STX11,2
STX12,2
STX16,2
STX1A,4
STX1B,2
STX2,2
STX3,2
STX4,4
STX5,2
STX6,2
STX7,2
STX8,2
STXBP1,2
STXBP3,2
SUCLA2,1
SUCLG1,1
SUCLG2,1
SUGP1,2
SUGT1,1
SULT1A1,2
SULT1A2,1
SULT1A3,2
SULT1A4,2
SULT1B1,1
SULT1C2,1
SULT1C4,1
SULT1E1,4
SULT2A1,4
SULT2B1,4
SULT4A1,1
SUMF1,2
SUMF2,1
SUMO1,1
SUN1,2
SUN2,2
SUOX,1
SUPT16H,4
SUPT4H1,4
SUPT5H,5
SYCE1,2
SYCE2,2
SYCP1,2
SYCP2,2
SYCP3,2
SYDE1,1
SYDE2,1
SYK,15
SYN1,1
SYN3,1
SYNE1,4
SYNE2,2
SYNJ1,1
SYNJ2,1
SYT1,2
SYT2,2
SYT5,1
SYVN1,1
TAAR1,4
TAAR2,1
TAAR5,1
TAAR6,1
TAAR8,1
TAAR9,1
TAB1,2
TAB2,3
TAB3,2
TAC1,1
TAC3,1
TACR1,3
TACR2,1
TACR3,1
TAF1,3
TAF10,3
TAF11,3
TAF12,3
TAF13,3
TAF1A,2
TAF1B,2
TAF1C,2
TAF4,3
TAF4B,3
TAF5,3
TAF6,3
TAF9,3
TAGAP,1
TALDO1,1
TANK,1
TAOK1,2
TAP1,2
TAP2,2
TAPBP,1
TARBP2,1
TARS,1
TARS2,1
TAS1R1,1
TAS1R2,1
TAS1R3,1
TAT,4
TATDN2,1
TAX1BP1,1
TAZ,6
TBC1D1,1
TBC1D4,1
TBC1D8B,1
TBCA,1
TBCB,1
TBCC,1
TBCD,1
TBCE,2
TBK1,1
TBL1X,3
TBL1XR1,3
TBP,3
TBX5,1
TBXA2R,2
TBXAS1,2
TCAP,1
TCEA1,5
TCEB1,6
TCEB2,6
TCEB3,4
TCF12,1
TCF3,1
TCF4,1
TCIRG1,3
TCP1,1
TDG,1
TDGF1,1
TDO2,1
TDP1,1
TEAD1,1
TEAD2,1
TEAD3,1
TEAD4,1
TEC,2
TECR,1
TEK,1
TERF1,2
TERF2,2
TERF2IP,2
TERT,1
TESK1,1
TEX12,2
TF,2
TFAM,2
TFB2M,2
TFDP1,3
TFDP2,3
TFPI,2
TFRC,2
TGFB1,12
TGFB2,4
TGFB3,10
TGFBI,4
TGFBR1,2
TGFBR2,3
TGIF1,2
TGIF2,2
TGOLN2,1
TGS1,3
TH,6
THBD,2
THBS1,2
THBS2,1
THBS3,1
THBS4,1
THEM4,3
THPO,1
THRA,5
THRB,11
THTPA,1
TIAM1,1
TIAM2,2
TICAM1,1
TICAM2,1
TIMM10,1
TIMM10B,1
TIMM13,1
TIMM17A,1
TIMM17B,1
TIMM21,1
TIMM22,1
TIMM23,1
TIMM44,1
TIMM50,1
TIMM8A,1
TIMM8B,1
TIMM9,1
TIMP1,2
TIMP2,1
TINF2,2
TIRAP,1
TJP1,3
TJP2,2
TK1,2
TK2,2
TKT,1
TLE1,2
TLE2,2
TLE3,2
TLE4,2
TLL1,1
TLL2,1
TLN1,5
TLR10,1
TLR2,2
TLR3,1
TLR4,1
TLR5,1
TLR6,1
TLR7,2
TLR8,1
TLR9,4
TM7SF2,1
TMED7-TICAM2,1
TMEM173,1
TMEM189-UBE2V1,1
TMLHE,1
TMOD1,1
TMPO,2
TMSB4X,1
TNC,1
TNF,40
TNFAIP3,1
TNFRSF10B,1
TNFRSF14,1
TNFRSF1A,1
TNFRSF21,1
TNFSF10,1
TNFSF13,2
TNIP2,1
TNKS1BP1,2
TNNC1,8
TNNC2,1
TNNI1,1
TNNI2,1
TNNI3,1
TNNT1,1
TNNT2,2
TNNT3,1
TNPO1,2
TNRC6A,4
TNRC6B,4
TNRC6C,4
TOLLIP,1
TOMM20,1
TOMM22,1
TOMM40,1
TOMM5,1
TOMM6,1
TOMM7,1
TOMM70A,1
TOP2A,24
TOP3A,1
TP53,72
TP53BP1,1
TPCN1,1
TPCN2,1
TPD52,1
TPD52L1,1
TPH1,2
TPH2,1
TPI1,1
TPK1,2
TPM1,2
TPM2,3
TPM3,4
TPM4,1
TPMT,1
TPO,4
TPP1,2
TPP2,1
TPR,4
TPSAB1,1
TPTE2,1
TRADD,1
TRAF2,2
TRAF3,1
TRAF6,3
TRAM1,2
TRAT1,3
TRDN,1
TREH,1
TREM1,2
TREM2,2
TRH,1
TRHR,1
TRIB3,4
TRIM11,1
TRIM21,1
TRIM24,1
TRIM25,1
TRIM28,1
TRIM32,1
TRIM33,2
TRIM36,1
TRIM37,1
TRIM63,1
TRIM9,1
TRIO,2
TRIP10,1
TRIP12,1
TRPC1,2
TRPC3,3
TRPC4,1
TRPC5,1
TRPC6,3
TRPC7,3
TSC1,2
TSC2,6
TSC22D3,1
TSG101,2
TSHB,2
TSHR,1
TSPYL2,1
TST,1
TTF1,2
TTN,6
TTR,4
TTYH1,1
TTYH2,1
TTYH3,1
TUBA1A,42
TUBA1B,21
TUBA1C,21
TUBA3C,14
TUBA3D,7
TUBA4A,35
TUBB,7
TUBB1,49
TUBB2A,7
TUBB2B,7
TUBB3,21
TUBB4A,14
TUBB4B,28
TUBB6,7
TUBG1,1
TUBG2,1
TUBGCP2,1
TUBGCP3,1
TUBGCP4,1
TUBGCP5,1
TUBGCP6,1
TUSC3,1
TXN,2
TXNDC5,1
TXNIP,1
TXNL4A,2
TXNRD1,5
TYK2,1
TYMP,1
TYMS,36
TYROBP,3
U2AF1,4
U2AF2,4
UAP1,2
UBA1,1
UBA3,1
UBA5,1
UBA52,22
UBA6,1
UBA7,1
UBB,20
UBE2A,1
UBE2B,1
UBE2C,5
UBE2D1,8
UBE2D2,2
UBE2D3,4
UBE2D4,1
UBE2E1,5
UBE2E2,1
UBE2E3,1
UBE2F,1
UBE2G1,1
UBE2G2,1
UBE2H,1
UBE2I,2
UBE2J1,1
UBE2J2,1
UBE2K,1
UBE2L3,1
UBE2L6,1
UBE2M,1
UBE2N,1
UBE2O,1
UBE2Q1,1
UBE2Q2,1
UBE2R2,1
UBE2S,1
UBE2T,1
UBE2U,1
UBE2V1,1
UBE2V2,1
UBE2W,1
UBE2Z,1
UBE3A,1
UBE3B,1
UBE3C,1
UBE4A,1
UBOX5,1
UBR1,1
UBR2,1
UBR4,1
UBTF,2
UCHL5,1
UCK1,1
UCK2,6
UCP1,1
UCP2,1
UCP3,1
UGCG,1
UGDH,1
UGGT1,1
UGGT2,1
UGP2,1
UGT1A1,1
UGT1A3,1
UGT1A4,1
UGT1A5,1
UGT1A6,1
UGT1A7,1
UGT1A8,1
UGT1A9,1
UGT2A1,1
UGT2A2,1
UGT2B10,1
UGT2B11,1
UGT2B15,1
UGT2B17,1
UGT2B28,1
UGT2B4,1
UGT2B7,1
ULBP1,1
ULBP3,1
UMPS,1
UNC5A,2
UNC5B,2
UNC5C,1
UNC5D,1
UNC79,1
UNC80,1
UNC93B1,1
UPB1,1
UPF1,2
UPF2,2
UPF3A,2
UPF3B,5
UPP1,1
UPP2,1
UQCR10,1
UQCR11,1
UQCRB,1
UQCRC1,9
UQCRC2,1
UQCRFS1,1
UQCRH,1
UQCRQ,1
UROC1,1
UROD,2
UROS,1
USO1,2
USP1,1
USP11,1
USP15,1
USP18,1
USP8,1
USP9X,2
UST,2
UTS2,1
UTS2B,1
UTS2R,1
VAC14,1
VAMP1,2
VAMP2,5
VAMP7,1
VAMP8,1
VAPA,1
VAPB,2
VARS,1
VARS2,1
VASP,3
VAV1,4
VAV2,4
VAV3,3
VBP1,1
VCAM1,2
VCAN,2
VCL,2
VDAC1,1
VDR,28
VEGFA,30
VEGFB,2
VEGFC,2
VHL,6
VIM,2
VIP,1
VIPR1,1
VIPR2,1
VKORC1,6
VPRBP,1
VPS25,1
VPS28,2
VPS36,1
VPS37A,2
VPS37B,2
VPS37C,2
VPS37D,2
VPS45,1
VPS4A,1
VPS4B,1
VRK1,2
VRK2,2
VTA1,1
VTN,2
VWF,2
WAPAL,2
WARS,3
WARS2,1
WAS,3
WASF1,1
WASF2,1
WASF3,1
WASL,4
WBSCR17,1
WDR1,1
WDR77,2
WEE1,2
WFS1,2
WIPF1,1
WIPF2,1
WIPI1,1
WNT1,1
WNT10A,2
WNT10B,1
WNT11,1
WNT16,1
WNT2,1
WNT2B,1
WNT3,1
WNT3A,1
WNT4,3
WNT5A,1
WNT6,1
WNT7A,2
WNT7B,1
WNT8A,1
WNT8B,1
WNT9A,1
WNT9B,1
WSB1,1
WWC1,1
WWOX,1
WWP1,3
WWTR1,2
XAB2,1
XAF1,1
XBP1,1
XCL1,1
XCL2,1
XCR1,1
XDH,6
XIAP,2
XPA,1
XPC,1
XPO1,6
XPO5,1
XRCC1,1
XRCC4,2
XRCC5,2
XRCC6,2
XRN1,2
XRN2,1
YAP1,2
YARS,6
YARS2,1
YBX1,2
YES1,3
YIF1A,1
YIPF6,1
YWHAB,8
YWHAE,4
YWHAG,3
YWHAH,2
YWHAQ,2
YWHAZ,6
ZAP70,1
ZBP1,1
ZBTB16,2
ZBTB17,1
ZBTB32,1
ZDHHC21,1
ZFP1,1
ZFP112,1
ZFP2,1
ZFP28,1
ZFP36,2
ZFP36L1,2
ZFP37,1
ZFP69,1
ZFP69B,1
ZFP90,1
ZFPM1,1
ZFPM2,1
ZFYVE16,1
ZFYVE20,1
ZFYVE9,1
ZIK1,1
ZIM2,1
ZIM3,1
ZKSCAN1,1
ZKSCAN3,1
ZKSCAN4,1
ZKSCAN5,1
ZKSCAN7,1
ZKSCAN8,1
ZMYM2,1
ZNF10,1
ZNF100,1
ZNF101,1
ZNF114,1
ZNF12,1
ZNF124,1
ZNF133,1
ZNF135,1
ZNF136,1
ZNF138,1
ZNF14,1
ZNF140,1
ZNF141,1
ZNF143,2
ZNF154,1
ZNF155,1
ZNF157,1
ZNF160,1
ZNF169,1
ZNF17,1
ZNF175,1
ZNF18,1
ZNF180,1
ZNF184,1
ZNF189,1
ZNF19,1
ZNF195,1
ZNF197,1
ZNF2,1
ZNF20,1
ZNF200,1
ZNF202,1
ZNF205,1
ZNF211,1
ZNF212,1
ZNF213,1
ZNF214,1
ZNF215,1
ZNF221,1
ZNF222,1
ZNF223,1
ZNF224,1
ZNF225,1
ZNF226,1
ZNF227,1
ZNF23,1
ZNF230,1
ZNF233,1
ZNF234,1
ZNF235,1
ZNF248,1
ZNF25,1
ZNF250,1
ZNF253,1
ZNF254,1
ZNF256,1
ZNF257,1
ZNF26,1
ZNF263,1
ZNF264,1
ZNF266,1
ZNF267,1
ZNF268,1
ZNF273,1
ZNF274,1
ZNF28,1
ZNF282,1
ZNF285,1
ZNF286A,1
ZNF287,1
ZNF3,1
ZNF30,1
ZNF300,1
ZNF302,1
ZNF304,1
ZNF311,1
ZNF317,1
ZNF320,1
ZNF324,1
ZNF331,1
ZNF333,1
ZNF334,1
ZNF337,1
ZNF33A,1
ZNF33B,1
ZNF34,1
ZNF343,1
ZNF347,1
ZNF350,1
ZNF354A,1
ZNF354B,1
ZNF354C,1
ZNF37A,1
ZNF382,1
ZNF383,1
ZNF394,1
ZNF398,1
ZNF41,1
ZNF415,1
ZNF416,1
ZNF417,1
ZNF418,1
ZNF419,1
ZNF420,1
ZNF425,1
ZNF426,1
ZNF429,1
ZNF43,1
ZNF430,1
ZNF431,1
ZNF432,1
ZNF433,1
ZNF436,1
ZNF439,1
ZNF440,1
ZNF441,1
ZNF442,1
ZNF443,1
ZNF445,1
ZNF446,1
ZNF45,1
ZNF454,1
ZNF460,1
ZNF468,1
ZNF471,1
ZNF473,4
ZNF479,1
ZNF480,1
ZNF483,1
ZNF484,1
ZNF485,1
ZNF486,1
ZNF490,1
ZNF492,1
ZNF493,1
ZNF496,1
ZNF500,1
ZNF506,1
ZNF510,1
ZNF514,1
ZNF517,1
ZNF519,1
ZNF528,1
ZNF529,1
ZNF530,1
ZNF540,1
ZNF543,1
ZNF544,1
ZNF546,1
ZNF547,1
ZNF548,1
ZNF549,1
ZNF550,1
ZNF551,1
ZNF552,1
ZNF554,1
ZNF555,1
ZNF556,1
ZNF557,1
ZNF558,1
ZNF559,1
ZNF560,1
ZNF561,1
ZNF562,1
ZNF563,1
ZNF564,1
ZNF565,1
ZNF566,1
ZNF567,1
ZNF568,1
ZNF569,1
ZNF570,1
ZNF571,1
ZNF573,1
ZNF577,1
ZNF582,1
ZNF583,1
ZNF584,1
ZNF585A,1
ZNF585B,1
ZNF586,1
ZNF587,1
ZNF589,1
ZNF596,1
ZNF597,1
ZNF599,1
ZNF600,1
ZNF605,1
ZNF606,1
ZNF607,1
ZNF610,1
ZNF611,1
ZNF613,1
ZNF614,1
ZNF615,1
ZNF616,1
ZNF619,1
ZNF620,1
ZNF621,1
ZNF624,1
ZNF625,1
ZNF626,1
ZNF627,1
ZNF641,1
ZNF649,1
ZNF655,1
ZNF658,1
ZNF660,1
ZNF662,1
ZNF664,1
ZNF665,1
ZNF667,1
ZNF668,1
ZNF669,1
ZNF670,1
ZNF671,1
ZNF675,1
ZNF676,1
ZNF677,1
ZNF679,1
ZNF680,1
ZNF681,1
ZNF682,1
ZNF684,1
ZNF688,1
ZNF689,1
ZNF691,1
ZNF692,1
ZNF696,1
ZNF697,1
ZNF699,1
ZNF70,1
ZNF700,1
ZNF701,1
ZNF703,1
ZNF704,1
ZNF705A,1
ZNF705D,1
ZNF705G,1
ZNF706,1
ZNF707,1
ZNF708,1
ZNF709,1
ZNF71,1
ZNF710,1
ZNF711,1
ZNF713,1
ZNF714,1
ZNF716,1
ZNF718,1
ZNF720,1
ZNF721,1
ZNF727,1
ZNF730,1
ZNF732,1
ZNF735,1
ZNF736,1
ZNF737,1
ZNF74,1
ZNF740,1
ZNF746,1
ZNF747,1
ZNF749,1
ZNF750,1
ZNF75A,1
ZNF75D,1
ZNF77,1
ZNF770,1
ZNF771,1
ZNF772,1
ZNF773,1
ZNF774,1
ZNF775,1
ZNF776,1
ZNF777,1
ZNF778,1
ZNF79,1
ZNF790,1
ZNF791,1
ZNF792,1
ZNF793,1
ZNF799,1
ZNF804B,1
ZNF839,1
ZNF860,1
ZNF92,1
ZSCAN25,1
ZSCAN32,1
ZW10,2
ZWILCH,2
ZWINT,2
